{
"type": "FeatureCollection",
"name": "central_gbg",
"crs": { "type": "name", "properties": { "name": "urn:ogc:def:crs:EPSG::3006" } },
"features": [
{ "type": "Feature", "properties": { "B_ID": 447.0 }, "geometry": { "type": "MultiPolygon", "coordinates": [ [ [ [ 318773.306007999985013, 6399602.03901799954474 ], [ 318767.113071999978274, 6399630.256189999170601 ], [ 318784.266081999987364, 6399634.091209999285638 ], [ 318787.290045999980066, 6399620.917955999262631 ], [ 318783.706911999965087, 6399620.197797999717295 ], [ 318783.459987999987788, 6399620.005649999715388 ], [ 318783.009916, 6399619.700753998942673 ], [ 318782.445957999967504, 6399619.560215999372303 ], [ 318781.80607599997893, 6399619.58085999917239 ], [ 318781.210995999979787, 6399619.720603999681771 ], [ 318777.045094, 6399618.627265999093652 ], [ 318776.464035999961197, 6399617.136927999556065 ], [ 318776.695911999966484, 6399616.19365599937737 ], [ 318777.479092, 6399612.827889999374747 ], [ 318778.089904, 6399612.912847999483347 ], [ 318778.650099999969825, 6399612.892997999675572 ], [ 318779.37206199998036, 6399612.688939998857677 ], [ 318779.849151999980677, 6399612.407069999724627 ], [ 318780.310168, 6399611.832213999703526 ], [ 318780.636094000015873, 6399610.820657999254763 ], [ 318780.659007999987807, 6399610.301381999626756 ], [ 318780.482878, 6399609.827363999560475 ], [ 318780.144982, 6399609.277915999293327 ], [ 318779.771859999978915, 6399608.89123799931258 ], [ 318779.447985999984667, 6399608.726879999041557 ], [ 318781.05607, 6399602.524151999503374 ], [ 318773.306007999985013, 6399602.03901799954474 ] ] ] ] } },
{ "type": "Feature", "properties": { "B_ID": 785.0 }, "geometry": { "type": "MultiPolygon", "coordinates": [ [ [ [ 319080.152170000015758, 6400391.892749999649823 ], [ 319065.889060000015888, 6400404.618981999345124 ], [ 319069.646956000011414, 6400408.950251999311149 ], [ 319069.262890000012703, 6400409.362337999045849 ], [ 319072.26291399996262, 6400412.763039999641478 ], [ 319073.102865999971982, 6400413.934189999476075 ], [ 319072.640139999974053, 6400414.35024599917233 ], [ 319075.060132000013255, 6400417.137185999192297 ], [ 319075.587837999977637, 6400416.717159999534488 ], [ 319077.851878000015859, 6400419.187293998897076 ], [ 319081.599855999986175, 6400423.365321999415755 ], [ 319081.149099999980535, 6400424.099771999754012 ], [ 319085.86699, 6400426.321383999660611 ], [ 319089.851974, 6400428.32623399887234 ], [ 319090.133097999962047, 6400427.784725999459624 ], [ 319095.286012, 6400430.524025999009609 ], [ 319108.086046000011265, 6400405.5336699988693 ], [ 319100.926960000011604, 6400401.804251999594271 ], [ 319099.068873999989592, 6400405.466179999522865 ], [ 319101.541876, 6400406.827889999374747 ], [ 319099.801096000010148, 6400410.147603998892009 ], [ 319095.243946, 6400407.841827998869121 ], [ 319092.041115999978501, 6400414.03105799946934 ], [ 319086.830061999964528, 6400411.040853999555111 ], [ 319082.487004, 6400406.236359999515116 ], [ 319088.209005999960937, 6400401.150789999403059 ], [ 319087.963108, 6400400.869713999330997 ], [ 319080.152170000015758, 6400391.892749999649823 ] ] ] ] } },
{ "type": "Feature", "properties": { "B_ID": 507.0 }, "geometry": { "type": "MultiPolygon", "coordinates": [ [ [ [ 319004.179948, 6399718.818155999295413 ], [ 319003.961068, 6399718.330639999359846 ], [ 319003.084863999974914, 6399717.73513999953866 ], [ 319002.418989999976475, 6399717.565223999321461 ], [ 319001.640940000012051, 6399717.432625999674201 ], [ 319001.002083999977913, 6399717.662885999307036 ], [ 319000.444965999980923, 6399718.032889999449253 ], [ 319000.081077999959234, 6399719.376337999477983 ], [ 318999.239073999982793, 6399719.158781999722123 ], [ 319001.470966, 6399710.823369999416173 ], [ 318994.909011999960057, 6399709.077363999560475 ], [ 318993.825897999980953, 6399712.952083999291062 ], [ 318991.108024000015575, 6399723.516253999434412 ], [ 319015.947141999960877, 6399729.530803998932242 ], [ 319018.530952, 6399728.047611999325454 ], [ 319021.332958000013605, 6399716.117761999368668 ], [ 319010.171104, 6399713.156935999169946 ], [ 319007.942974, 6399721.230327999219298 ], [ 319003.934049999981653, 6399720.161603999324143 ], [ 319004.114967999979854, 6399719.50734799914062 ], [ 319004.179948, 6399718.818155999295413 ] ] ] ] } },
{ "type": "Feature", "properties": { "B_ID": 1221.0 }, "geometry": { "type": "MultiPolygon", "coordinates": [ [ [ [ 319292.023905999958515, 6400453.366611999459565 ], [ 319323.984831999987364, 6400460.110847999341786 ], [ 319323.914037999988068, 6400460.353017998859286 ], [ 319327.851142, 6400462.862851999700069 ], [ 319328.122005999961402, 6400461.409037998877466 ], [ 319330.139121999964118, 6400461.717903999611735 ], [ 319340.74591, 6400416.713983999565244 ], [ 319340.44597599998815, 6400415.538863999769092 ], [ 319340.031129999959376, 6400413.15289399959147 ], [ 319339.93195, 6400408.322197998873889 ], [ 319340.449053999967873, 6400404.954049998894334 ], [ 319340.808838, 6400403.56772599928081 ], [ 319341.521908, 6400401.485063998959959 ], [ 319342.522942000010516, 6400399.277743998914957 ], [ 319343.219937999965623, 6400398.027193998917937 ], [ 319343.865975999971852, 6400397.001345999538898 ], [ 319344.561945999972522, 6400396.011227998882532 ], [ 319345.165917999984231, 6400395.233107998967171 ], [ 319345.951149999978952, 6400394.308097999542952 ], [ 319349.348919999960344, 6400380.228095998987556 ], [ 319310.854084, 6400371.29003799892962 ], [ 319302.822898000013083, 6400405.420921999029815 ], [ 319303.95184, 6400405.623391998931766 ], [ 319302.500049999973271, 6400412.250909999012947 ], [ 319301.363925999961793, 6400411.889639999717474 ], [ 319292.023905999958515, 6400453.366611999459565 ] ], [ [ 319317.352084000012837, 6400391.410791999660432 ], [ 319333.025944, 6400395.071131999604404 ], [ 319329.446913999971002, 6400410.392155999317765 ], [ 319313.77408, 6400406.732609999366105 ], [ 319317.352084000012837, 6400391.410791999660432 ] ], [ [ 319309.844842, 6400423.929855999536812 ], [ 319325.560084, 6400427.568757999688387 ], [ 319321.949931999959517, 6400443.151801999658346 ], [ 319306.236058, 6400439.512899999506772 ], [ 319309.844842, 6400423.929855999536812 ] ] ] ] } },
{ "type": "Feature", "properties": { "B_ID": 2754.0 }, "geometry": { "type": "MultiPolygon", "coordinates": [ [ [ [ 319585.443148, 6399967.209939999505877 ], [ 319591.428147999977227, 6399980.237891999073327 ], [ 319618.766943999973591, 6399967.673635999672115 ], [ 319612.77784, 6399954.647271999157965 ], [ 319585.443148, 6399967.209939999505877 ] ] ] ] } },
{ "type": "Feature", "properties": { "B_ID": 3755.0 }, "geometry": { "type": "MultiPolygon", "coordinates": [ [ [ [ 318902.400063999986742, 6399653.390967999584973 ], [ 318941.310087999969255, 6399635.632363999262452 ], [ 318932.384914, 6399605.4508359991014 ], [ 318931.350021999969613, 6399605.747791999019682 ], [ 318930.962878, 6399604.717973999679089 ], [ 318932.132860000012442, 6399604.323355999775231 ], [ 318925.082872, 6399580.754259998910129 ], [ 318923.910153999982867, 6399581.102825999259949 ], [ 318923.616034, 6399580.026955999433994 ], [ 318924.83116, 6399579.625985999591649 ], [ 318923.29387, 6399574.403053998947144 ], [ 318887.380108000012115, 6399584.98072199895978 ], [ 318894.724899999971967, 6399610.201337999664247 ], [ 318901.921947999973781, 6399634.543789999559522 ], [ 318903.324147999985144, 6399639.229977998882532 ], [ 318897.261856, 6399641.734253998845816 ], [ 318902.400063999986742, 6399653.390967999584973 ] ] ] ] } },
{ "type": "Feature", "properties": { "B_ID": 4180.0 }, "geometry": { "type": "MultiPolygon", "coordinates": [ [ [ [ 319071.653127999976277, 6399957.107877999544144 ], [ 319072.171941999986302, 6399957.185689999721944 ], [ 319068.773146, 6399970.035785999149084 ], [ 319069.389088, 6399970.031815999187529 ], [ 319069.29196, 6399970.462957999669015 ], [ 319082.002048, 6399973.6993019990623 ], [ 319085.146054000011645, 6399960.668967999517918 ], [ 319109.755006, 6399967.140067999251187 ], [ 319110.218073999974877, 6399963.636939999647439 ], [ 319111.589836, 6399962.841351998969913 ], [ 319114.536849999974947, 6399963.47575799934566 ], [ 319114.772146, 6399963.914045999757946 ], [ 319117.832019999972545, 6399964.658023999072611 ], [ 319118.555008, 6399961.763893999159336 ], [ 319122.393958, 6399945.548825999721885 ], [ 319079.462013999989722, 6399934.779803999699652 ], [ 319076.846055999980308, 6399936.390829998999834 ], [ 319071.653127999976277, 6399957.107877999544144 ] ] ] ] } },
{ "type": "Feature", "properties": { "B_ID": 4114.0 }, "geometry": { "type": "MultiPolygon", "coordinates": [ [ [ [ 319528.795977999980096, 6399837.282161999493837 ], [ 319535.746102, 6399828.821297999471426 ], [ 319535.943093999987468, 6399805.48087399918586 ], [ 319520.147140000015497, 6399805.327631999738514 ], [ 319518.423117999976967, 6399805.179947999306023 ], [ 319516.271938, 6399805.708751999773085 ], [ 319515.036976, 6399806.550391999073327 ], [ 319514.513031999988016, 6399807.033143999055028 ], [ 319513.781835999980103, 6399808.367063999176025 ], [ 319505.665150000015274, 6399819.791929999366403 ], [ 319528.795977999980096, 6399837.282161999493837 ] ], [ [ 319517.70594399998663, 6399822.123113999143243 ], [ 319520.859867999970447, 6399817.849805999547243 ], [ 319523.501133999961894, 6399816.711209999397397 ], [ 319530.556936, 6399816.788227999582887 ], [ 319530.439971999963745, 6399827.330959999002516 ], [ 319527.292887999967206, 6399829.199241999536753 ], [ 319517.70594399998663, 6399822.123113999143243 ] ] ] ] } },
{ "type": "Feature", "properties": { "B_ID": 5472.0 }, "geometry": { "type": "MultiPolygon", "coordinates": [ [ [ [ 319163.884030000015628, 6399705.152621999382973 ], [ 319140.12016, 6399693.815095999278128 ], [ 319136.544891999976244, 6399695.635737999342382 ], [ 319126.574908, 6399737.990873998962343 ], [ 319125.898089999973308, 6399737.793167999014258 ], [ 319122.482878, 6399752.29001999925822 ], [ 319122.69183999998495, 6399752.348775999620557 ], [ 319121.892928000015672, 6399755.836023999378085 ], [ 319150.209844, 6399762.510387999005616 ], [ 319163.800923999981023, 6399705.548827999271452 ], [ 319163.884030000015628, 6399705.152621999382973 ] ], [ [ 319143.698164, 6399714.103383999317884 ], [ 319145.208094, 6399707.736297999508679 ], [ 319147.958116, 6399708.39690599963069 ], [ 319148.468038, 6399706.366647999733686 ], [ 319156.587117999966722, 6399710.259629999287426 ], [ 319157.054973999969661, 6399711.040131999179721 ], [ 319156.241013999970164, 6399714.470211999490857 ], [ 319145.968018000014126, 6399712.02627999894321 ], [ 319145.389012, 6399714.53611399885267 ], [ 319143.698164, 6399714.103383999317884 ] ], [ [ 319150.324071999988519, 6399737.069833999499679 ], [ 319148.220088, 6399736.544999998994172 ], [ 319148.288146, 6399736.272657999768853 ], [ 319146.008031999983359, 6399735.704153999686241 ], [ 319145.928003999986686, 6399736.024135999381542 ], [ 319139.040124, 6399734.30591999925673 ], [ 319140.873927999986336, 6399726.951891999691725 ], [ 319141.33802199998172, 6399727.067021999508142 ], [ 319142.42695, 6399722.700815998949111 ], [ 319142.06614, 6399722.611093998886645 ], [ 319142.450889999978244, 6399721.068351998925209 ], [ 319145.09797, 6399721.728165999054909 ], [ 319144.205007999960799, 6399725.305135998874903 ], [ 319149.583983999968041, 6399726.64699599891901 ], [ 319150.243017999979202, 6399724.003769999369979 ], [ 319153.38805, 6399724.788241999223828 ], [ 319150.324071999988519, 6399737.069833999499679 ] ] ] ] } },
{ "type": "Feature", "properties": { "B_ID": 5381.0 }, "geometry": { "type": "MultiPolygon", "coordinates": [ [ [ [ 319343.506875999970362, 6399933.762689999304712 ], [ 319377.137103999964893, 6399942.067135998979211 ], [ 319382.222986, 6399921.208755998872221 ], [ 319348.449117999989539, 6399913.314013998955488 ], [ 319343.506875999970362, 6399933.762689999304712 ] ] ] ] } },
{ "type": "Feature", "properties": { "B_ID": 5992.0 }, "geometry": { "type": "MultiPolygon", "coordinates": [ [ [ [ 319668.460911999980453, 6400069.944805999286473 ], [ 319668.594975999963935, 6400069.424735999666154 ], [ 319672.667854, 6400049.704157999716699 ], [ 319684.992166000010911, 6400033.493853999301791 ], [ 319670.95204, 6400022.720067999325693 ], [ 319656.93311799998628, 6400041.029707998968661 ], [ 319651.237107999972068, 6400065.508727999404073 ], [ 319651.162894, 6400066.177275999449193 ], [ 319668.460911999980453, 6400069.944805999286473 ] ], [ [ 319664.782017999968957, 6400056.061715999618173 ], [ 319663.341856000013649, 6400057.0073699997738 ], [ 319658.973147999960929, 6400056.038689998909831 ], [ 319661.802855999965686, 6400043.977035999298096 ], [ 319667.562135999964084, 6400035.631301999092102 ], [ 319669.298128, 6400036.835799999535084 ], [ 319668.996141999959946, 6400037.250267999246716 ], [ 319669.204077999980655, 6400039.243207999505103 ], [ 319670.570025999972131, 6400040.223797999322414 ], [ 319672.197945999971125, 6400039.911755999550223 ], [ 319672.507113999978174, 6400039.657675999216735 ], [ 319673.456848, 6400040.296845999546349 ], [ 319670.212978, 6400045.430849999189377 ], [ 319667.882931999978609, 6400045.589649999514222 ], [ 319666.576149999978952, 6400047.731067999266088 ], [ 319667.591889999981504, 6400050.082895999774337 ], [ 319666.366162, 6400056.476977999322116 ], [ 319664.782017999968957, 6400056.061715999618173 ] ] ] ] } },
{ "type": "Feature", "properties": { "B_ID": 7007.0 }, "geometry": { "type": "MultiPolygon", "coordinates": [ [ [ [ 319048.985026, 6399798.488909998908639 ], [ 319056.843843999959063, 6399769.002925999462605 ], [ 319041.066016, 6399765.058333999477327 ], [ 319040.600895999989007, 6399766.805927999317646 ], [ 319033.337157999980263, 6399765.098827999085188 ], [ 319027.103865999961272, 6399763.37584799900651 ], [ 319029.049162000010256, 6399755.539067999459803 ], [ 319019.101066, 6399753.087989998981357 ], [ 319010.621860000013839, 6399786.519359999336302 ], [ 319012.39684, 6399789.549263998866081 ], [ 319048.985026, 6399798.488909998908639 ] ] ] ] } },
{ "type": "Feature", "properties": { "B_ID": 7783.0 }, "geometry": { "type": "MultiPolygon", "coordinates": [ [ [ [ 319141.505943999974988, 6399917.333241999149323 ], [ 319152.227986000012606, 6399919.842281999066472 ], [ 319163.582043999980669, 6399922.364025998860598 ], [ 319169.30302, 6399898.116059998981655 ], [ 319146.580881999980193, 6399892.720035999082029 ], [ 319141.505943999974988, 6399917.333241999149323 ] ], [ [ 319149.76285, 6399905.192187999375165 ], [ 319151.461905999982264, 6399905.550281999632716 ], [ 319151.02483, 6399907.62897399906069 ], [ 319153.587093999958597, 6399908.165717999450862 ], [ 319153.901049999985844, 6399909.007357999682426 ], [ 319152.948922000010498, 6399913.546655999496579 ], [ 319147.705036, 6399912.446965998969972 ], [ 319149.132885999977589, 6399905.64635599963367 ], [ 319149.76285, 6399905.192187999375165 ] ] ] ] } },
{ "type": "Feature", "properties": { "B_ID": 9228.0 }, "geometry": { "type": "MultiPolygon", "coordinates": [ [ [ [ 319158.421947999973781, 6400345.888389999046922 ], [ 319158.165105999971274, 6400347.042071999050677 ], [ 319167.0858339999686, 6400349.115205999463797 ], [ 319167.40286799997557, 6400347.955965999513865 ], [ 319172.614948, 6400349.142995999194682 ], [ 319172.055094000010286, 6400351.633773999288678 ], [ 319172.727123999968171, 6400351.791779999621212 ], [ 319172.63307400001213, 6400351.848947999067605 ], [ 319172.557833999977447, 6400351.899763999506831 ], [ 319172.487039999978151, 6400351.955343998968601 ], [ 319172.417955999961123, 6400352.014099999330938 ], [ 319172.351949999982025, 6400352.076031999662519 ], [ 319172.290048, 6400352.14034599903971 ], [ 319172.230882, 6400352.207835999317467 ], [ 319172.175135999976192, 6400352.27929599955678 ], [ 319172.12315200001467, 6400352.353137999773026 ], [ 319172.07493, 6400352.430949999019504 ], [ 319172.030128000013065, 6400352.508761999197304 ], [ 319171.990113999985624, 6400352.588955999352038 ], [ 319171.953861999965739, 6400352.672325999476016 ], [ 319171.923082, 6400352.757283999584615 ], [ 319171.896063999971375, 6400352.843035999685526 ], [ 319171.872123999986798, 6400352.930375999771059 ], [ 319171.853997999976855, 6400353.017715998925269 ], [ 319171.839975999959279, 6400353.108231998980045 ], [ 319171.829031999979634, 6400353.1971599990502 ], [ 319171.823901999974623, 6400353.289263999089599 ], [ 319171.823901999974623, 6400353.378985999152064 ], [ 319171.82800599996699, 6400353.46870799921453 ], [ 319171.836897999979556, 6400353.557635999284685 ], [ 319171.849893999984488, 6400353.64735799934715 ], [ 319171.86802, 6400353.736285999417305 ], [ 319171.889908000011928, 6400353.822831999510527 ], [ 319171.916925999976229, 6400353.910171999596059 ], [ 319171.948048, 6400353.995129999704659 ], [ 319171.982932000013534, 6400354.076911998912692 ], [ 319172.021919999970123, 6400354.16028199903667 ], [ 319172.065011999977287, 6400354.23809399921447 ], [ 319172.112892, 6400354.31511199939996 ], [ 319171.475061999983154, 6400354.202363999560475 ], [ 319170.760965999972541, 6400357.356131999753416 ], [ 319169.479834, 6400357.085377999581397 ], [ 319167.493155999982264, 6400366.0933079989627 ], [ 319168.702125999960117, 6400366.407731999643147 ], [ 319167.393975999963004, 6400372.192021999508142 ], [ 319161.689074, 6400370.950205999426544 ], [ 319161.088864, 6400373.171817999333143 ], [ 319159.043019999982789, 6400372.743057999759912 ], [ 319158.492058, 6400375.226689998991787 ], [ 319159.896994, 6400385.080229999497533 ], [ 319168.149112000013702, 6400386.924691999331117 ], [ 319168.11901600001147, 6400387.08984399959445 ], [ 319168.16313399997307, 6400387.131131999194622 ], [ 319168.256842, 6400387.209737999364734 ], [ 319168.35397, 6400387.282785999588668 ], [ 319168.45486, 6400387.352657998912036 ], [ 319168.55916999996407, 6400387.416177999228239 ], [ 319168.667925999965519, 6400387.475727999582887 ], [ 319168.778049999964423, 6400387.528925999067724 ], [ 319168.890909999958239, 6400387.575771999545395 ], [ 319169.006163999962155, 6400387.617853999137878 ], [ 319169.123128, 6400387.652789999730885 ], [ 319169.212048000015784, 6400387.675815999507904 ], [ 319169.242143999959808, 6400387.682961999438703 ], [ 319169.362870000011753, 6400387.705987999215722 ], [ 319169.483938, 6400387.724249999038875 ], [ 319169.606031999981496, 6400387.735365998931229 ], [ 319169.72812599997269, 6400387.740129998885095 ], [ 319169.850904, 6400387.739335998892784 ], [ 319169.972997999982908, 6400387.732189998961985 ], [ 319170.094065999961458, 6400387.718691999092698 ], [ 319170.216160000010859, 6400387.698047999292612 ], [ 319170.33586, 6400387.67263999953866 ], [ 319170.453165999962948, 6400387.641673998907208 ], [ 319170.4959159999853, 6400387.451113998889923 ], [ 319178.256921999971382, 6400389.189179999753833 ], [ 319179.463839999982156, 6400383.866203999146819 ], [ 319180.386897999967914, 6400384.071055999025702 ], [ 319181.468986, 6400379.314995999448001 ], [ 319181.209066000010353, 6400379.249093999154866 ], [ 319181.790124, 6400376.678121998906136 ], [ 319181.157082, 6400376.538377999328077 ], [ 319181.537044, 6400374.774903999641538 ], [ 319181.800041999958921, 6400374.84001199901104 ], [ 319181.879044, 6400374.74711399897933 ], [ 319181.952915999980178, 6400374.643893999047577 ], [ 319182.024051999964286, 6400374.539085999131203 ], [ 319182.089031999988947, 6400374.430307999253273 ], [ 319182.148882, 6400374.316765999421477 ], [ 319182.202918, 6400374.203223999589682 ], [ 319182.25114, 6400374.084917998872697 ], [ 319182.292863999959081, 6400373.965023999102414 ], [ 319182.328089999966323, 6400373.844335999339819 ], [ 319182.357843999983743, 6400373.718089999631047 ], [ 319182.3811, 6400373.595813998952508 ], [ 319182.397858000011183, 6400373.470361999236047 ], [ 319182.408117999962997, 6400373.343321999534965 ], [ 319182.412905999983195, 6400373.216281998902559 ], [ 319182.410169999988284, 6400373.089241999201477 ], [ 319182.400936, 6400372.962995999492705 ], [ 319182.385887999960687, 6400372.836749998852611 ], [ 319182.364, 6400372.712091999128461 ], [ 319182.336981999978889, 6400372.589021999388933 ], [ 319182.302098000014666, 6400372.466745999641716 ], [ 319182.830145999963861, 6400372.584257999435067 ], [ 319185.570933999959379, 6400360.342365999706089 ], [ 319185.175923999981023, 6400360.252643999643624 ], [ 319185.204993999970611, 6400360.216119999065995 ], [ 319185.278866, 6400360.116075999103487 ], [ 319185.346924000012223, 6400360.011267999187112 ], [ 319185.409852000011597, 6400359.903283999301493 ], [ 319185.467992, 6400359.79212399944663 ], [ 319185.519976000010502, 6400359.677787999622524 ], [ 319185.565119999984745, 6400359.561069998890162 ], [ 319185.606159999966621, 6400359.444351999089122 ], [ 319185.640017999976408, 6400359.322869999334216 ], [ 319185.66806200001156, 6400359.20138799957931 ], [ 319185.686872, 6400359.101343999616802 ], [ 319185.688923999958206, 6400359.07831799890846 ], [ 319185.706024000013713, 6400358.95365999918431 ], [ 319185.714915999968071, 6400358.829001999460161 ], [ 319185.716968, 6400358.704343999736011 ], [ 319185.713890000013635, 6400358.578891999088228 ], [ 319185.703971999988426, 6400358.452645999379456 ], [ 319185.687898, 6400358.33116399962455 ], [ 319185.666009999986272, 6400358.2080939989537 ], [ 319185.63694, 6400358.085023999214172 ], [ 319185.603081999986898, 6400357.965129999443889 ], [ 319185.561016, 6400357.846823999658227 ], [ 319185.393094, 6400357.807917999103665 ], [ 319187.512126000015996, 6400348.480005999095738 ], [ 319187.613015999959316, 6400348.506207999773324 ], [ 319187.679022, 6400348.428395999595523 ], [ 319187.751867999962997, 6400348.334703999571502 ], [ 319187.819925999967381, 6400348.237041999585927 ], [ 319187.883879999979399, 6400348.134615999646485 ], [ 319187.942019999958575, 6400348.02980799973011 ], [ 319187.99503, 6400347.92261799890548 ], [ 319188.041884, 6400347.812251999042928 ], [ 319188.08395, 6400347.700297999195755 ], [ 319188.119859999977052, 6400347.586755999363959 ], [ 319188.149955999979284, 6400347.470037999562919 ], [ 319188.165004, 6400347.403341999277472 ], [ 319188.17287, 6400347.353319999761879 ], [ 319188.192021999973804, 6400347.235013999044895 ], [ 319188.205017999978736, 6400347.115119999274611 ], [ 319188.210832000011578, 6400346.996019999496639 ], [ 319188.210147999983747, 6400346.876125999726355 ], [ 319188.205017999978736, 6400346.75702599901706 ], [ 319188.193047999986447, 6400346.637925999239087 ], [ 319188.175947999989148, 6400346.518825999461114 ], [ 319188.150982, 6400346.402107999660075 ], [ 319188.120885999989696, 6400346.286183998920023 ], [ 319188.08497600001283, 6400346.171847999095917 ], [ 319188.040858, 6400346.162319999188185 ], [ 319189.798054000013508, 6400338.440669999457896 ], [ 319184.472087999980431, 6400337.229819999076426 ], [ 319184.678997999988496, 6400336.314337999559939 ], [ 319179.42998199997237, 6400335.116985999047756 ], [ 319179.308914, 6400335.633879999630153 ], [ 319177.698094, 6400335.295635999180377 ], [ 319177.608832, 6400335.668815999291837 ], [ 319173.342039999959525, 6400334.697753999382257 ], [ 319173.433012, 6400334.322985999286175 ], [ 319173.338961999979801, 6400334.242791999131441 ], [ 319173.236020000011194, 6400334.165773998945951 ], [ 319173.131025999959093, 6400334.095107999630272 ], [ 319173.021927999972831, 6400334.029205999337137 ], [ 319172.910094, 6400333.967273999005556 ], [ 319172.794839999987744, 6400333.913281999528408 ], [ 319172.676165999961086, 6400333.864847999066114 ], [ 319172.55715, 6400333.82197199948132 ], [ 319172.435055999958422, 6400333.784653998911381 ], [ 319172.31091, 6400333.753687999211252 ], [ 319172.186080000014044, 6400333.729867999441922 ], [ 319172.058855999959633, 6400333.713193999603391 ], [ 319171.931974, 6400333.702077999711037 ], [ 319171.805092, 6400333.695725999772549 ], [ 319171.677868, 6400333.698107999749482 ], [ 319171.549959999974817, 6400333.705253999680281 ], [ 319171.424103999976069, 6400333.72033999953419 ], [ 319171.297906, 6400333.741777999326587 ], [ 319171.17410199996084, 6400333.76797999907285 ], [ 319171.05098200001521, 6400333.802121999673545 ], [ 319171.085865999979433, 6400333.622677999548614 ], [ 319166.176113999972586, 6400332.450733999721706 ], [ 319166.027001999958884, 6400333.032735999673605 ], [ 319163.394969999964815, 6400332.434853998944163 ], [ 319163.515011999988928, 6400331.906843999400735 ], [ 319158.519075999967754, 6400330.734105999581516 ], [ 319158.380908, 6400331.294669999741018 ], [ 319155.076162000012118, 6400330.533223999664187 ], [ 319153.370950000011362, 6400332.529339998960495 ], [ 319154.390109999978449, 6400339.808731999248266 ], [ 319153.826152, 6400339.934977998957038 ], [ 319154.097016000014264, 6400342.87992399930954 ], [ 319155.720148, 6400343.273747999221087 ], [ 319155.220143999962602, 6400345.153939999639988 ], [ 319158.421947999973781, 6400345.888389999046922 ] ] ] ] } },
{ "type": "Feature", "properties": { "B_ID": 9144.0 }, "geometry": { "type": "MultiPolygon", "coordinates": [ [ [ [ 319558.227130000013858, 6399836.125303999520838 ], [ 319563.453915999969468, 6399841.811137999407947 ], [ 319575.884932000015397, 6399830.3251339988783 ], [ 319577.8699, 6399808.047875999473035 ], [ 319576.016943999973591, 6399805.855641999281943 ], [ 319553.485983999969903, 6399805.610295998863876 ], [ 319553.374149999988731, 6399829.269907998852432 ], [ 319558.227130000013858, 6399836.125303999520838 ] ], [ [ 319564.800027999968734, 6399826.017683999612927 ], [ 319562.637904, 6399826.952221998944879 ], [ 319559.481928, 6399829.681199999526143 ], [ 319557.99799, 6399827.264263999648392 ], [ 319557.993886000011116, 6399816.554791999049485 ], [ 319566.632121999980882, 6399816.79060999955982 ], [ 319566.252844, 6399818.373845999129117 ], [ 319566.143061999988277, 6399823.749225999228656 ], [ 319564.800027999968734, 6399826.017683999612927 ] ] ] ] } },
{ "type": "Feature", "properties": { "B_ID": 8958.0 }, "geometry": { "type": "MultiPolygon", "coordinates": [ [ [ [ 319319.100045999977738, 6399836.172149999067187 ], [ 319313.040831999969669, 6399862.202645999379456 ], [ 319322.813139999983832, 6399864.540181999094784 ], [ 319328.96401, 6399838.557325999252498 ], [ 319319.100045999977738, 6399836.172149999067187 ] ] ] ] } },
{ "type": "Feature", "properties": { "B_ID": 9467.0 }, "geometry": { "type": "MultiPolygon", "coordinates": [ [ [ [ 318806.117145999975037, 6399874.823275999166071 ], [ 318800.188917999970727, 6399885.015059999190271 ], [ 318805.476922, 6399887.860755999572575 ], [ 318809.205063999979757, 6399889.374913998879492 ], [ 318813.774868, 6399890.90336399897933 ], [ 318818.976004, 6399892.252369998954237 ], [ 318824.206894, 6399893.156735999509692 ], [ 318829.576978, 6399893.541031999513507 ], [ 318834.17893, 6399893.544207999482751 ], [ 318839.247028000012506, 6399893.177379999309778 ], [ 318846.951945999986492, 6399891.599701999686658 ], [ 318851.023113999981433, 6399890.145887998864055 ], [ 318855.31111, 6399887.963975999504328 ], [ 318858.954093999986071, 6399885.72171999886632 ], [ 318864.208923999976832, 6399881.469055999070406 ], [ 318866.457915999984834, 6399879.272851998917758 ], [ 318867.656968, 6399877.920669998973608 ], [ 318869.080030000011902, 6399876.305673999711871 ], [ 318871.101933999976609, 6399873.441715999506414 ], [ 318873.032865999964997, 6399870.097387999296188 ], [ 318874.565025999967474, 6399866.888039999641478 ], [ 318875.888907999964431, 6399863.446049999445677 ], [ 318876.714153999986593, 6399860.577327999286354 ], [ 318877.540083999978378, 6399856.551747999154031 ], [ 318877.903972, 6399854.218181999400258 ], [ 318878.10712, 6399850.692027999088168 ], [ 318878.038035999983549, 6399847.457271999679506 ], [ 318877.769907999958377, 6399844.146291999146342 ], [ 318877.427908000012394, 6399841.199757999740541 ], [ 318876.795891999965534, 6399837.779999999329448 ], [ 318875.938839999958873, 6399834.846963998861611 ], [ 318874.773988, 6399831.049261999316514 ], [ 318873.370078, 6399827.296023999340832 ], [ 318871.820133999979589, 6399823.950901999138296 ], [ 318869.98290999996243, 6399820.490649999119341 ], [ 318867.702111999969929, 6399816.845395999029279 ], [ 318865.350861999962945, 6399813.524093999527395 ], [ 318863.518083999981172, 6399811.304863999597728 ], [ 318860.816967999970075, 6399808.23764199949801 ], [ 318857.593959999969229, 6399805.064023999497294 ], [ 318854.422935999988113, 6399802.373157999478281 ], [ 318851.63905599998543, 6399800.384187999181449 ], [ 318845.716984, 6399796.661121998913586 ], [ 318842.45704, 6399794.850801999680698 ], [ 318839.091076000011526, 6399793.401751999743283 ], [ 318834.478864, 6399791.835983999073505 ], [ 318830.155984000011813, 6399790.540175999514759 ], [ 318826.252053999982309, 6399789.789845999330282 ], [ 318820.98799, 6399789.045073999091983 ], [ 318815.301898, 6399788.794169999659061 ], [ 318809.86786, 6399788.97361399885267 ], [ 318807.521055999968667, 6399789.130825999192894 ], [ 318809.017989999963902, 6399801.291729999706149 ], [ 318810.713967999967281, 6399801.18533399887383 ], [ 318814.98794199997792, 6399800.960631999187171 ], [ 318819.109041999967303, 6399801.066233999095857 ], [ 318824.811891999968793, 6399801.876907999627292 ], [ 318828.997971999982838, 6399802.694727999158204 ], [ 318834.828045999980532, 6399804.740071998909116 ], [ 318839.788071999966633, 6399807.177651999518275 ], [ 318844.445085999963339, 6399810.218671998940408 ], [ 318847.270006, 6399812.048047998920083 ], [ 318850.194106, 6399814.707153999246657 ], [ 318852.560062, 6399817.232073999010026 ], [ 318857.813865999982227, 6399823.773839998990297 ], [ 318861.16615, 6399829.50016799941659 ], [ 318862.726012, 6399833.209735998883843 ], [ 318864.925072000012733, 6399840.37637999933213 ], [ 318866.133015999977943, 6399847.852683999575675 ], [ 318866.130964000010863, 6399851.370897999033332 ], [ 318864.915838000015356, 6399858.172301999293268 ], [ 318861.535167999973055, 6399865.963029999285936 ], [ 318858.755049999977928, 6399870.055305999703705 ], [ 318854.723896000010427, 6399874.026099999435246 ], [ 318849.487876, 6399877.602275999262929 ], [ 318844.835992, 6399879.633327999152243 ], [ 318839.762080000014976, 6399880.961689999327064 ], [ 318834.741861999966204, 6399881.565923999063671 ], [ 318829.101939999964088, 6399881.554013999179006 ], [ 318823.323849999986123, 6399880.987891999073327 ], [ 318819.69694, 6399880.22962199896574 ], [ 318813.843951999966521, 6399878.501083998940885 ], [ 318808.077831999980845, 6399875.976957999169827 ], [ 318806.117145999975037, 6399874.823275999166071 ] ] ] ] } },
{ "type": "Feature", "properties": { "B_ID": 10164.0 }, "geometry": { "type": "MultiPolygon", "coordinates": [ [ [ [ 318825.512991999974474, 6399611.785367999225855 ], [ 318825.820108000014443, 6399611.799659999087453 ], [ 318831.333148, 6399611.740109999664128 ], [ 318831.324939999962226, 6399612.576985999010503 ], [ 318831.59101599996211, 6399613.367809999734163 ], [ 318832.009965999983251, 6399613.953781999647617 ], [ 318832.823925999982748, 6399614.366661999374628 ], [ 318833.306145999988075, 6399614.430975999683142 ], [ 318834.383104, 6399614.354751999489963 ], [ 318835.054108000011183, 6399614.092731999233365 ], [ 318835.675863999989815, 6399613.552017998881638 ], [ 318836.055141999968328, 6399612.900143999606371 ], [ 318836.191942, 6399612.214921999722719 ], [ 318836.099944000015967, 6399611.859209999442101 ], [ 318840.815098, 6399611.74169799964875 ], [ 318842.007993999985047, 6399610.341875999234617 ], [ 318843.232012, 6399611.062033999711275 ], [ 318843.2881, 6399611.54002199973911 ], [ 318843.50185, 6399611.972751999273896 ], [ 318843.756981999962591, 6399612.403893999755383 ], [ 318844.066149999969639, 6399612.693703999742866 ], [ 318843.032967999984976, 6399613.508347999304533 ], [ 318842.941996, 6399621.588885999284685 ], [ 318853.819989999989048, 6399621.913631998933852 ], [ 318855.63088000001153, 6399621.923953999765217 ], [ 318855.597022, 6399605.750173998996615 ], [ 318825.538983999984339, 6399605.646953999064863 ], [ 318825.512991999974474, 6399611.785367999225855 ] ] ] ] } },
{ "type": "Feature", "properties": { "B_ID": 9519.0 }, "geometry": { "type": "MultiPolygon", "coordinates": [ [ [ [ 319260.95389, 6400322.718675998970866 ], [ 319261.11805, 6400322.87588799931109 ], [ 319259.153943999961484, 6400328.64032799936831 ], [ 319285.00503999995999, 6400335.760919999331236 ], [ 319290.147010000015143, 6400315.116919999010861 ], [ 319272.177987999981269, 6400310.929363999515772 ], [ 319264.492906, 6400308.760155999101698 ], [ 319260.95389, 6400322.718675998970866 ] ] ] ] } },
{ "type": "Feature", "properties": { "B_ID": 10245.0 }, "geometry": { "type": "MultiPolygon", "coordinates": [ [ [ [ 319047.027076, 6399725.056613999418914 ], [ 319044.113919999974314, 6399736.8308399990201 ], [ 319090.433031999971718, 6399747.72928399965167 ], [ 319095.178965999977663, 6399727.992825998924673 ], [ 319083.78489399998216, 6399725.246379999443889 ], [ 319081.937067999970168, 6399731.272045999765396 ], [ 319080.93705999996746, 6399731.977911999449134 ], [ 319079.935, 6399731.739711998961866 ], [ 319079.468853999977, 6399733.708831999450922 ], [ 319066.731064, 6399730.690043998882174 ], [ 319068.856936, 6399721.721813999116421 ], [ 319061.807974, 6399719.975807999260724 ], [ 319061.839096000010613, 6399719.628829998895526 ], [ 319064.108949999965262, 6399709.775289999321103 ], [ 319063.182129999971949, 6399709.545029999688268 ], [ 319063.073031999985687, 6399709.980935999192297 ], [ 319060.242982, 6399709.278245999477804 ], [ 319059.495027999975719, 6399707.80616999976337 ], [ 319057.855137999984436, 6399707.409963998943567 ], [ 319056.150952, 6399707.976085999049246 ], [ 319055.681043999968097, 6399709.633957999758422 ], [ 319057.06409200001508, 6399712.089005999267101 ], [ 319054.58083, 6399723.290757999755442 ], [ 319055.244994, 6399724.312635999172926 ], [ 319055.918049999978393, 6399724.480963999405503 ], [ 319055.312026, 6399726.924101999029517 ], [ 319053.970018, 6399726.589827999472618 ], [ 319053.859894, 6399725.848231999203563 ], [ 319053.458043999969959, 6399725.241615999490023 ], [ 319052.764126, 6399724.759657999500632 ], [ 319052.169046, 6399724.491285999305546 ], [ 319051.613979999965522, 6399724.393623999319971 ], [ 319050.950158, 6399724.407915999181569 ], [ 319050.38107, 6399724.658025999553502 ], [ 319049.651925999962259, 6399725.236851999536157 ], [ 319049.552061999973375, 6399725.68387399893254 ], [ 319047.027076, 6399725.056613999418914 ] ] ] ] } },
{ "type": "Feature", "properties": { "B_ID": 10945.0 }, "geometry": { "type": "MultiPolygon", "coordinates": [ [ [ [ 319350.241882, 6400202.091019999235868 ], [ 319339.300959999964107, 6400249.587305999360979 ], [ 319354.433091999962926, 6400253.072171999141574 ], [ 319358.801115999987815, 6400234.299629999324679 ], [ 319378.731849999981932, 6400238.739677999168634 ], [ 319374.341938, 6400257.832995999604464 ], [ 319389.714153999986593, 6400261.228933999314904 ], [ 319394.027116000012029, 6400242.376197999343276 ], [ 319413.776932, 6400247.067149999551475 ], [ 319409.542971999966539, 6400265.995315999723971 ], [ 319424.834134, 6400269.470653999596834 ], [ 319435.265133999986574, 6400223.44009199924767 ], [ 319350.241882, 6400202.091019999235868 ] ] ] ] } },
{ "type": "Feature", "properties": { "B_ID": 12668.0 }, "geometry": { "type": "MultiPolygon", "coordinates": [ [ [ [ 319231.868841999967117, 6399805.843731999397278 ], [ 319255.48086399998283, 6399811.315185999497771 ], [ 319258.976104, 6399798.474617999047041 ], [ 319257.163845999981277, 6399795.814717999659479 ], [ 319235.344929999962915, 6399790.561613999307156 ], [ 319231.868841999967117, 6399805.843731999397278 ] ], [ [ 319238.345979999983683, 6399800.033239998854697 ], [ 319246.339887999987695, 6399801.738751999102533 ], [ 319245.313887999975123, 6399806.41223599947989 ], [ 319242.850119999959134, 6399805.903281999751925 ], [ 319242.577888, 6399805.110869999043643 ], [ 319242.077883999969345, 6399804.573331999592483 ], [ 319241.555991999979597, 6399804.251761998981237 ], [ 319240.902087999973446, 6399804.216031999327242 ], [ 319239.738946, 6399804.429617999121547 ], [ 319239.600094, 6399805.079903999343514 ], [ 319237.354864, 6399804.608267999254167 ], [ 319238.345979999983683, 6399800.033239998854697 ] ] ] ] } },
{ "type": "Feature", "properties": { "B_ID": 13523.0 }, "geometry": { "type": "MultiPolygon", "coordinates": [ [ [ [ 318961.994932, 6399575.317741999402642 ], [ 318963.95596, 6399575.825901999138296 ], [ 318966.793875999981537, 6399576.557969999499619 ], [ 318965.753854, 6399580.605781999416649 ], [ 318965.520952, 6399581.490297999233007 ], [ 318976.689987999969162, 6399584.370135999284685 ], [ 318977.98001200001454, 6399579.362377999350429 ], [ 318978.64486, 6399579.536263999529183 ], [ 318980.863071999978274, 6399570.931685999035835 ], [ 318980.10212200001115, 6399570.738743999041617 ], [ 318981.340846, 6399565.923927999101579 ], [ 318970.193013999960385, 6399563.052823998965323 ], [ 318969.93412, 6399564.062791999429464 ], [ 318968.908119999978226, 6399568.031203999184072 ], [ 318966.032926000014413, 6399567.285637998953462 ], [ 318964.189887999964412, 6399566.81082599889487 ], [ 318961.994932, 6399575.317741999402642 ] ] ] ] } },
{ "type": "Feature", "properties": { "B_ID": 7697.0 }, "geometry": { "type": "MultiPolygon", "coordinates": [ [ [ [ 319559.462092, 6399982.558753998950124 ], [ 319534.27687, 6399926.005309998989105 ], [ 319515.658048000012059, 6399921.404079999774694 ], [ 319511.003085999982432, 6399940.584737999364734 ], [ 319511.392966000013985, 6399940.758623999543488 ], [ 319504.173003999982029, 6399939.045171999372542 ], [ 319501.267029999988154, 6399951.297385999001563 ], [ 319508.485966, 6399953.010837999172509 ], [ 319507.994853999989573, 6399952.993369999341667 ], [ 319503.347074, 6399972.138297999277711 ], [ 319548.566997999965679, 6399982.792983999475837 ], [ 319557.465153999975882, 6399984.956633999012411 ], [ 319559.462092, 6399982.558753998950124 ] ] ] ] } },
{ "type": "Feature", "properties": { "B_ID": 14061.0 }, "geometry": { "type": "MultiPolygon", "coordinates": [ [ [ [ 318832.237053999968339, 6400167.017657998949289 ], [ 318795.574995999981184, 6400192.448683999478817 ], [ 318807.894862000015564, 6400210.443899999372661 ], [ 318825.425097999977879, 6400198.434649999253452 ], [ 318808.769013999961317, 6400209.923829999752343 ], [ 318811.670541999978013, 6400213.916855999268591 ], [ 318810.738933999964502, 6400214.574287999421358 ], [ 318841.446087999967858, 6400259.270135999657214 ], [ 318842.425918, 6400258.592059999704361 ], [ 318844.945431999978609, 6400262.249223999679089 ], [ 318843.948159999970812, 6400262.9042739989236 ], [ 318858.895954, 6400284.655903999693692 ], [ 318895.398982000013348, 6400259.343977998942137 ], [ 318832.237053999968339, 6400167.017657998949289 ] ], [ [ 318822.028011999966111, 6400206.639051998965442 ], [ 318822.03793, 6400206.631905999034643 ], [ 318832.121116, 6400221.548783998936415 ], [ 318822.028011999966111, 6400206.639051998965442 ] ], [ [ 318845.672865999978967, 6400215.99713599961251 ], [ 318835.922445999982301, 6400222.673881999216974 ], [ 318845.663973999966402, 6400215.983637999743223 ], [ 318845.672865999978967, 6400215.99713599961251 ] ], [ [ 318841.560999999986961, 6400233.601703999564052 ], [ 318843.346924000012223, 6400236.217933999374509 ], [ 318841.53706, 6400233.603291999548674 ], [ 318852.50807799998438, 6400226.098403999581933 ], [ 318841.560999999986961, 6400233.601703999564052 ] ], [ [ 318865.385404, 6400244.778047999367118 ], [ 318865.367961999960244, 6400244.790751999244094 ], [ 318852.50807799998438, 6400226.098403999581933 ], [ 318865.385404, 6400244.778047999367118 ] ] ] ] } },
{ "type": "Feature", "properties": { "B_ID": 14991.0 }, "geometry": { "type": "MultiPolygon", "coordinates": [ [ [ [ 319279.536117999989074, 6400033.396191999316216 ], [ 319280.033043999981601, 6400033.528789998963475 ], [ 319278.066885999985971, 6400042.766979998908937 ], [ 319278.247120000014547, 6400042.805091999471188 ], [ 319289.994136, 6400045.701603999361396 ], [ 319299.635115999961272, 6400047.892249999567866 ], [ 319300.689843999978621, 6400048.132831999100745 ], [ 319300.955919999978505, 6400048.200321999378502 ], [ 319300.958997999958228, 6400048.119333999231458 ], [ 319314.157119999988936, 6399993.079253999516368 ], [ 319312.462168, 6399992.667167998850346 ], [ 319292.298873999970965, 6399987.727693999186158 ], [ 319292.25886, 6399987.826149999164045 ], [ 319279.536117999989074, 6400033.396191999316216 ] ] ] ] } },
{ "type": "Feature", "properties": { "B_ID": 16793.0 }, "geometry": { "type": "MultiPolygon", "coordinates": [ [ [ [ 319477.298986, 6399798.272941999137402 ], [ 319478.687164, 6399799.293231999501586 ], [ 319483.977903999970295, 6399798.523051999509335 ], [ 319484.999115999962669, 6399797.135933998972178 ], [ 319484.18413, 6399791.84789399895817 ], [ 319482.845884, 6399790.825221999548376 ], [ 319477.553091999958269, 6399791.639865999110043 ], [ 319476.533932, 6399792.980931999161839 ], [ 319477.298986, 6399798.272941999137402 ] ] ] ] } },
{ "type": "Feature", "properties": { "B_ID": 16729.0 }, "geometry": { "type": "MultiPolygon", "coordinates": [ [ [ [ 319061.102085999969859, 6399865.426285998895764 ], [ 319066.303905999986455, 6399844.678271999582648 ], [ 319054.91086, 6399841.814313999377191 ], [ 319056.286042, 6399836.542153999209404 ], [ 319041.451108, 6399832.815117998979986 ], [ 319035.021166, 6399859.29978199955076 ], [ 319061.102085999969859, 6399865.426285998895764 ] ], [ [ 319045.25688399997307, 6399839.432313999161124 ], [ 319054.380076, 6399841.699183999560773 ], [ 319051.305837999971118, 6399854.293611999601126 ], [ 319042.137159999983851, 6399852.080733999609947 ], [ 319045.25688399997307, 6399839.432313999161124 ] ] ] ] } },
{ "type": "Feature", "properties": { "B_ID": 16724.0 }, "geometry": { "type": "MultiPolygon", "coordinates": [ [ [ [ 318955.497958, 6399721.808359999209642 ], [ 318949.449004, 6399747.757073999382555 ], [ 318967.994979999959469, 6399751.96289199963212 ], [ 318969.402994, 6399746.917815999127924 ], [ 318979.390077999967616, 6399749.322047999128699 ], [ 318980.721142, 6399743.929993999190629 ], [ 318980.589129999978468, 6399743.903791999444366 ], [ 318982.509117999987211, 6399736.324267999269068 ], [ 318982.593934, 6399736.344911999069154 ], [ 318983.957146, 6399730.82502399943769 ], [ 318979.590147999988403, 6399729.541919999755919 ], [ 318979.570995999965817, 6399730.115187998861074 ], [ 318970.96696, 6399727.795913998968899 ], [ 318971.32606, 6399725.656877999193966 ], [ 318955.497958, 6399721.808359999209642 ] ] ] ] } },
{ "type": "Feature", "properties": { "B_ID": 18116.0 }, "geometry": { "type": "MultiPolygon", "coordinates": [ [ [ [ 318780.90901, 6399649.103367999196053 ], [ 318778.840936, 6399656.712269999086857 ], [ 318780.08992, 6399656.990169999189675 ], [ 318777.722938, 6399666.228359999135137 ], [ 318779.052976, 6399666.584865999408066 ], [ 318778.362136000010651, 6399668.646089999005198 ], [ 318777.506109999958426, 6399668.43726799916476 ], [ 318777.401115999964532, 6399668.728665999136865 ], [ 318775.277980000013486, 6399677.938271999359131 ], [ 318786.389901999966241, 6399680.614845999516547 ], [ 318787.805097999982536, 6399680.929269999265671 ], [ 318789.022959999972954, 6399676.470165999606252 ], [ 318789.401895999966655, 6399676.450315998867154 ], [ 318790.225089999963529, 6399675.834171999245882 ], [ 318790.706967999984045, 6399675.045729999430478 ], [ 318790.79999199998565, 6399674.180269999429584 ], [ 318790.301013999967836, 6399672.831263999454677 ], [ 318789.74492199998349, 6399672.284991999156773 ], [ 318789.066051999980118, 6399672.037263999693096 ], [ 318789.608122, 6399669.768805999308825 ], [ 318790.599921999964863, 6399663.998807999305427 ], [ 318790.860867999959737, 6399664.591131999157369 ], [ 318790.954917999973986, 6399665.027037999592721 ], [ 318791.288025999965612, 6399665.416097999550402 ], [ 318792.216897999984212, 6399665.705907999537885 ], [ 318792.617037999967579, 6399665.691615999676287 ], [ 318793.290094, 6399665.509789999574423 ], [ 318799.103068, 6399666.68093999940902 ], [ 318801.882844, 6399653.852281999774277 ], [ 318780.90901, 6399649.103367999196053 ] ] ] ] } },
{ "type": "Feature", "properties": { "B_ID": 18021.0 }, "geometry": { "type": "MultiPolygon", "coordinates": [ [ [ [ 318930.419097999983933, 6400022.730389999225736 ], [ 318925.1971, 6400007.33631799928844 ], [ 318924.204957999987528, 6400007.687265999615192 ], [ 318924.585946, 6400008.887793999165297 ], [ 318922.074982, 6400009.680999998934567 ], [ 318921.687838000012562, 6400008.836183999665082 ], [ 318914.05987, 6400011.342047999612987 ], [ 318914.43607, 6400012.475879998877645 ], [ 318911.345074000011664, 6400013.442177999764681 ], [ 318910.022902, 6400009.700055999681354 ], [ 318910.016062, 6400009.56666399911046 ], [ 318909.507165999966674, 6400008.054887998849154 ], [ 318909.482884, 6400008.063621999695897 ], [ 318902.676058000011835, 6399987.734839999116957 ], [ 318908.717146, 6399985.759367999620736 ], [ 318910.90492, 6399985.050325999036431 ], [ 318911.566005999979097, 6399986.400125999003649 ], [ 318911.205879999964964, 6399986.527165999636054 ], [ 318915.542098, 6399999.897331999614835 ], [ 318914.864937999984249, 6400000.380877999588847 ], [ 318914.615961999981664, 6400000.854101999662817 ], [ 318914.492158, 6400001.297947999089956 ], [ 318914.43607, 6400002.004607999697328 ], [ 318914.64811, 6400002.72238399926573 ], [ 318915.028072000015527, 6400003.324235999025404 ], [ 318915.453861999965739, 6400003.742673999629915 ], [ 318916.06399, 6400004.129351999610662 ], [ 318916.913859999971464, 6400004.03407199960202 ], [ 318923.26685199997155, 6400001.90535799972713 ], [ 318913.755832, 6399972.420961999334395 ], [ 318904.858017999969888, 6399975.392903999425471 ], [ 318889.206046, 6399981.057299999520183 ], [ 318894.288165999983903, 6399997.007171999663115 ], [ 318899.031022000010125, 6400011.410331998951733 ], [ 318900.957165999978315, 6400017.167625999078155 ], [ 318905.456859999976587, 6400030.399635999463499 ], [ 318906.01603, 6400030.224955999292433 ], [ 318929.597956000012346, 6400022.242873999290168 ], [ 318929.84317, 6400022.927301999181509 ], [ 318930.419097999983933, 6400022.730389999225736 ] ] ] ] } },
{ "type": "Feature", "properties": { "B_ID": 19870.0 }, "geometry": { "type": "MultiPolygon", "coordinates": [ [ [ [ 318815.377137999981642, 6399587.592187999747694 ], [ 318814.396965999971144, 6399586.98477799911052 ], [ 318813.275889999989886, 6399586.941901999525726 ], [ 318812.973904000013135, 6399582.67335799895227 ], [ 318813.879862, 6399581.043275998905301 ], [ 318814.488963999960106, 6399581.342613999731839 ], [ 318815.291979999979958, 6399581.436305999755859 ], [ 318816.641169999958947, 6399581.112353999167681 ], [ 318817.230094, 6399580.580373999662697 ], [ 318824.394993999972939, 6399579.773669999092817 ], [ 318822.912082, 6399567.481755998916924 ], [ 318817.027972000010777, 6399568.127277999185026 ], [ 318816.413055999961216, 6399567.233233999460936 ], [ 318816.227008000016212, 6399566.591681999154389 ], [ 318811.36308400001144, 6399567.138747999444604 ], [ 318811.227994000015315, 6399568.073285999707878 ], [ 318810.847006, 6399568.936363999731839 ], [ 318805.041898, 6399569.646993999369442 ], [ 318809.203012000012677, 6399604.495653999038041 ], [ 318825.538983999984339, 6399605.646953999064863 ], [ 318825.566002, 6399599.691159998998046 ], [ 318825.457929999975022, 6399599.695129998959601 ], [ 318825.451089999987744, 6399599.495041999034584 ], [ 318825.362169999978505, 6399599.217935998924077 ], [ 318825.06907600001432, 6399598.828081998974085 ], [ 318824.581041999976151, 6399598.563679999671876 ], [ 318824.019135999958962, 6399598.503335999324918 ], [ 318816.08713, 6399599.325919999741018 ], [ 318814.49306800001068, 6399598.299277999438345 ], [ 318813.933897999988403, 6399591.078641999512911 ], [ 318815.084043999959249, 6399590.800741999410093 ], [ 318815.930836000014096, 6399589.813005999661982 ], [ 318815.807031999982428, 6399588.498141999356449 ], [ 318815.377137999981642, 6399587.592187999747694 ] ] ] ] } },
{ "type": "Feature", "properties": { "B_ID": 19945.0 }, "geometry": { "type": "MultiPolygon", "coordinates": [ [ [ [ 319053.4471, 6399675.225173999555409 ], [ 319053.100996, 6399674.238231998868287 ], [ 319052.63108799996553, 6399673.09725399967283 ], [ 319053.42316, 6399669.848205999471247 ], [ 319055.840074, 6399670.438147999346256 ], [ 319056.522022, 6399671.660907999612391 ], [ 319059.280936, 6399672.977359998971224 ], [ 319060.902016, 6399672.627999999560416 ], [ 319066.405137999972794, 6399675.206117999739945 ], [ 319065.80014, 6399677.688161998987198 ], [ 319065.080914, 6399677.512687999755144 ], [ 319064.311072000011336, 6399677.966855999082327 ], [ 319063.789864, 6399678.456753998994827 ], [ 319063.478986, 6399679.302363999187946 ], [ 319063.523103999963496, 6399679.920889999717474 ], [ 319063.617153999977745, 6399680.198789998888969 ], [ 319061.275137999968138, 6399689.810953998938203 ], [ 319068.332991999981459, 6399691.464061999693513 ], [ 319070.59395399998175, 6399682.968261999078095 ], [ 319075.584075999970082, 6399664.033743998967111 ], [ 319050.195022, 6399652.535829999484122 ], [ 319048.939881999976933, 6399651.625111998990178 ], [ 319048.176879999984521, 6399651.314657999202609 ], [ 319047.46894, 6399651.205085999332368 ], [ 319046.666949999984354, 6399651.26781199965626 ], [ 319045.739103999978397, 6399651.636227998882532 ], [ 319045.05886599997757, 6399652.16185599938035 ], [ 319044.478834, 6399652.759737999178469 ], [ 319044.285945999959949, 6399653.1090979995206 ], [ 319043.797911999979988, 6399654.046811999753118 ], [ 319043.681974, 6399655.004375998862088 ], [ 319043.11699, 6399656.840103999711573 ], [ 319036.366936, 6399683.489919999614358 ], [ 319050.068139999988489, 6399687.081975999288261 ], [ 319052.423835999972653, 6399677.411849998869002 ], [ 319053.174867999972776, 6399676.278811999596655 ], [ 319053.423843999975361, 6399675.780179999768734 ], [ 319053.4471, 6399675.225173999555409 ] ] ] ] } },
{ "type": "Feature", "properties": { "B_ID": 21290.0 }, "geometry": { "type": "MultiPolygon", "coordinates": [ [ [ [ 318544.870869999984279, 6399682.683215999044478 ], [ 318528.694954, 6399661.568373999558389 ], [ 318505.564125999982934, 6399693.268823998980224 ], [ 318506.445117999974173, 6399694.338341998867691 ], [ 318502.390023999963887, 6399697.420649999752641 ], [ 318507.27891399996588, 6399703.98464799951762 ], [ 318497.66905600001337, 6399710.766995999030769 ], [ 318512.093931999988854, 6399729.414879999123514 ], [ 318511.57717, 6399729.766621999442577 ], [ 318535.31504799996037, 6399763.305975999683142 ], [ 318560.421952, 6399744.164223999716341 ], [ 318567.623104, 6399738.6332199992612 ], [ 318547.872945999959484, 6399713.411015999503434 ], [ 318559.265992, 6399705.042255999520421 ], [ 318559.938021999958437, 6399706.054605999030173 ], [ 318564.12889, 6399702.783325999043882 ], [ 318550.288834, 6399684.537205999717116 ], [ 318549.288141999975778, 6399685.221633999608457 ], [ 318546.633879999979399, 6399681.46363199967891 ], [ 318544.870869999984279, 6399682.683215999044478 ] ] ] ] } },
{ "type": "Feature", "properties": { "B_ID": 22078.0 }, "geometry": { "type": "MultiPolygon", "coordinates": [ [ [ [ 319193.16093999997247, 6400244.071387999691069 ], [ 319190.409891999966931, 6400256.117955999448895 ], [ 319207.838896, 6400260.153857999481261 ], [ 319210.73495199996978, 6400247.437947999686003 ], [ 319195.90993600001093, 6400244.261947999708354 ], [ 319195.861029999970924, 6400244.639097998850048 ], [ 319193.16093999997247, 6400244.071387999691069 ] ] ] ] } },
{ "type": "Feature", "properties": { "B_ID": 22281.0 }, "geometry": { "type": "MultiPolygon", "coordinates": [ [ [ [ 319200.60696399997687, 6399931.560927999205887 ], [ 319225.310991999984253, 6399937.48972599953413 ], [ 319230.778888, 6399915.503071999177337 ], [ 319228.984071999962907, 6399912.519219999201596 ], [ 319206.177118, 6399906.861175999045372 ], [ 319200.60696399997687, 6399931.560927999205887 ] ], [ [ 319212.531136, 6399930.450121999718249 ], [ 319213.176148, 6399927.855329999700189 ], [ 319213.281142, 6399927.286031999625266 ], [ 319213.178884, 6399926.599221999756992 ], [ 319212.912123999965843, 6399925.955287999473512 ], [ 319212.700084000010975, 6399925.659125999547541 ], [ 319204.772866000013892, 6399923.687623999081552 ], [ 319206.223972, 6399917.849341999739408 ], [ 319206.456873999966774, 6399918.113743999041617 ], [ 319206.585123999975622, 6399919.1411799993366 ], [ 319206.841965999978129, 6399919.719211999326944 ], [ 319207.266046, 6399920.033635999076068 ], [ 319207.780072, 6399920.302007999271154 ], [ 319208.5099, 6399920.418725999072194 ], [ 319209.259906, 6399920.214667999185622 ], [ 319210.208955999987666, 6399919.26583799906075 ], [ 319215.929932, 6399920.688685999251902 ], [ 319216.675149999966379, 6399921.535089999437332 ], [ 319215.467889999970794, 6399922.52838399913162 ], [ 319215.165904, 6399923.268391999416053 ], [ 319214.868022, 6399924.935791999101639 ], [ 319215.012003999960143, 6399925.388371999375522 ], [ 319215.334167999972124, 6399925.86794799938798 ], [ 319215.816046, 6399926.299089998938143 ], [ 319214.651878, 6399930.978925999253988 ], [ 319212.531136, 6399930.450121999718249 ] ] ] ] } },
{ "type": "Feature", "properties": { "B_ID": 22512.0 }, "geometry": { "type": "MultiPolygon", "coordinates": [ [ [ [ 319069.266994, 6400264.520857999101281 ], [ 319085.576973999966867, 6400268.572639998979867 ], [ 319088.875905999972019, 6400255.023823998868465 ], [ 319072.534119999967515, 6400251.046677999198437 ], [ 319069.266994, 6400264.520857999101281 ] ] ] ] } },
{ "type": "Feature", "properties": { "B_ID": 23493.0 }, "geometry": { "type": "MultiPolygon", "coordinates": [ [ [ [ 319350.570886, 6399851.324845999479294 ], [ 319349.251108, 6399857.899165999144316 ], [ 319344.161121999961324, 6399856.878081999719143 ], [ 319344.057838, 6399857.390211999416351 ], [ 319339.716832, 6399856.520781999453902 ], [ 319340.84714199998416, 6399850.880999999120831 ], [ 319336.231852, 6399849.867855999618769 ], [ 319332.48489999998128, 6399866.822137999348342 ], [ 319351.757967999961693, 6399871.400341999717057 ], [ 319357.382842, 6399847.311175999231637 ], [ 319352.539095999964047, 6399846.082857999019325 ], [ 319342.41316, 6399843.502357998862863 ], [ 319341.242836, 6399848.903939999639988 ], [ 319350.570886, 6399851.324845999479294 ] ] ] ] } },
{ "type": "Feature", "properties": { "B_ID": 23263.0 }, "geometry": { "type": "MultiPolygon", "coordinates": [ [ [ [ 318958.089975999959279, 6399710.858305999077857 ], [ 318977.417079999984708, 6399715.534965999424458 ], [ 318977.557984000013676, 6399715.237215999513865 ], [ 318983.808033999986947, 6399689.610071999020875 ], [ 318986.28514, 6399690.206365999765694 ], [ 318986.566948, 6399689.043949998915195 ], [ 318986.886033999966457, 6399689.141611998900771 ], [ 318987.776943999982905, 6399685.112061999738216 ], [ 318987.588159999984782, 6399685.07712599914521 ], [ 318965.599953999975696, 6399679.758119999431074 ], [ 318958.089975999959279, 6399710.858305999077857 ] ] ] ] } },
{ "type": "Feature", "properties": { "B_ID": 24566.0 }, "geometry": { "type": "MultiPolygon", "coordinates": [ [ [ [ 318599.382934, 6399733.338033999316394 ], [ 318599.0959959999891, 6399734.306713999249041 ], [ 318599.154135999968275, 6399736.066217998974025 ], [ 318599.340868, 6399736.857835999689996 ], [ 318600.100107999984175, 6399738.033749999478459 ], [ 318600.390123999968637, 6399738.342615999281406 ], [ 318600.961948000011034, 6399738.723735999315977 ], [ 318601.487944, 6399738.86665599886328 ], [ 318601.927072, 6399738.852363999001682 ], [ 318612.375856, 6399753.622351999394596 ], [ 318613.593033999961335, 6399755.149213999509811 ], [ 318624.550029999983963, 6399746.824917999096215 ], [ 318619.053063999977894, 6399739.104855999350548 ], [ 318619.178919999976642, 6399734.961763999424875 ], [ 318623.734017999959178, 6399731.18232399970293 ], [ 318615.674103999976069, 6399720.50778799969703 ], [ 318601.379871999961324, 6399731.364149998873472 ], [ 318600.416115999978501, 6399731.904069999232888 ], [ 318599.836084, 6399732.482895999215543 ], [ 318599.382934, 6399733.338033999316394 ] ] ] ] } },
{ "type": "Feature", "properties": { "B_ID": 24679.0 }, "geometry": { "type": "MultiPolygon", "coordinates": [ [ [ [ 319325.869935999973677, 6399962.356217999011278 ], [ 319329.846028, 6399963.45987799949944 ], [ 319335.313923999958206, 6399938.140805999748409 ], [ 319313.273049999959767, 6399932.855147999711335 ], [ 319310.439922, 6399943.729771999642253 ], [ 319308.594148, 6399952.078681998886168 ], [ 319307.507955999986734, 6399957.670029999688268 ], [ 319325.869935999973677, 6399962.356217999011278 ] ], [ [ 319314.773062, 6399944.868367998860776 ], [ 319324.273137999989558, 6399947.266247998923063 ], [ 319322.298087999981362, 6399955.087941999547184 ], [ 319312.798011999984737, 6399952.690061999484897 ], [ 319314.773062, 6399944.868367998860776 ] ] ] ] } },
{ "type": "Feature", "properties": { "B_ID": 24812.0 }, "geometry": { "type": "MultiPolygon", "coordinates": [ [ [ [ 319030.563879999972414, 6400129.498775999061763 ], [ 319028.51188, 6400137.768285999074578 ], [ 319029.349095999961719, 6400137.919939999468625 ], [ 319029.496156, 6400137.300619998946786 ], [ 319047.920037999982014, 6400142.127345999702811 ], [ 319049.152948, 6400137.133085999637842 ], [ 319054.898890000011306, 6400138.606749999336898 ], [ 319057.500141999975313, 6400139.23083399888128 ], [ 319058.404048, 6400140.768017998896539 ], [ 319073.601159999961965, 6400144.445825999602675 ], [ 319074.359032, 6400144.082173999398947 ], [ 319077.810154, 6400144.939693999476731 ], [ 319080.230145999987144, 6400133.703005999326706 ], [ 319057.514847999962512, 6400127.894101999700069 ], [ 319039.880986, 6400123.438967999070883 ], [ 319039.63816599996062, 6400123.026881999336183 ], [ 319035.331017999968026, 6400122.06931799929589 ], [ 319031.383995999989565, 6400124.525159999728203 ], [ 319030.438023999973666, 6400128.801643999293447 ], [ 319030.563879999972414, 6400129.498775999061763 ] ] ] ] } },
{ "type": "Feature", "properties": { "B_ID": 26104.0 }, "geometry": { "type": "MultiPolygon", "coordinates": [ [ [ [ 319094.159121999982744, 6400392.960679999552667 ], [ 319099.475853999960236, 6400388.43408599961549 ], [ 319101.0271659999853, 6400389.33527599927038 ], [ 319100.577094, 6400390.071313999593258 ], [ 319104.742995999986306, 6400392.643079998902977 ], [ 319104.908866000012495, 6400393.279073999263346 ], [ 319105.280961999960709, 6400393.870603999122977 ], [ 319105.804905999975745, 6400394.297775999642909 ], [ 319106.297044, 6400394.505803999491036 ], [ 319106.762164000014309, 6400394.58599799964577 ], [ 319107.096981999988202, 6400394.577263999730349 ], [ 319107.369897999975365, 6400394.53279999922961 ], [ 319108.55014, 6400395.133857998996973 ], [ 319107.910941999987699, 6400396.189877999015152 ], [ 319112.057007999974303, 6400398.192345999181271 ], [ 319118.313898, 6400385.978243999183178 ], [ 319117.592962, 6400383.770129999145865 ], [ 319114.262907999975141, 6400382.294083999469876 ], [ 319106.44991799996933, 6400380.427389998920262 ], [ 319104.672886000014842, 6400377.780193999409676 ], [ 319102.236135999963153, 6400374.51288399938494 ], [ 319099.830166, 6400374.284211999736726 ], [ 319080.152170000015758, 6400391.892749999649823 ], [ 319087.963108, 6400400.869713999330997 ], [ 319089.890962, 6400397.01881399936974 ], [ 319091.613957999972627, 6400395.307743999175727 ], [ 319092.088996, 6400395.382379999384284 ], [ 319092.53599, 6400395.30218599922955 ], [ 319092.927922, 6400395.151325999759138 ], [ 319093.319854, 6400394.898833999410272 ], [ 319093.615, 6400394.61775799933821 ], [ 319093.900911999982782, 6400394.196143999695778 ], [ 319094.07499, 6400393.776117999106646 ], [ 319094.165961999970023, 6400393.251283999532461 ], [ 319094.159121999982744, 6400392.960679999552667 ] ] ] ] } },
{ "type": "Feature", "properties": { "B_ID": 27792.0 }, "geometry": { "type": "MultiPolygon", "coordinates": [ [ [ [ 318972.091114, 6399939.57318199891597 ], [ 318965.558914, 6399966.169799999333918 ], [ 318977.870913999970071, 6399969.32515599951148 ], [ 318978.017973999958485, 6399968.882103999145329 ], [ 318980.99098, 6399956.656885999254882 ], [ 318975.62705199996708, 6399955.281677999533713 ], [ 318977.428023999964353, 6399948.088831999339163 ], [ 318982.786137999966741, 6399949.463245999068022 ], [ 318984.619941999961156, 6399942.722979999147356 ], [ 318972.091114, 6399939.57318199891597 ] ] ] ] } },
{ "type": "Feature", "properties": { "B_ID": 27627.0 }, "geometry": { "type": "MultiPolygon", "coordinates": [ [ [ [ 319115.52283599996008, 6400099.739655999466777 ], [ 319108.796037999971304, 6400133.615665999241173 ], [ 319132.914904, 6400139.989103998988867 ], [ 319135.646115999959875, 6400127.586823998950422 ], [ 319122.907984, 6400124.302839999087155 ], [ 319124.07694, 6400118.004831999540329 ], [ 319129.495929999975488, 6400118.949691999703646 ], [ 319130.483967999985907, 6400113.759313999675214 ], [ 319132.032886, 6400114.145197999663651 ], [ 319135.571902, 6400096.42629399895668 ], [ 319142.707048000011127, 6400098.250111998990178 ], [ 319145.65885, 6400085.202309999614954 ], [ 319119.782103999983519, 6400078.812197999097407 ], [ 319115.52283599996008, 6400099.739655999466777 ] ] ] ] } },
{ "type": "Feature", "properties": { "B_ID": 27875.0 }, "geometry": { "type": "MultiPolygon", "coordinates": [ [ [ [ 318747.659086, 6399642.582245999015868 ], [ 318734.008156, 6399639.61665599886328 ], [ 318734.557066, 6399637.492705998942256 ], [ 318730.571056000015233, 6399636.554991999641061 ], [ 318726.55597599997418, 6399653.557707998901606 ], [ 318726.72595, 6399653.633931999094784 ], [ 318726.695169999962673, 6399653.966617999598384 ], [ 318744.257896, 6399657.826251999475062 ], [ 318747.659086, 6399642.582245999015868 ] ] ] ] } },
{ "type": "Feature", "properties": { "B_ID": 29460.0 }, "geometry": { "type": "MultiPolygon", "coordinates": [ [ [ [ 319449.36613599996781, 6399827.838325999677181 ], [ 319468.672036, 6399841.919915999285877 ], [ 319490.608941999962553, 6399811.846371999010444 ], [ 319471.303041999984998, 6399797.763987999409437 ], [ 319449.36613599996781, 6399827.838325999677181 ] ], [ [ 319472.181982, 6399814.233929999172688 ], [ 319473.144028, 6399813.875835998915136 ], [ 319477.949128, 6399817.324971999041736 ], [ 319470.283881999959704, 6399827.612035999074578 ], [ 319464.704835999989882, 6399823.754783999174833 ], [ 319472.181982, 6399814.233929999172688 ] ] ] ] } },
{ "type": "Feature", "properties": { "B_ID": 16290.0 }, "geometry": { "type": "MultiPolygon", "coordinates": [ [ [ [ 319221.724095999961719, 6399732.116067999042571 ], [ 319198.326165999984369, 6399720.941311999224126 ], [ 319197.768021999974735, 6399721.305757999420166 ], [ 319186.437904, 6399771.045887999236584 ], [ 319211.662114, 6399777.019943999126554 ], [ 319221.724095999961719, 6399732.116067999042571 ] ], [ [ 319197.535120000015013, 6399748.108021999709308 ], [ 319206.322126000013668, 6399749.962805999442935 ], [ 319206.957904, 6399747.438679999671876 ], [ 319211.479828000010457, 6399748.516137999482453 ], [ 319207.872069999983069, 6399764.54779199976474 ], [ 319194.513891999959014, 6399761.545677999034524 ], [ 319197.535120000015013, 6399748.108021999709308 ] ] ] ] } },
{ "type": "Feature", "properties": { "B_ID": 17069.0 }, "geometry": { "type": "MultiPolygon", "coordinates": [ [ [ [ 319095.428968, 6400164.720615999773145 ], [ 319100.119155999971554, 6400141.49770399928093 ], [ 319098.163942000013776, 6400138.154963999055326 ], [ 319080.230145999987144, 6400133.703005999326706 ], [ 319078.524933999986388, 6400141.618391999043524 ], [ 319085.252073999959975, 6400143.455707998946309 ], [ 319081.532139999966603, 6400161.304827999323606 ], [ 319082.945967999985442, 6400154.462135999463499 ], [ 319067.826147999963723, 6400150.916131999343634 ], [ 319065.503968, 6400160.922913999296725 ], [ 319067.034075999981724, 6400161.28418399952352 ], [ 319066.482429999974556, 6400163.820219999179244 ], [ 319044.20694399997592, 6400158.582201999612153 ], [ 319046.923107999959029, 6400146.522929999046028 ], [ 319051.173141999985091, 6400147.527339999563992 ], [ 319052.102014, 6400143.223065999336541 ], [ 319029.496156, 6400137.300619998946786 ], [ 319021.528923999983817, 6400170.797097999602556 ], [ 319023.208143999974709, 6400173.392683999612927 ], [ 319074.924016, 6400185.774319998919964 ], [ 319074.975999999966007, 6400185.559939999133348 ], [ 319087.98397, 6400188.601753999479115 ], [ 319088.570157999987714, 6400188.585079999640584 ], [ 319089.4939, 6400188.300827999599278 ], [ 319090.04486199998064, 6400187.904621999710798 ], [ 319090.335903999977745, 6400187.582257999107242 ], [ 319090.632075999979861, 6400187.081243999302387 ], [ 319095.428968, 6400164.720615999773145 ] ], [ [ 319080.832065999973565, 6400161.131735999137163 ], [ 319080.871738000016194, 6400161.142057999037206 ], [ 319079.028016, 6400168.550077999010682 ], [ 319080.832065999973565, 6400161.131735999137163 ] ] ] ] } },
{ "type": "Feature", "properties": { "B_ID": 19257.0 }, "geometry": { "type": "MultiPolygon", "coordinates": [ [ [ [ 319285.00503999995999, 6400335.760919999331236 ], [ 319274.056936, 6400332.612709999084473 ], [ 319274.02684, 6400332.740543999709189 ], [ 319259.153943999961484, 6400328.64032799936831 ], [ 319261.11805, 6400322.87588799931109 ], [ 319238.191054, 6400316.770821999758482 ], [ 319233.449908, 6400341.901715999469161 ], [ 319280.831956, 6400354.050709999166429 ], [ 319285.00503999995999, 6400335.760919999331236 ] ], [ [ 319242.788902, 6400324.395603999495506 ], [ 319257.004816, 6400328.082145999185741 ], [ 319255.76301399996737, 6400331.840147999115288 ], [ 319273.154739999969024, 6400336.432643999345601 ], [ 319272.450903999968432, 6400339.410937999375165 ], [ 319241.346004, 6400331.350249999202788 ], [ 319242.788902, 6400324.395603999495506 ] ] ] ] } },
{ "type": "Feature", "properties": { "B_ID": 23174.0 }, "geometry": { "type": "MultiPolygon", "coordinates": [ [ [ [ 318619.512027999968268, 6399633.324999999254942 ], [ 318624.119109999970533, 6399629.667835999280214 ], [ 318624.512067999981809, 6399630.163291999138892 ], [ 318632.135932, 6399626.190909999422729 ], [ 318632.801121999975294, 6399626.89121799916029 ], [ 318638.249865999969188, 6399622.427349999547005 ], [ 318621.552058, 6399601.267249999567866 ], [ 318632.55796, 6399585.863649999722838 ], [ 318655.753083999967203, 6399614.766837999224663 ], [ 318663.254169999971054, 6399610.642007999122143 ], [ 318663.873873999982607, 6399611.258945999667048 ], [ 318669.406066, 6399606.836365999653935 ], [ 318642.192099999985658, 6399572.549857999198139 ], [ 318650.451057999976911, 6399561.037651998922229 ], [ 318656.506851999962237, 6399557.952961998991668 ], [ 318685.381912000011653, 6399594.14665799960494 ], [ 318690.912052, 6399589.689141998998821 ], [ 318690.327915999980178, 6399588.984069999307394 ], [ 318696.153885999985505, 6399582.512175999581814 ], [ 318670.987131999980193, 6399550.877627999521792 ], [ 318672.987147999985609, 6399549.903389999642968 ], [ 318689.68906, 6399541.610059998929501 ], [ 318691.762947999988683, 6399548.878335999324918 ], [ 318694.779045999981463, 6399559.163017999380827 ], [ 318701.593054, 6399557.219305999577045 ], [ 318700.99387, 6399554.87779999896884 ], [ 318709.072936000011396, 6399552.448953999206424 ], [ 318707.804116000013892, 6399548.00175999943167 ], [ 318702.942928, 6399530.861681999638677 ], [ 318700.403920000011567, 6399531.592161999084055 ], [ 318699.561915999976918, 6399527.922293999232352 ], [ 318701.87315200001467, 6399527.325205999426544 ], [ 318700.465137999970466, 6399522.439723999239504 ], [ 318634.853122, 6399541.319455998949707 ], [ 318630.80692, 6399549.021255998872221 ], [ 318628.958067999978084, 6399552.306827999651432 ], [ 318601.37405799998669, 6399605.418281999416649 ], [ 318606.049881999962963, 6399607.70182599965483 ], [ 318606.689079999981914, 6399606.004253999330103 ], [ 318610.204839999962132, 6399607.685151998884976 ], [ 318608.524936, 6399610.020305999554694 ], [ 318609.223983999982011, 6399610.897675999440253 ], [ 318604.616901999979746, 6399614.55483999941498 ], [ 318619.512027999968268, 6399633.324999999254942 ] ] ] ] } },
{ "type": "Feature", "properties": { "B_ID": 23994.0 }, "geometry": { "type": "MultiPolygon", "coordinates": [ [ [ [ 319189.280949999985751, 6399887.458991999737918 ], [ 319189.644153999979608, 6399883.819295999594033 ], [ 319195.176004, 6399884.087667998857796 ], [ 319195.535104, 6399879.557897998951375 ], [ 319202.269083999970462, 6399880.000949999317527 ], [ 319202.311149999964982, 6399879.306993999518454 ], [ 319202.998911999980919, 6399879.349869999103248 ], [ 319204.242082000011578, 6399879.18709999974817 ], [ 319205.316988, 6399878.863147999159992 ], [ 319206.575889999978244, 6399878.289085999131203 ], [ 319207.839922000013757, 6399877.572897999547422 ], [ 319208.74895799998194, 6399876.797953999601305 ], [ 319209.81805, 6399875.838007999584079 ], [ 319210.87996, 6399874.392927999608219 ], [ 319211.513002, 6399873.136025999672711 ], [ 319212.075933999964036, 6399871.903737999498844 ], [ 319212.576964, 6399870.333999998867512 ], [ 319212.780112, 6399868.741235999390483 ], [ 319212.765063999977428, 6399867.180231999605894 ], [ 319212.579015999974217, 6399865.788349999114871 ], [ 319212.186057999962941, 6399864.382175999693573 ], [ 319211.688106000015978, 6399863.22293599974364 ], [ 319210.977087999985088, 6399861.745301999151707 ], [ 319210.352938, 6399860.791707999072969 ], [ 319209.484942000010051, 6399859.762683999724686 ], [ 319208.231169999984559, 6399858.698723998852074 ], [ 319207.126852000015788, 6399857.922985998913646 ], [ 319206.105982, 6399857.388623999431729 ], [ 319204.533124, 6399856.812973999418318 ], [ 319203.708904, 6399856.758187999017537 ], [ 319203.758151999965776, 6399856.008651999756694 ], [ 319191.617151999962516, 6399855.21465199906379 ], [ 319191.914008, 6399847.261947999708354 ], [ 319177.539064000011422, 6399846.364727999083698 ], [ 319177.094121999980416, 6399854.265821998938918 ], [ 319154.831973999971524, 6399852.812801999039948 ], [ 319154.475952, 6399858.21994199976325 ], [ 319152.340161999978591, 6399858.155627999454737 ], [ 319151.448909999977332, 6399871.369375999085605 ], [ 319153.616847999976017, 6399871.446393999271095 ], [ 319153.261851999966893, 6399876.797953999601305 ], [ 319175.097867999982554, 6399878.224771999754012 ], [ 319175.036992, 6399886.56018399912864 ], [ 319189.280949999985751, 6399887.458991999737918 ] ] ] ] } },
{ "type": "Feature", "properties": { "B_ID": 27330.0 }, "geometry": { "type": "MultiPolygon", "coordinates": [ [ [ [ 319135.777101999963634, 6400217.200839999131858 ], [ 319137.993946, 6400208.092071998864412 ], [ 319124.125162000011187, 6400204.533363998867571 ], [ 319123.879605999973137, 6400205.082017999142408 ], [ 319095.421102, 6400198.348897999152541 ], [ 319092.794883999973536, 6400209.428373998962343 ], [ 319121.563923999958206, 6400216.235335999168456 ], [ 319122.096759999985807, 6400213.981963999569416 ], [ 319135.777101999963634, 6400217.200839999131858 ] ] ] ] } },
{ "type": "Feature", "properties": { "B_ID": 29527.0 }, "geometry": { "type": "MultiPolygon", "coordinates": [ [ [ [ 319064.653072000015527, 6399990.428881999105215 ], [ 319064.908888, 6399990.990239999257028 ], [ 319065.196168, 6399991.256229999475181 ], [ 319065.826131999958307, 6399991.557155999355018 ], [ 319077.258849999983795, 6399994.144801999442279 ], [ 319082.002048, 6399973.6993019990623 ], [ 319069.29196, 6399970.462957999669015 ], [ 319064.662989999982528, 6399989.897695999592543 ], [ 319064.653072000015527, 6399990.428881999105215 ] ] ] ] } },
{ "type": "Feature", "properties": { "B_ID": 30701.0 }, "geometry": { "type": "MultiPolygon", "coordinates": [ [ [ [ 319358.041876, 6399904.328315999358892 ], [ 319356.711153999960516, 6399910.207885999232531 ], [ 319349.618074, 6399908.503167998977005 ], [ 319348.449117999989539, 6399913.314013998955488 ], [ 319382.222986, 6399921.208755998872221 ], [ 319384.718902, 6399910.993945999071002 ], [ 319358.041876, 6399904.328315999358892 ] ] ] ] } },
{ "type": "Feature", "properties": { "B_ID": 30798.0 }, "geometry": { "type": "MultiPolygon", "coordinates": [ [ [ [ 319280.70404799998505, 6399794.09094399958849 ], [ 319280.935924, 6399793.161169999279082 ], [ 319286.945889999973588, 6399764.003107999451458 ], [ 319287.250953999988269, 6399763.356791999191046 ], [ 319275.783010000013746, 6399757.75829799938947 ], [ 319268.627002, 6399788.320945999585092 ], [ 319270.330846, 6399791.235719999298453 ], [ 319280.70404799998505, 6399794.09094399958849 ] ] ] ] } },
{ "type": "Feature", "properties": { "B_ID": 31112.0 }, "geometry": { "type": "MultiPolygon", "coordinates": [ [ [ [ 318804.578830000013113, 6399692.289027999155223 ], [ 318802.892086, 6399699.377859999425709 ], [ 318802.094883999961894, 6399700.472785999067128 ], [ 318800.262105999980122, 6399700.091665999032557 ], [ 318800.306907999969553, 6399699.994797999039292 ], [ 318797.65914399997564, 6399699.473933999426663 ], [ 318797.899912, 6399698.309929999522865 ], [ 318792.204928, 6399696.953777999617159 ], [ 318789.114957999961916, 6399710.921031999401748 ], [ 318804.762141999963205, 6399714.485297999344766 ], [ 318811.237911999982316, 6399686.153789998963475 ], [ 318802.016908, 6399684.283919999375939 ], [ 318801.492963999975473, 6399687.273329999297857 ], [ 318800.303145999961998, 6399687.591723999008536 ], [ 318799.77612399996724, 6399689.76887199934572 ], [ 318800.546991999959573, 6399690.458063999190927 ], [ 318800.659852000011597, 6399690.786779999732971 ], [ 318803.892094, 6399691.561723999679089 ], [ 318804.578830000013113, 6399692.289027999155223 ] ] ] ] } },
{ "type": "Feature", "properties": { "B_ID": 33032.0 }, "geometry": { "type": "MultiPolygon", "coordinates": [ [ [ [ 319464.542044, 6399935.946983999572694 ], [ 319479.905026, 6399939.80502999946475 ], [ 319485.76998400001321, 6399913.950801999308169 ], [ 319463.109063999960199, 6399908.353895999491215 ], [ 319456.623033999989275, 6399933.965953999198973 ], [ 319464.542044, 6399935.946983999572694 ] ], [ [ 319466.339937999960966, 6399920.092391999438405 ], [ 319470.676156, 6399921.188905999064445 ], [ 319470.54311799997231, 6399921.712945999577641 ], [ 319473.79588, 6399922.53632399905473 ], [ 319474.803069999965373, 6399922.27827399969101 ], [ 319471.80715, 6399933.997713998891413 ], [ 319463.201062, 6399932.565337999723852 ], [ 319466.339937999960966, 6399920.092391999438405 ] ] ] ] } },
{ "type": "Feature", "properties": { "B_ID": 34282.0 }, "geometry": { "type": "MultiPolygon", "coordinates": [ [ [ [ 318647.741050000011455, 6399764.211929999291897 ], [ 318652.820092, 6399770.834683999419212 ], [ 318646.807047999987844, 6399775.474025999195874 ], [ 318645.894933999981731, 6399775.37795199919492 ], [ 318641.195854, 6399769.171253999695182 ], [ 318630.961846, 6399776.91592999920249 ], [ 318639.923956000013277, 6399788.152617999352515 ], [ 318661.612911999982316, 6399771.785895999521017 ], [ 318656.514034, 6399764.989255999214947 ], [ 318652.888833999983035, 6399760.380879999138415 ], [ 318647.741050000011455, 6399764.211929999291897 ] ] ] ] } },
{ "type": "Feature", "properties": { "B_ID": 34591.0 }, "geometry": { "type": "MultiPolygon", "coordinates": [ [ [ [ 319142.111968000011984, 6400357.861115999519825 ], [ 319143.551104000012856, 6400368.922329999506474 ], [ 319142.214909999980591, 6400369.756029998883605 ], [ 319134.909105999977328, 6400368.191849999129772 ], [ 319134.969982, 6400367.710685999132693 ], [ 319130.02192600001581, 6400366.50301199965179 ], [ 319132.83385, 6400379.051387999206781 ], [ 319154.072049999958836, 6400383.685171999037266 ], [ 319156.197921999963, 6400381.616007999517024 ], [ 319154.804956, 6400370.569085999391973 ], [ 319155.339159999974072, 6400369.910859999246895 ], [ 319155.197913999960292, 6400368.237901999615133 ], [ 319154.458167999982834, 6400367.706715999171138 ], [ 319153.980051999969874, 6400362.829967998899519 ], [ 319154.419864, 6400362.190003999508917 ], [ 319154.278959999966901, 6400360.435263999737799 ], [ 319153.53511, 6400359.904077999293804 ], [ 319153.04605, 6400355.360015999525785 ], [ 319153.574098000011873, 6400354.565221999771893 ], [ 319153.324096, 6400352.173693999648094 ], [ 319152.578877999971155, 6400351.482913998886943 ], [ 319152.459861999959685, 6400350.449125999584794 ], [ 319150.231047999986913, 6400350.611101998947561 ], [ 319147.465977999963798, 6400351.015247999690473 ], [ 319146.580881999980193, 6400351.142287999391556 ], [ 319140.945063999970444, 6400352.233243999071419 ], [ 319141.714906, 6400357.876201999373734 ], [ 319142.111968000011984, 6400357.861115999519825 ] ] ] ] } },
{ "type": "Feature", "properties": { "B_ID": 34562.0 }, "geometry": { "type": "MultiPolygon", "coordinates": [ [ [ [ 319141.355121999979019, 6400201.604297999292612 ], [ 319141.120851999963634, 6400202.538835999555886 ], [ 319144.018960000015795, 6400203.251053999178112 ], [ 319144.248099999967963, 6400202.317309998907149 ], [ 319167.549927999963984, 6400208.054753999225795 ], [ 319167.32113, 6400208.994055999442935 ], [ 319170.142972, 6400209.691187999211252 ], [ 319170.373137999966275, 6400208.751885998994112 ], [ 319206.971925999969244, 6400217.765373999252915 ], [ 319206.737998, 6400218.714203999377787 ], [ 319209.637132, 6400219.427215998992324 ], [ 319209.871059999975841, 6400218.47679799888283 ], [ 319216.797927999985404, 6400220.187073999084532 ], [ 319228.312042, 6400170.878879999741912 ], [ 319220.856099999975413, 6400169.042357998900115 ], [ 319221.066087999963202, 6400168.199923999607563 ], [ 319218.166954000014812, 6400167.486117999069393 ], [ 319217.96312199998647, 6400168.329345999285579 ], [ 319156.355925999989267, 6400153.18061999976635 ], [ 319156.590879999974277, 6400152.237347999587655 ], [ 319153.788873999961652, 6400151.548155999742448 ], [ 319153.560076, 6400152.492221998982131 ], [ 319130.304076, 6400146.779391999356449 ], [ 319130.545869999972638, 6400145.791655999608338 ], [ 319127.63202999997884, 6400145.074673999100924 ], [ 319127.390919999976177, 6400146.055263998918235 ], [ 319108.363066, 6400141.380191999487579 ], [ 319098.141027999983635, 6400190.959139999002218 ], [ 319105.262836, 6400192.713879999704659 ], [ 319105.033011999970768, 6400193.642859999090433 ], [ 319107.9619, 6400194.363811999559402 ], [ 319108.192065999959596, 6400193.434831999242306 ], [ 319141.355121999979019, 6400201.604297999292612 ] ], [ [ 319124.944935999985319, 6400160.313915999606252 ], [ 319145.193045999971218, 6400165.331995999440551 ], [ 319140.067149999958929, 6400186.44683799892664 ], [ 319119.374098, 6400181.447813998907804 ], [ 319124.944935999985319, 6400160.313915999606252 ] ], [ [ 319146.925959999964107, 6400188.270655998960137 ], [ 319148.031987999973353, 6400183.75914799887687 ], [ 319149.185896, 6400184.080717999488115 ], [ 319149.583983999968041, 6400182.641989999450743 ], [ 319148.389036, 6400182.311685998924077 ], [ 319150.763884000014514, 6400172.632825999520719 ], [ 319152.030993999971543, 6400172.986155998893082 ], [ 319152.427029999962542, 6400171.546633998863399 ], [ 319151.116143999970518, 6400171.186951999552548 ], [ 319152.128121999965515, 6400167.07164999935776 ], [ 319176.793162000016309, 6400173.105255999602377 ], [ 319175.764083999965806, 6400177.287253999151289 ], [ 319174.73808400001144, 6400177.003001999109983 ], [ 319174.339996, 6400178.43696599919349 ], [ 319175.408062, 6400178.733921999111772 ], [ 319173.020901999960188, 6400188.397695999592543 ], [ 319172.034915999975055, 6400188.126147999428213 ], [ 319171.63717, 6400189.560111999511719 ], [ 319172.66488, 6400189.845157999545336 ], [ 319171.586895999964327, 6400194.224861999042332 ], [ 319146.925959999964107, 6400188.270655998960137 ] ], [ [ 319178.59789599996293, 6400195.880351999774575 ], [ 319183.799032, 6400174.679757999256253 ], [ 319211.126883999968413, 6400181.415259999223053 ], [ 319205.600847999972757, 6400202.548363999463618 ], [ 319178.59789599996293, 6400195.880351999774575 ] ] ] ] } },
{ "type": "Feature", "properties": { "B_ID": 37519.0 }, "geometry": { "type": "MultiPolygon", "coordinates": [ [ [ [ 318944.715039999980945, 6399861.706395999528468 ], [ 318940.899004, 6399894.801109999418259 ], [ 318969.908127999980934, 6399902.032861999236047 ], [ 318978.256005999981426, 6399868.550675999373198 ], [ 318978.010107999958564, 6399868.615783999674022 ], [ 318961.501083999988623, 6399865.420727998949587 ], [ 318945.009160000015981, 6399861.78579599969089 ], [ 318944.715039999980945, 6399861.706395999528468 ] ] ] ] } },
{ "type": "Feature", "properties": { "B_ID": 36821.0 }, "geometry": { "type": "MultiPolygon", "coordinates": [ [ [ [ 319267.933083999960218, 6399974.84107399918139 ], [ 319274.18416, 6399949.695093999616802 ], [ 319263.506920000014361, 6399947.113799999468029 ], [ 319260.834874, 6399958.14563599973917 ], [ 319257.416925999976229, 6399972.278835998848081 ], [ 319267.933083999960218, 6399974.84107399918139 ] ], [ [ 319263.242895999981556, 6399961.974303998984396 ], [ 319263.78394, 6399959.882113999687135 ], [ 319264.108155999972951, 6399959.964689998887479 ], [ 319264.36705, 6399958.965043999254704 ], [ 319265.015139999974053, 6399959.134165999479592 ], [ 319265.86603599996306, 6399955.844623999670148 ], [ 319271.870872, 6399957.397687999531627 ], [ 319270.111966, 6399964.194327998906374 ], [ 319263.373881999985315, 6399962.449909999035299 ], [ 319263.242895999981556, 6399961.974303998984396 ] ] ] ] } },
{ "type": "Feature", "properties": { "B_ID": 36756.0 }, "geometry": { "type": "MultiPolygon", "coordinates": [ [ [ [ 319521.79387, 6400062.296203998848796 ], [ 319530.194074, 6400064.347899999469519 ], [ 319525.507990000012796, 6400084.233629999682307 ], [ 319514.388885999971535, 6400081.622957998886704 ], [ 319509.501021999982186, 6400099.329157999716699 ], [ 319579.220115999982227, 6400117.114757998846471 ], [ 319580.52895, 6400111.717145998962224 ], [ 319582.649007999978494, 6400112.268181999213994 ], [ 319585.756078, 6400099.546713999472558 ], [ 319584.340881999989506, 6400099.157653999514878 ], [ 319587.074145999969915, 6400087.64703599922359 ], [ 319588.504047999973409, 6400088.000365999527276 ], [ 319594.502043999964371, 6400063.245827998965979 ], [ 319592.163106, 6400059.44733199942857 ], [ 319525.828102, 6400043.735659999772906 ], [ 319521.79387, 6400062.296203998848796 ] ], [ [ 319568.672835999983363, 6400094.735867999494076 ], [ 319536.760131999966688, 6400087.081707999110222 ], [ 319541.574123999977019, 6400067.009387999773026 ], [ 319573.487169999978505, 6400074.662753999233246 ], [ 319568.672835999983363, 6400094.735867999494076 ] ] ] ] } },
{ "type": "Feature", "properties": { "B_ID": 37593.0 }, "geometry": { "type": "MultiPolygon", "coordinates": [ [ [ [ 318716.535034, 6399694.054089999757707 ], [ 318737.420974, 6399699.158715999685228 ], [ 318740.300956, 6399687.146289999596775 ], [ 318735.376156000012998, 6399685.749643999151886 ], [ 318735.360081999970134, 6399685.270067999139428 ], [ 318735.259876, 6399684.673773999325931 ], [ 318734.903853999974672, 6399683.952027998864651 ], [ 318734.616915999969933, 6399683.667775999754667 ], [ 318734.180866, 6399683.457365998998284 ], [ 318733.771834000013769, 6399683.37637799885124 ], [ 318733.378876, 6399683.416077999398112 ], [ 318732.600142000010237, 6399683.646337999030948 ], [ 318732.00814, 6399684.121149999089539 ], [ 318731.693841999978758, 6399684.472097999416292 ], [ 318731.545072, 6399684.796843999065459 ], [ 318724.878123999980744, 6399683.232663999311626 ], [ 318725.893863999983296, 6399678.998261999338865 ], [ 318726.36001, 6399678.991115999408066 ], [ 318726.973899999982677, 6399678.801349999383092 ], [ 318727.234845999977551, 6399678.641755999065936 ], [ 318727.572057999961544, 6399678.3336839992553 ], [ 318727.73485, 6399678.10818799957633 ], [ 318727.863099999958649, 6399677.862047999165952 ], [ 318727.984168, 6399677.46425399929285 ], [ 318728.012896, 6399677.149829999543726 ], [ 318728.004003999987617, 6399676.887015999294817 ], [ 318727.956123999960255, 6399676.621819999068975 ], [ 318727.877121999976225, 6399676.37567999958992 ], [ 318727.776916, 6399676.149389998987317 ], [ 318727.558036, 6399675.831789999268949 ], [ 318727.234845999977551, 6399675.552301999181509 ], [ 318726.946881999960169, 6399675.391119998879731 ], [ 318726.67499199998565, 6399675.282341999001801 ], [ 318726.379846, 6399675.215645999647677 ], [ 318726.306999999971595, 6399675.548331999219954 ], [ 318721.461886, 6399674.475637999363244 ], [ 318723.398974000010639, 6399665.808333999477327 ], [ 318723.267988, 6399665.777367998845875 ], [ 318717.030933999980334, 6399693.016331999562681 ], [ 318716.818893999967258, 6399692.963927999138832 ], [ 318716.535034, 6399694.054089999757707 ] ] ] ] } },
{ "type": "Feature", "properties": { "B_ID": 38042.0 }, "geometry": { "type": "MultiPolygon", "coordinates": [ [ [ [ 319107.989943999971729, 6399812.768999999389052 ], [ 319141.368117999983951, 6399820.739965999498963 ], [ 319147.855858, 6399793.928173999302089 ], [ 319162.468149999971502, 6399797.139903998933733 ], [ 319167.87688, 6399774.33701799903065 ], [ 319120.704136000014842, 6399763.073333999142051 ], [ 319113.611056, 6399792.746701999567449 ], [ 319112.839845999958925, 6399792.548995999619365 ], [ 319107.989943999971729, 6399812.768999999389052 ] ] ] ] } },
{ "type": "Feature", "properties": { "B_ID": 40464.0 }, "geometry": { "type": "MultiPolygon", "coordinates": [ [ [ [ 319263.507945999968797, 6399947.113799999468029 ], [ 319274.18416, 6399949.695887999609113 ], [ 319275.731026, 6399943.053283999674022 ], [ 319262.911840000015218, 6399940.641111999750137 ], [ 319264.668009999964852, 6399933.391097999177873 ], [ 319277.394855999969877, 6399936.158981999382377 ], [ 319279.924972, 6399924.986607999540865 ], [ 319239.98416, 6399915.475281999446452 ], [ 319237.381882000016049, 6399917.128389999270439 ], [ 319231.73614599998109, 6399939.212705999612808 ], [ 319263.507945999968797, 6399947.113799999468029 ] ], [ [ 319257.082108, 6399939.893163999542594 ], [ 319247.854948, 6399937.411119999364018 ], [ 319244.922981999989133, 6399938.491753999143839 ], [ 319247.165134, 6399928.93675799947232 ], [ 319258.484991999983322, 6399932.041297999210656 ], [ 319257.082108, 6399939.893163999542594 ] ] ] ] } },
{ "type": "Feature", "properties": { "B_ID": 40882.0 }, "geometry": { "type": "MultiPolygon", "coordinates": [ [ [ [ 318833.570169999962673, 6399673.167919998988509 ], [ 318833.262027999968268, 6399674.498663999140263 ], [ 318833.408062, 6399675.295045998878777 ], [ 318834.235018, 6399676.107307999394834 ], [ 318834.761013999988791, 6399676.289927999489009 ], [ 318836.076003999973182, 6399676.166063999757171 ], [ 318836.551042, 6399675.989795999601483 ], [ 318836.858842000016011, 6399675.660285999067128 ], [ 318837.310965999960899, 6399674.500251999124885 ], [ 318838.592098, 6399674.843259999528527 ], [ 318839.347918000014033, 6399675.938185999169946 ], [ 318836.925874, 6399685.142233999446034 ], [ 318836.057877999963239, 6399685.043777999468148 ], [ 318835.162864000012632, 6399685.143027999438345 ], [ 318834.789057999965735, 6399685.258157999254763 ], [ 318834.279135999968275, 6399685.697239999659359 ], [ 318833.823933999985456, 6399686.264155999757349 ], [ 318833.672085999976844, 6399686.839011998847127 ], [ 318833.757928, 6399687.683033999055624 ], [ 318834.047944, 6399688.298383999615908 ], [ 318834.331119999988005, 6399688.622335999272764 ], [ 318834.935092, 6399688.865299999713898 ], [ 318836.092078000016045, 6399689.137641998939216 ], [ 318835.568134, 6399691.740373998880386 ], [ 318847.612006000010297, 6399694.416947999037802 ], [ 318853.933876, 6399668.057735999114811 ], [ 318853.953027999959886, 6399667.402685998938978 ], [ 318853.638045999978203, 6399666.558663999661803 ], [ 318853.166085999982897, 6399666.01318599935621 ], [ 318852.318952, 6399665.347813999280334 ], [ 318836.632096000015736, 6399661.590605999343097 ], [ 318833.337951999972574, 6399660.852979999035597 ], [ 318830.766111999982968, 6399672.589887998998165 ], [ 318833.570169999962673, 6399673.167919998988509 ] ] ] ] } },
{ "type": "Feature", "properties": { "B_ID": 40850.0 }, "geometry": { "type": "MultiPolygon", "coordinates": [ [ [ [ 318850.406145999964792, 6399936.922015999443829 ], [ 318850.639047999982722, 6399916.155739999376237 ], [ 318813.309063999971841, 6399916.200997998937964 ], [ 318791.869084, 6399937.921661999076605 ], [ 318806.588080000015907, 6399952.764697999693453 ], [ 318821.730129999981727, 6399937.227705999277532 ], [ 318850.406145999964792, 6399936.922015999443829 ] ] ] ] } },
{ "type": "Feature", "properties": { "B_ID": 41610.0 }, "geometry": { "type": "MultiPolygon", "coordinates": [ [ [ [ 318975.367131999984849, 6400236.434695999138057 ], [ 318974.788125999970362, 6400238.769849998876452 ], [ 318977.749846, 6400248.46220799908042 ], [ 318980.093913999968208, 6400247.829389999620616 ], [ 318977.142111999972258, 6400236.938885998912156 ], [ 318975.367131999984849, 6400236.434695999138057 ] ] ] ] } },
{ "type": "Feature", "properties": { "B_ID": 41680.0 }, "geometry": { "type": "MultiPolygon", "coordinates": [ [ [ [ 319227.223114, 6399748.381951998919249 ], [ 319227.016888000012841, 6399749.245823998935521 ], [ 319227.424894, 6399749.730163998901844 ], [ 319227.77989, 6399749.968363999389112 ], [ 319230.54495999997016, 6399750.639293999411166 ], [ 319233.141081999987364, 6399737.975787999108434 ], [ 319233.302164, 6399737.632779999636114 ], [ 319221.724095999961719, 6399732.116067999042571 ], [ 319221.589005999965593, 6399732.578175999224186 ], [ 319211.662114, 6399777.019943999126554 ], [ 319223.832867999968585, 6399779.85928799957037 ], [ 319226.431042000011075, 6399767.625335999764502 ], [ 319220.772994, 6399766.308883999474347 ], [ 319222.380052, 6399759.402671999298036 ], [ 319222.729918, 6399759.188291999511421 ], [ 319223.135872000013478, 6399758.932623999193311 ], [ 319223.666998, 6399758.464957999065518 ], [ 319224.105099999986123, 6399757.755121999420226 ], [ 319224.277125999971759, 6399757.022259999066591 ], [ 319224.090052000014111, 6399756.271135998889804 ], [ 319223.291139999986626, 6399755.354065999388695 ], [ 319224.71591199998511, 6399749.475289999507368 ], [ 319223.856123999983538, 6399749.265673999674618 ], [ 319224.244978, 6399747.665763999335468 ], [ 319227.223114, 6399748.381951998919249 ] ] ] ] } },
{ "type": "Feature", "properties": { "B_ID": 41611.0 }, "geometry": { "type": "MultiPolygon", "coordinates": [ [ [ [ 318978.217017999966629, 6400226.635147999040782 ], [ 318975.719050000014249, 6400236.550619998946786 ], [ 318983.662000000011176, 6400238.800815999507904 ], [ 318983.55085, 6400239.136677999049425 ], [ 318981.697893999982625, 6400247.275177999399602 ], [ 318983.79196, 6400247.757135999388993 ], [ 318982.97184399998514, 6400252.002653999254107 ], [ 318992.413095999974757, 6400254.066259999759495 ], [ 318997.032832, 6400234.325831999070942 ], [ 318994.999984, 6400231.206999999471009 ], [ 318978.217017999966629, 6400226.635147999040782 ] ] ] ] } },
{ "type": "Feature", "properties": { "B_ID": 42121.0 }, "geometry": { "type": "MultiPolygon", "coordinates": [ [ [ [ 318997.134063999983482, 6399850.296615999191999 ], [ 319020.873993999965023, 6399855.914959999732673 ], [ 319022.629137999960221, 6399847.142053999006748 ], [ 319024.745092, 6399835.359887999482453 ], [ 319025.601118, 6399829.76377599965781 ], [ 319031.433927999984007, 6399803.333103999495506 ], [ 319009.9559860000154, 6399798.167339999228716 ], [ 319007.095839999965392, 6399799.89508399926126 ], [ 318995.204158, 6399847.21271999925375 ], [ 318997.134063999983482, 6399850.296615999191999 ] ], [ [ 319013.565111999982037, 6399833.732187999412417 ], [ 319019.550111999968067, 6399835.217761998996139 ], [ 319018.922884, 6399837.68074999935925 ], [ 319017.521025999973062, 6399838.23178599961102 ], [ 319016.962881999963429, 6399838.882071998901665 ], [ 319016.803168000013102, 6399839.321153999306262 ], [ 319016.731005999958143, 6399839.912683999165893 ], [ 319016.969037999981083, 6399840.535179999656975 ], [ 319017.235113999980967, 6399840.929797999560833 ], [ 319018.014873999985866, 6399841.459395999088883 ], [ 319017.527865999960341, 6399843.408665999770164 ], [ 319011.7231, 6399842.03186999913305 ], [ 319013.565111999982037, 6399833.732187999412417 ] ] ] ] } },
{ "type": "Feature", "properties": { "B_ID": 44069.0 }, "geometry": { "type": "MultiPolygon", "coordinates": [ [ [ [ 318615.674103999976069, 6399720.50778799969703 ], [ 318623.734017999959178, 6399731.18232399970293 ], [ 318626.607160000014119, 6399728.793177999556065 ], [ 318627.08083, 6399729.026613999158144 ], [ 318627.89992, 6399729.001205999404192 ], [ 318628.54116999998223, 6399728.721717999316752 ], [ 318629.089053999981843, 6399728.296133999712765 ], [ 318629.531943999987561, 6399727.700633998960257 ], [ 318629.738854, 6399727.167859999462962 ], [ 318629.726884, 6399726.434997999109328 ], [ 318629.253898, 6399725.765655999071896 ], [ 318630.751858, 6399724.326927999034524 ], [ 318631.512124, 6399724.561157999560237 ], [ 318632.130117999971844, 6399724.726309998892248 ], [ 318644.906895999971312, 6399741.578165999613702 ], [ 318641.204061999975238, 6399744.356371999718249 ], [ 318636.447867999959271, 6399747.929371999576688 ], [ 318636.454023999976926, 6399747.946045999415219 ], [ 318637.767988, 6399749.615033999085426 ], [ 318639.797074, 6399752.356715999543667 ], [ 318644.648002, 6399748.5828339997679 ], [ 318652.751008, 6399742.546051999554038 ], [ 318628.435149999975692, 6399710.81384199950844 ], [ 318615.674103999976069, 6399720.50778799969703 ] ] ] ] } },
{ "type": "Feature", "properties": { "B_ID": 44464.0 }, "geometry": { "type": "MultiPolygon", "coordinates": [ [ [ [ 319721.298886, 6400081.317267999053001 ], [ 319724.927847999962978, 6400068.298049999400973 ], [ 319723.047873999981675, 6400062.933785999193788 ], [ 319684.992166000010911, 6400033.493853999301791 ], [ 319672.667854, 6400049.704157999716699 ], [ 319668.460911999980453, 6400069.944805999286473 ], [ 319721.298886, 6400081.317267999053001 ] ], [ [ 319675.28005, 6400060.643889999017119 ], [ 319676.865904, 6400053.043721999041736 ], [ 319681.12312, 6400047.888279999606311 ], [ 319682.704870000015944, 6400049.219817999750376 ], [ 319684.72403799998574, 6400048.690219999291003 ], [ 319685.068090000015218, 6400048.313863999210298 ], [ 319686.105034, 6400049.10865799896419 ], [ 319683.606039999984205, 6400052.383907998912036 ], [ 319681.872099999978673, 6400062.073883999139071 ], [ 319675.28005, 6400060.643889999017119 ] ], [ [ 319691.936133999959566, 6400065.539693999104202 ], [ 319693.830129999958444, 6400058.019719999283552 ], [ 319694.816116, 6400056.773933999240398 ], [ 319709.736892000015359, 6400068.090021999552846 ], [ 319710.270069999969564, 6400067.465937999077141 ], [ 319711.267, 6400068.263113999739289 ], [ 319711.717071999970358, 6400070.286225999705493 ], [ 319710.581973999971524, 6400069.974977998994291 ], [ 319710.645927999983542, 6400069.612119999714196 ], [ 319709.311102, 6400069.311193998903036 ], [ 319709.129158, 6400069.719309999607503 ], [ 319692.91186, 6400066.232061998918653 ], [ 319693.090042, 6400065.742957998998463 ], [ 319691.936133999959566, 6400065.539693999104202 ] ] ] ] } },
{ "type": "Feature", "properties": { "B_ID": 31797.0 }, "geometry": { "type": "MultiPolygon", "coordinates": [ [ [ [ 318972.887974000012036, 6400186.538147998973727 ], [ 318974.529915999970399, 6400179.567621999420226 ], [ 318961.79486199998064, 6400183.502685999497771 ], [ 318957.569109999982174, 6400169.272617999464273 ], [ 318940.771095999982208, 6400174.261319999583066 ], [ 318951.801963999983855, 6400211.383201999589801 ], [ 318968.594164, 6400206.39529399946332 ], [ 318963.550005999975838, 6400189.406075999140739 ], [ 318972.887974000012036, 6400186.538147998973727 ] ] ] ] } },
{ "type": "Feature", "properties": { "B_ID": 37390.0 }, "geometry": { "type": "MultiPolygon", "coordinates": [ [ [ [ 319114.314892, 6400077.047135999426246 ], [ 319098.869146000011824, 6400072.738097999244928 ], [ 319097.592117999971379, 6400072.74762599915266 ], [ 319088.924127999984194, 6400070.627645999193192 ], [ 319089.053061999962665, 6400069.995621999725699 ], [ 319072.51599400001578, 6400065.731841999106109 ], [ 319072.403133999963757, 6400066.354337999597192 ], [ 319063.621942, 6400064.050149999558926 ], [ 319061.00598399998853, 6400063.133873999118805 ], [ 319046.915925999986939, 6400060.072209998965263 ], [ 319034.056042000011075, 6400115.413215999491513 ], [ 319046.164893999986816, 6400118.339899999089539 ], [ 319046.638906, 6400116.789217999204993 ], [ 319062.594915999972727, 6400120.718723999336362 ], [ 319062.541906, 6400121.103019999340177 ], [ 319073.112099999969359, 6400123.677961999550462 ], [ 319073.257108, 6400123.346863999031484 ], [ 319089.84787, 6400127.389117999002337 ], [ 319089.427893999963999, 6400129.128771998919547 ], [ 319102.351047999982256, 6400132.341295999474823 ], [ 319114.314892, 6400077.047135999426246 ] ], [ [ 319077.223965999961365, 6400104.008199999108911 ], [ 319075.35835599998245, 6400103.534975999034941 ], [ 319076.198991999961436, 6400100.158887999132276 ], [ 319070.827882000012323, 6400098.829731998965144 ], [ 319070.000241999980062, 6400102.177235999144614 ], [ 319068.099064, 6400101.695277999155223 ], [ 319066.960887999972329, 6400106.066247999668121 ], [ 319049.66287, 6400101.700041999109089 ], [ 319051.793872, 6400092.924753999337554 ], [ 319054.253877999959514, 6400093.521841999143362 ], [ 319055.211136, 6400089.578043999150395 ], [ 319052.751129999989644, 6400088.980955999344587 ], [ 319055.94883, 6400075.809289999306202 ], [ 319098.906082, 6400086.763313999399543 ], [ 319093.634835999982897, 6400112.488913998939097 ], [ 319076.17984, 6400108.491917999461293 ], [ 319077.223965999961365, 6400104.008199999108911 ] ] ] ] } },
{ "type": "Feature", "properties": { "B_ID": 40797.0 }, "geometry": { "type": "MultiPolygon", "coordinates": [ [ [ [ 318942.377127999963704, 6400018.685753999277949 ], [ 318942.523845999967307, 6400018.149009998887777 ], [ 318942.969129999983124, 6400018.232379999011755 ], [ 318943.619956, 6400018.217293999157846 ], [ 318944.3080600000103, 6400018.098987999372184 ], [ 318945.100132, 6400017.820293999277055 ], [ 318945.736936, 6400017.462199999019504 ], [ 318946.337146, 6400016.978653999045491 ], [ 318946.74994, 6400016.530043999664485 ], [ 318947.12614, 6400015.981389999389648 ], [ 318947.297139999980573, 6400015.624089999124408 ], [ 318947.614858000015374, 6400015.064319998957217 ], [ 318947.758156, 6400014.592683998867869 ], [ 318947.850153999985196, 6400014.137721999548376 ], [ 318947.862123999977484, 6400013.392155999317765 ], [ 318947.707881999958772, 6400012.746633999049664 ], [ 318948.32895399996778, 6400012.42506399936974 ], [ 318955.010949999967124, 6399983.325757998973131 ], [ 318938.34187, 6399978.835687999613583 ], [ 318924.594837999960873, 6399975.815311999060214 ], [ 318922.955973999982234, 6399981.878295999020338 ], [ 318933.127053999982309, 6399984.566779999062419 ], [ 318936.113055999972858, 6399983.136785998940468 ], [ 318936.734127999981865, 6399981.115261998958886 ], [ 318937.734135999984574, 6399981.344727999530733 ], [ 318932.43689800001448, 6400003.212281999178231 ], [ 318934.899982, 6400003.838747999630868 ], [ 318934.444096, 6400005.105177999474108 ], [ 318926.710107999970205, 6400007.581663999706507 ], [ 318926.553130000014789, 6400006.852771999314427 ], [ 318925.1971, 6400007.33631799928844 ], [ 318930.419097999983933, 6400022.730389999225736 ], [ 318942.377127999963704, 6400018.685753999277949 ] ] ] ] } },
{ "type": "Feature", "properties": { "B_ID": 44348.0 }, "geometry": { "type": "MultiPolygon", "coordinates": [ [ [ [ 319274.524107999983244, 6400267.824691999703646 ], [ 319246.812874, 6400260.366649999283254 ], [ 319246.675048, 6400261.013759999535978 ], [ 319244.653485999966506, 6400260.523067999631166 ], [ 319216.04416, 6400253.682757999747992 ], [ 319210.0020459999796, 6400278.106991998851299 ], [ 319238.699949999980163, 6400285.187883999198675 ], [ 319241.66167, 6400272.918995999731123 ], [ 319238.932852, 6400285.202969999052584 ], [ 319269.206008, 6400292.491889999248087 ], [ 319274.524107999983244, 6400267.824691999703646 ] ], [ [ 319238.904124, 6400264.891655999235809 ], [ 319237.093918, 6400272.386221999302506 ], [ 319227.338026000012178, 6400270.0502739995718 ], [ 319227.390009999973699, 6400269.801751999184489 ], [ 319226.67693999997573, 6400269.685827999375761 ], [ 319227.59315799997421, 6400266.015959999524057 ], [ 319227.764158, 6400266.0262819994241 ], [ 319228.669089999981225, 6400262.315919999033213 ], [ 319238.904124, 6400264.891655999235809 ] ], [ [ 319258.899153999984264, 6400277.763189999386668 ], [ 319258.307151999964844, 6400276.900111999362707 ], [ 319257.48908799997298, 6400276.446737999096513 ], [ 319256.523964, 6400276.400685999542475 ], [ 319255.650153999973554, 6400276.672233999706805 ], [ 319254.944949999975506, 6400277.178805999457836 ], [ 319249.774936, 6400276.236327999271452 ], [ 319247.20514799997909, 6400276.16486799903214 ], [ 319247.756109999958426, 6400273.577221998944879 ], [ 319247.99893, 6400273.648681999184191 ], [ 319250.016046, 6400266.863157999701798 ], [ 319257.435051999986172, 6400268.702061999589205 ], [ 319264.961103999987245, 6400270.591781998984516 ], [ 319264.931007999985013, 6400270.709293999709189 ], [ 319266.96590800001286, 6400271.195221999660134 ], [ 319266.604071999958251, 6400273.177839999087155 ], [ 319266.125956, 6400273.04921199940145 ], [ 319265.407071999972686, 6400276.313345999456942 ], [ 319265.730945999966934, 6400276.368131998926401 ], [ 319265.058916, 6400279.474259999580681 ], [ 319259.00107, 6400278.40077199973166 ], [ 319258.899153999984264, 6400277.763189999386668 ] ] ] ] } },
{ "type": "Feature", "properties": { "B_ID": 47313.0 }, "geometry": { "type": "MultiPolygon", "coordinates": [ [ [ [ 318720.040876000013668, 6399792.397341999225318 ], [ 318719.195109999971464, 6399757.273163999430835 ], [ 318719.793951999978162, 6399757.25331399962306 ], [ 318719.770012, 6399752.934747999534011 ], [ 318719.011114, 6399752.960155999287963 ], [ 318718.740934, 6399735.134061999619007 ], [ 318715.353081999986898, 6399734.617961999028921 ], [ 318707.116012000013143, 6399733.198289999738336 ], [ 318699.747963999980129, 6399733.815227999351919 ], [ 318687.746842, 6399735.161851999349892 ], [ 318688.273863999987952, 6399745.021743998862803 ], [ 318691.666846, 6399744.830389998853207 ], [ 318692.762956, 6399792.263949999585748 ], [ 318694.449015999969561, 6399793.647097999230027 ], [ 318720.040876000013668, 6399792.397341999225318 ] ] ] ] } },
{ "type": "Feature", "properties": { "B_ID": 47101.0 }, "geometry": { "type": "MultiPolygon", "coordinates": [ [ [ [ 318946.698982, 6400095.035205999389291 ], [ 318946.838859999959823, 6400095.474287998862565 ], [ 318952.219888, 6400112.357903999276459 ], [ 318955.568067999964114, 6400124.236937999725342 ], [ 318956.992156, 6400128.658723999746144 ], [ 318974.69407600001432, 6400121.71995799895376 ], [ 318971.848978, 6400112.862887999042869 ], [ 318969.006958000012673, 6400113.94193399976939 ], [ 318968.562015999981668, 6400113.05821199901402 ], [ 318967.528149999969173, 6400112.631039999425411 ], [ 318964.727169999969192, 6400113.67832599952817 ], [ 318964.189887999964412, 6400114.83597799949348 ], [ 318964.45185999997193, 6400115.61330399941653 ], [ 318961.617021999962162, 6400116.620095998980105 ], [ 318961.075978, 6400117.161603999324143 ], [ 318958.976098000013735, 6400117.892877999693155 ], [ 318958.66693, 6400117.029005999676883 ], [ 318960.108117999974638, 6400116.569279999472201 ], [ 318960.953883999958634, 6400115.159929999150336 ], [ 318957.082102000014856, 6400101.8707519993186 ], [ 318955.554046, 6400100.987029999494553 ], [ 318953.81907999998657, 6400101.418965999037027 ], [ 318953.362167999963276, 6400099.77379799913615 ], [ 318957.570136, 6400098.458139999769628 ], [ 318958.026022, 6400099.824613999575377 ], [ 318966.931018, 6400097.314779999665916 ], [ 318964.686129999987315, 6400090.299789999611676 ], [ 318961.504846, 6400080.28109799977392 ], [ 318954.13098399998853, 6400082.398695999756455 ], [ 318953.773936000012327, 6400082.038219999521971 ], [ 318953.33515, 6400081.769053999334574 ], [ 318952.800945999973919, 6400081.652335999533534 ], [ 318952.24690600001486, 6400081.711091998964548 ], [ 318951.79102, 6400081.955643999390304 ], [ 318951.341973999980837, 6400082.317707999609411 ], [ 318951.096076000016183, 6400082.639277999289334 ], [ 318950.938071999989916, 6400083.233983999118209 ], [ 318943.361061999981757, 6400085.508793999440968 ], [ 318946.267035999975633, 6400095.160657999105752 ], [ 318946.698982, 6400095.035205999389291 ] ] ] ] } },
{ "type": "Feature", "properties": { "B_ID": 47215.0 }, "geometry": { "type": "MultiPolygon", "coordinates": [ [ [ [ 318981.866157999960706, 6399902.556107999756932 ], [ 318983.387032, 6399905.096113999374211 ], [ 319014.035020000010263, 6399912.774093999527395 ], [ 319019.8969, 6399888.47928199917078 ], [ 319025.844963999988977, 6399863.840667999349535 ], [ 318995.614899999985937, 6399856.408827999606729 ], [ 318993.059133999980986, 6399857.91028199903667 ], [ 318981.866157999960706, 6399902.556107999756932 ] ], [ [ 319013.001837999967393, 6399892.383379999548197 ], [ 319010.939919999975245, 6399900.826775999739766 ], [ 319007.754873999976553, 6399900.050243998877704 ], [ 319007.992906, 6399899.136349999345839 ], [ 319007.100969999970403, 6399897.657127999700606 ], [ 319004.684055999969132, 6399897.028279999271035 ], [ 319003.213113999983761, 6399897.96361199952662 ], [ 319002.977133999986108, 6399898.883857998996973 ], [ 318994.438077999977395, 6399896.826603999361396 ], [ 318996.499995999969542, 6399888.381619999185205 ], [ 319013.001837999967393, 6399892.383379999548197 ] ] ] ] } },
{ "type": "Feature", "properties": { "B_ID": 47623.0 }, "geometry": { "type": "MultiPolygon", "coordinates": [ [ [ [ 319193.301159999973606, 6399929.80698199942708 ], [ 319200.60696399997687, 6399931.560927999205887 ], [ 319206.177118, 6399906.861175999045372 ], [ 319198.632939999981318, 6399904.989717999473214 ], [ 319193.301159999973606, 6399929.80698199942708 ] ], [ [ 319194.274833999981638, 6399926.298295998945832 ], [ 319196.614114, 6399916.72503799945116 ], [ 319199.436982000013813, 6399917.414229999296367 ], [ 319197.447909999988042, 6399925.559081999585032 ], [ 319196.458845999964979, 6399927.097059999592602 ], [ 319194.274833999981638, 6399926.298295998945832 ] ] ] ] } },
{ "type": "Feature", "properties": { "B_ID": 47682.0 }, "geometry": { "type": "MultiPolygon", "coordinates": [ [ [ [ 319679.452108, 6400142.208333998918533 ], [ 319698.098973999964073, 6400146.884199999272823 ], [ 319704.419133999967016, 6400148.230823999270797 ], [ 319709.515959999989718, 6400127.909981999546289 ], [ 319687.79690799996024, 6400122.444879999384284 ], [ 319686.883083999971859, 6400120.933103999122977 ], [ 319683.935043999983463, 6400123.797061999328434 ], [ 319679.452108, 6400142.208333998918533 ] ], [ [ 319697.85786399996141, 6400127.217613999731839 ], [ 319697.282962, 6400129.297893999144435 ], [ 319696.601014000014402, 6400129.441607999615371 ], [ 319695.796971999981906, 6400129.897363998927176 ], [ 319695.254902000015136, 6400130.56035399902612 ], [ 319694.872887999983504, 6400131.436135998927057 ], [ 319694.833899999968708, 6400132.199169998988509 ], [ 319695.149907999963034, 6400133.025723999366164 ], [ 319695.888969999970868, 6400133.687125999480486 ], [ 319696.104087999963667, 6400133.745087998919189 ], [ 319695.813045999966562, 6400134.39775599911809 ], [ 319682.960001999977976, 6400130.923211999237537 ], [ 319684.934025999973528, 6400123.944745999760926 ], [ 319697.85786399996141, 6400127.217613999731839 ] ] ] ] } },
{ "type": "Feature", "properties": { "B_ID": 47873.0 }, "geometry": { "type": "MultiPolygon", "coordinates": [ [ [ [ 319050.077032, 6400245.433891999535263 ], [ 319047.567094, 6400255.135777999646962 ], [ 319054.099977999983821, 6400259.050197998993099 ], [ 319054.244986, 6400258.485663998872042 ], [ 319055.291164, 6400258.845345999114215 ], [ 319055.86504, 6400257.065197999589145 ], [ 319054.71113199996762, 6400256.677725999616086 ], [ 319055.352039999968838, 6400254.198857999406755 ], [ 319065.84186399995815, 6400256.937363998964429 ], [ 319064.051151999970898, 6400264.670923999510705 ], [ 319065.398974000010639, 6400265.608637999743223 ], [ 319068.550162, 6400267.458657999522984 ], [ 319072.55498199997237, 6400251.050647999159992 ], [ 319050.077032, 6400245.433891999535263 ] ] ] ] } },
{ "type": "Feature", "properties": { "B_ID": 48832.0 }, "geometry": { "type": "MultiPolygon", "coordinates": [ [ [ [ 319359.003922, 6399840.501831999048591 ], [ 319354.159834, 6399839.264779998920858 ], [ 319352.539095999964047, 6399846.082857999019325 ], [ 319357.382842, 6399847.311175999231637 ], [ 319357.756989999965299, 6399845.717617999762297 ], [ 319367.76903999998467, 6399848.24571399949491 ], [ 319370.128839999961201, 6399846.525115999393165 ], [ 319374.7219, 6399826.115345999598503 ], [ 319374.722925999958534, 6399825.203039999119937 ], [ 319363.355871999985538, 6399822.45421199966222 ], [ 319359.003922, 6399840.501831999048591 ] ], [ [ 319367.27998, 6399834.611939999274909 ], [ 319365.201988000015263, 6399842.771877999417484 ], [ 319362.352101999975275, 6399842.022341999225318 ], [ 319364.430094000010286, 6399833.861609999090433 ], [ 319367.27998, 6399834.611939999274909 ] ] ] ] } },
{ "type": "Feature", "properties": { "B_ID": 49373.0 }, "geometry": { "type": "MultiPolygon", "coordinates": [ [ [ [ 318734.306037999980617, 6399751.919221999123693 ], [ 318735.034839999978431, 6399778.292725998908281 ], [ 318738.98494, 6399778.18235999904573 ], [ 318739.011957999959122, 6399779.046231999062002 ], [ 318746.581101999967359, 6399778.838203999213874 ], [ 318746.562976000015624, 6399778.048173999413848 ], [ 318750.563007999968249, 6399777.934631999582052 ], [ 318749.829075999965426, 6399751.56668599974364 ], [ 318745.75996, 6399751.680227999575436 ], [ 318745.738071999978274, 6399750.91401799954474 ], [ 318738.388150000013411, 6399751.114105999469757 ], [ 318738.405933999980334, 6399751.809649999253452 ], [ 318734.306037999980617, 6399751.919221999123693 ] ] ] ] } },
{ "type": "Feature", "properties": { "B_ID": 51486.0 }, "geometry": { "type": "MultiPolygon", "coordinates": [ [ [ [ 319100.912938, 6400431.348197999410331 ], [ 319103.630127999989782, 6400434.05891399923712 ], [ 319131.196011999971233, 6400436.548897999338806 ], [ 319134.232971999968868, 6400434.575807998888195 ], [ 319143.500146, 6400407.967279999516904 ], [ 319134.02401, 6400404.646771999076009 ], [ 319123.573857999988832, 6400400.721235998906195 ], [ 319117.644946000014897, 6400398.628251999616623 ], [ 319100.912938, 6400431.348197999410331 ] ] ] ] } },
{ "type": "Feature", "properties": { "B_ID": 51875.0 }, "geometry": { "type": "MultiPolygon", "coordinates": [ [ [ [ 318749.80787199997576, 6399628.459367998875678 ], [ 318750.397138, 6399626.518037999048829 ], [ 318752.660151999967638, 6399614.02762399893254 ], [ 318753.474111999967135, 6399610.603101999498904 ], [ 318753.345861999958288, 6399610.368871998973191 ], [ 318753.10099, 6399610.217217999510467 ], [ 318751.090029999963008, 6399609.883737999014556 ], [ 318750.689889999979641, 6399609.897235998883843 ], [ 318750.29488, 6399610.029833999462426 ], [ 318749.784958, 6399610.326789999380708 ], [ 318749.38003, 6399610.635655999183655 ], [ 318749.130027999985032, 6399611.068385999649763 ], [ 318748.871134000015445, 6399611.717083998955786 ], [ 318748.447053999989294, 6399614.542929999530315 ], [ 318748.778110000013839, 6399615.381393998861313 ], [ 318743.467875999980606, 6399614.053825999610126 ], [ 318744.339975999959279, 6399613.435299999080598 ], [ 318744.71002, 6399612.854885999113321 ], [ 318744.894015999976546, 6399612.213333999738097 ], [ 318744.86289399996167, 6399611.450299999676645 ], [ 318744.47404, 6399610.664239998906851 ], [ 318743.924103999976069, 6399610.122731999494135 ], [ 318743.19188200001372, 6399609.828157999552786 ], [ 318742.28284599998733, 6399609.782105999067426 ], [ 318741.404931999975815, 6399602.40425799973309 ], [ 318727.773837999964599, 6399603.915239999070764 ], [ 318728.696896, 6399614.715227999724448 ], [ 318727.037169999966864, 6399617.036883999593556 ], [ 318727.5269139999873, 6399620.785357999615371 ], [ 318729.612088, 6399623.615173999220133 ], [ 318749.80787199997576, 6399628.459367998875678 ] ] ] ] } },
{ "type": "Feature", "properties": { "B_ID": 51953.0 }, "geometry": { "type": "MultiPolygon", "coordinates": [ [ [ [ 318993.825897999980953, 6399712.952083999291062 ], [ 318985.109002000011969, 6399710.997255999594927 ], [ 318987.798147999972571, 6399698.205915999598801 ], [ 318991.968154, 6399699.486637999303639 ], [ 318993.573159999970812, 6399700.018617999739945 ], [ 318995.616952000011224, 6399691.437065999023616 ], [ 318986.886033999966457, 6399689.141611998900771 ], [ 318986.566948, 6399689.043949998915195 ], [ 318986.28514, 6399690.206365999765694 ], [ 318983.808033999986947, 6399689.610071999020875 ], [ 318977.557984000013676, 6399715.237215999513865 ], [ 318977.417079999984708, 6399715.534965999424458 ], [ 318976.352092000015546, 6399719.955163999460638 ], [ 318991.108024000015575, 6399723.516253999434412 ], [ 318993.825897999980953, 6399712.952083999291062 ] ] ] ] } },
{ "type": "Feature", "properties": { "B_ID": 52653.0 }, "geometry": { "type": "MultiPolygon", "coordinates": [ [ [ [ 318865.008861999958754, 6400316.464337999001145 ], [ 318905.970885999966413, 6400376.367667999118567 ], [ 318916.725075999973342, 6400369.100979999639094 ], [ 318913.527033999969717, 6400343.176879999227822 ], [ 318894.765940000012051, 6400315.520271999761462 ], [ 318875.759973999985959, 6400309.116661999374628 ], [ 318865.008861999958754, 6400316.464337999001145 ] ] ] ] } },
{ "type": "Feature", "properties": { "B_ID": 52934.0 }, "geometry": { "type": "MultiPolygon", "coordinates": [ [ [ [ 318936.60793, 6399539.259819999337196 ], [ 318970.681048, 6399547.593643999658525 ], [ 318973.903029999986757, 6399534.420389999635518 ], [ 318970.746027999965008, 6399533.646239999681711 ], [ 318955.99283199995989, 6399530.034333999268711 ], [ 318958.293123999959789, 6399520.634961999021471 ], [ 318962.750068, 6399521.724329999648035 ], [ 318965.966919999977108, 6399508.574101999402046 ], [ 318961.486035999958403, 6399507.476793998852372 ], [ 318963.728872, 6399498.301329999230802 ], [ 318981.714993999979924, 6399502.701677999459207 ], [ 318984.961941999965347, 6399489.441083999350667 ], [ 318950.83684, 6399481.093761999160051 ], [ 318937.536117999989074, 6399535.458147998899221 ], [ 318936.60793, 6399539.259819999337196 ] ] ] ] } },
{ "type": "Feature", "properties": { "B_ID": 55158.0 }, "geometry": { "type": "MultiPolygon", "coordinates": [ [ [ [ 318869.336872000014409, 6399623.130039999261498 ], [ 318869.163135999988299, 6399639.233947998844087 ], [ 318880.210077999974601, 6399638.964781999588013 ], [ 318881.778148000012152, 6399638.879029999487102 ], [ 318881.757969999976922, 6399635.536289999261498 ], [ 318882.88486, 6399635.583929999731481 ], [ 318883.22686, 6399633.13682199921459 ], [ 318886.177977999963332, 6399633.070919998921454 ], [ 318886.872922, 6399631.030339999124408 ], [ 318886.291863999969792, 6399629.108859999105334 ], [ 318883.498066, 6399628.919887999072671 ], [ 318883.47994, 6399623.271371999755502 ], [ 318869.336872000014409, 6399623.130039999261498 ] ] ] ] } },
{ "type": "Feature", "properties": { "B_ID": 54791.0 }, "geometry": { "type": "MultiPolygon", "coordinates": [ [ [ [ 319423.195954, 6399889.062871999107301 ], [ 319507.528024, 6399909.514723999425769 ], [ 319510.990089999977499, 6399895.2306639989838 ], [ 319501.372023999982048, 6399887.913953999057412 ], [ 319499.95717, 6399887.034995999187231 ], [ 319497.855921999958809, 6399886.067903999239206 ], [ 319495.690035999985412, 6399885.369977999478579 ], [ 319495.105899999965914, 6399885.227057998999953 ], [ 319495.834018, 6399882.21779799927026 ], [ 319428.79894, 6399865.963823999278247 ], [ 319423.195954, 6399889.062871999107301 ] ] ] ] } },
{ "type": "Feature", "properties": { "B_ID": 55226.0 }, "geometry": { "type": "MultiPolygon", "coordinates": [ [ [ [ 319181.039092, 6399663.936875998973846 ], [ 319165.490062, 6399697.511165998876095 ], [ 319188.565144, 6399708.177761998958886 ], [ 319204.394955999974627, 6399674.551067999564111 ], [ 319181.039092, 6399663.936875998973846 ] ] ] ] } },
{ "type": "Feature", "properties": { "B_ID": 56143.0 }, "geometry": { "type": "MultiPolygon", "coordinates": [ [ [ [ 319338.944938, 6399808.630671999417245 ], [ 319338.997947999974713, 6399808.417879999615252 ], [ 319339.833111999963876, 6399805.684137999080122 ], [ 319344.319125999987591, 6399790.295623999089003 ], [ 319287.250953999988269, 6399763.355997999198735 ], [ 319286.945889999973588, 6399764.003107999451458 ], [ 319280.935924, 6399793.161169999279082 ], [ 319280.70404799998505, 6399794.09094399958849 ], [ 319338.944938, 6399808.630671999417245 ] ], [ [ 319302.78391, 6399793.659801999107003 ], [ 319294.45210599998245, 6399791.437395999208093 ], [ 319295.07694, 6399789.044279999099672 ], [ 319295.056078, 6399788.563115999102592 ], [ 319294.821124, 6399787.984289999119937 ], [ 319294.53316, 6399787.57379199936986 ], [ 319293.972964000015054, 6399787.22522599902004 ], [ 319289.873068000015337, 6399786.057251999154687 ], [ 319291.34401, 6399780.889899998903275 ], [ 319304.925855999987107, 6399784.758267999626696 ], [ 319302.78391, 6399793.659801999107003 ] ] ] ] } },
{ "type": "Feature", "properties": { "B_ID": 56050.0 }, "geometry": { "type": "MultiPolygon", "coordinates": [ [ [ [ 319362.749848, 6399883.508841998875141 ], [ 319358.041876, 6399904.328315999358892 ], [ 319384.718902, 6399910.993945999071002 ], [ 319389.777081999985967, 6399890.079985999502242 ], [ 319362.749848, 6399883.508841998875141 ] ] ] ] } },
{ "type": "Feature", "properties": { "B_ID": 56807.0 }, "geometry": { "type": "MultiPolygon", "coordinates": [ [ [ [ 319029.641163999971468, 6400105.346883999183774 ], [ 319040.085843999986537, 6400061.675295999273658 ], [ 319036.991086, 6400058.67794599942863 ], [ 318987.930843999958597, 6400072.784149999730289 ], [ 318992.92507, 6400084.458331999368966 ], [ 319000.513023999985307, 6400104.422667999751866 ], [ 319008.070881999970879, 6400103.045077999122441 ], [ 319001.740119999973103, 6400081.931029999628663 ], [ 319023.545013999973889, 6400075.709245999343693 ], [ 319023.552879999973811, 6400075.85534199886024 ], [ 319027.976992000010796, 6400074.747711999341846 ], [ 319023.010125999979209, 6400094.765245999209583 ], [ 319022.038162000011653, 6400094.672347999177873 ], [ 319021.39486, 6400094.720781999640167 ], [ 319020.582951999967918, 6400095.147159999236465 ], [ 319019.791906, 6400095.9522759988904 ], [ 319019.403051999979652, 6400096.882843999192119 ], [ 319019.413995999959297, 6400097.892017999663949 ], [ 319019.700933999964036, 6400098.829731998965144 ], [ 319020.251896, 6400099.531627999618649 ], [ 319020.648958, 6400099.833347999490798 ], [ 319021.527897999971174, 6400100.092191998846829 ], [ 319020.879123999970034, 6400103.266603999771178 ], [ 319029.641163999971468, 6400105.346883999183774 ] ] ] ] } },
{ "type": "Feature", "properties": { "B_ID": 58382.0 }, "geometry": { "type": "MultiPolygon", "coordinates": [ [ [ [ 319056.843843999959063, 6399769.002925999462605 ], [ 319083.141934000013862, 6399775.578833999112248 ], [ 319088.594097999972291, 6399755.100779999047518 ], [ 319039.029064, 6399742.606395998969674 ], [ 319033.337157999980263, 6399765.098827999085188 ], [ 319040.600895999989007, 6399766.805927999317646 ], [ 319041.066016, 6399765.058333999477327 ], [ 319056.843843999959063, 6399769.002925999462605 ] ], [ [ 319044.339982, 6399753.126101999543607 ], [ 319068.255016000010073, 6399758.981851999647915 ], [ 319067.005006, 6399764.083301999606192 ], [ 319069.127115999988746, 6399764.603371999226511 ], [ 319068.441064000013284, 6399767.406985999085009 ], [ 319062.907161999959499, 6399766.051627999171615 ], [ 319063.248136, 6399764.661333999596536 ], [ 319062.908872, 6399764.048365999013186 ], [ 319059.486135999963153, 6399763.22736999951303 ], [ 319058.914996, 6399763.483831998892128 ], [ 319042.770886000012979, 6399759.531299998983741 ], [ 319044.339982, 6399753.126101999543607 ] ] ] ] } },
{ "type": "Feature", "properties": { "B_ID": 57412.0 }, "geometry": { "type": "MultiPolygon", "coordinates": [ [ [ [ 319616.356869999959599, 6400058.773225999437273 ], [ 319633.7869, 6400062.462943999096751 ], [ 319639.013002, 6400039.869673999026418 ], [ 319633.324857999978121, 6400038.331695999018848 ], [ 319634.099146, 6400032.776077999733388 ], [ 319620.891106, 6400038.218947999179363 ], [ 319616.356869999959599, 6400058.773225999437273 ] ] ] ] } },
{ "type": "Feature", "properties": { "B_ID": 58307.0 }, "geometry": { "type": "MultiPolygon", "coordinates": [ [ [ [ 318754.279863999981899, 6399590.341809999197721 ], [ 318753.922131999977864, 6399587.99395199958235 ], [ 318752.410150000010617, 6399575.617873999290168 ], [ 318748.090006000013091, 6399576.130797998979688 ], [ 318745.399150000012014, 6399572.19414599891752 ], [ 318724.301853999961168, 6399574.657133999280632 ], [ 318722.398966, 6399579.06780399940908 ], [ 318723.138028000015765, 6399584.473355999216437 ], [ 318725.537158, 6399587.03797599952668 ], [ 318727.773837999964599, 6399603.915239999070764 ], [ 318741.404931999975815, 6399602.40425799973309 ], [ 318743.522937999980059, 6399601.953265999443829 ], [ 318742.786954000010155, 6399595.882341999560595 ], [ 318742.24283199995989, 6399595.11771999951452 ], [ 318741.703156, 6399594.766771999187768 ], [ 318740.97709, 6399594.570653999224305 ], [ 318740.170996, 6399594.660375999286771 ], [ 318739.27392999996664, 6399594.878725999034941 ], [ 318738.084112000011373, 6399586.760075999423862 ], [ 318740.154922000016086, 6399586.491703999228776 ], [ 318741.496929999964777, 6399587.166603999212384 ], [ 318743.716168000013568, 6399586.53299199976027 ], [ 318744.440865999960806, 6399590.307667999528348 ], [ 318744.658035999978893, 6399590.821385999210179 ], [ 318745.292104, 6399591.621737998910248 ], [ 318745.873846, 6399591.825001999735832 ], [ 318746.59102, 6399591.836117999628186 ], [ 318747.197043999971356, 6399591.658261999487877 ], [ 318747.74698, 6399591.118341999128461 ], [ 318754.279863999981899, 6399590.341809999197721 ] ] ] ] } },
{ "type": "Feature", "properties": { "B_ID": 59929.0 }, "geometry": { "type": "MultiPolygon", "coordinates": [ [ [ [ 319138.899904, 6400352.701703999191523 ], [ 319146.580881999980193, 6400351.140699999406934 ], [ 319147.465977999963798, 6400351.015247999690473 ], [ 319152.141117999970447, 6400350.460241999477148 ], [ 319148.645878000010271, 6400331.579715999774635 ], [ 319145.764870000013616, 6400329.290613999590278 ], [ 319108.737898, 6400334.496871999464929 ], [ 319110.097006, 6400345.308769999071956 ], [ 319129.88786199997412, 6400342.657603999599814 ], [ 319129.613919999974314, 6400340.361355999484658 ], [ 319138.778836000012234, 6400339.053637999109924 ], [ 319139.078086, 6400340.640843999572098 ], [ 319138.252156, 6400340.830609999597073 ], [ 319138.490872, 6400341.849311999045312 ], [ 319139.51789799996186, 6400341.742915999144316 ], [ 319139.927955999970436, 6400342.047017998993397 ], [ 319140.892054, 6400342.170881999656558 ], [ 319141.680021999985911, 6400341.901715999469161 ], [ 319142.30382999998983, 6400341.480101998895407 ], [ 319143.006981999962591, 6400345.366731999441981 ], [ 319142.557936, 6400346.182963998988271 ], [ 319137.788062, 6400347.095269999466836 ], [ 319138.899904, 6400352.701703999191523 ] ] ] ] } },
{ "type": "Feature", "properties": { "B_ID": 50906.0 }, "geometry": { "type": "MultiPolygon", "coordinates": [ [ [ [ 319575.663999999989755, 6399873.853801999241114 ], [ 319576.867156, 6399875.098793999291956 ], [ 319578.893847999977879, 6399861.025143999606371 ], [ 319567.045942, 6399849.92422999907285 ], [ 319553.791047999984585, 6399861.819937999360263 ], [ 319544.073118, 6399870.565847999416292 ], [ 319563.146115999959875, 6399893.209139999002218 ], [ 319575.41092, 6399887.11121999938041 ], [ 319575.49915599997621, 6399886.515719999559224 ], [ 319576.133907999959774, 6399879.807213999330997 ], [ 319573.044964, 6399876.311231999658048 ], [ 319575.663999999989755, 6399873.853801999241114 ] ], [ [ 319569.145137999963481, 6399863.495277998968959 ], [ 319570.532973999972455, 6399863.608819999732077 ], [ 319571.500834, 6399862.986323999240994 ], [ 319574.141073999984656, 6399865.125359999015927 ], [ 319573.784026, 6399865.573969999328256 ], [ 319573.655091999971773, 6399867.604227999225259 ], [ 319574.73205, 6399868.476833999156952 ], [ 319569.776128, 6399873.19875199906528 ], [ 319564.897155999962706, 6399867.677275999449193 ], [ 319565.898874, 6399866.767351998947561 ], [ 319569.145137999963481, 6399863.495277998968959 ] ] ] ] } },
{ "type": "Feature", "properties": { "B_ID": 54190.0 }, "geometry": { "type": "MultiPolygon", "coordinates": [ [ [ [ 319595.176126, 6399958.576777999289334 ], [ 319594.147048000013456, 6399956.375015999190509 ], [ 319613.251852000015788, 6399947.8149019991979 ], [ 319602.93097599997418, 6399924.986607999540865 ], [ 319583.861056, 6399933.553073999471962 ], [ 319553.11115199996857, 6399947.413931999355555 ], [ 319564.31883399997605, 6399972.115271999500692 ], [ 319577.591169999970589, 6399966.229349999688566 ], [ 319595.176126, 6399958.576777999289334 ] ], [ [ 319593.323853999958374, 6399949.599813999608159 ], [ 319590.495856, 6399943.185087999328971 ], [ 319595.93810199998552, 6399940.795147999189794 ], [ 319598.767125999962445, 6399947.209873999468982 ], [ 319593.323853999958374, 6399949.599813999608159 ] ], [ [ 319570.848981999966782, 6399952.204133999533951 ], [ 319586.319009999977425, 6399945.578997999429703 ], [ 319586.61997, 6399946.29994999896735 ], [ 319582.744084, 6399948.004667999222875 ], [ 319585.07584, 6399953.340347999706864 ], [ 319584.65005, 6399954.377311998978257 ], [ 319585.183911999978591, 6399955.492881999351084 ], [ 319585.671945999958552, 6399955.718377999030054 ], [ 319585.917160000011791, 6399956.341667999513447 ], [ 319574.858932, 6399961.182685999199748 ], [ 319573.218016, 6399960.74836799968034 ], [ 319570.129071999981534, 6399953.870739999227226 ], [ 319570.848981999966782, 6399952.204133999533951 ] ] ] ] } },
{ "type": "Feature", "properties": { "B_ID": 54870.0 }, "geometry": { "type": "MultiPolygon", "coordinates": [ [ [ [ 319213.876905999961309, 6399984.639827999286354 ], [ 319202.506089999980759, 6399981.883059998974204 ], [ 319197.527937999984715, 6399980.688883999362588 ], [ 319188.476908000011463, 6399978.451391999609768 ], [ 319186.384893999958877, 6399986.196067999117076 ], [ 319187.664999999979045, 6399986.516843999736011 ], [ 319183.565103999979328, 6400004.045187999494374 ], [ 319189.069935999985319, 6400005.48709199950099 ], [ 319197.628143999958411, 6400007.588015999644995 ], [ 319207.851892, 6400010.089115999639034 ], [ 319213.876905999961309, 6399984.639827999286354 ] ], [ [ 319193.354853999975603, 6399990.18274199962616 ], [ 319194.907875999982934, 6399984.524697999469936 ], [ 319201.772157999977935, 6399986.200037999078631 ], [ 319200.85970199998701, 6399990.042997999116778 ], [ 319194.905139999988023, 6399991.273697999306023 ], [ 319193.235495999979321, 6399990.823499999009073 ], [ 319193.354853999975603, 6399990.18274199962616 ] ], [ [ 319191.017967999971006, 6399999.440781999379396 ], [ 319192.592193999968003, 6399993.930421999655664 ], [ 319194.23310999997193, 6399994.294867998920381 ], [ 319198.99238199996762, 6399997.909155999310315 ], [ 319197.894903999986127, 6400002.531823999248445 ], [ 319192.09116399998311, 6400001.094683999195695 ], [ 319191.017967999971006, 6399999.440781999379396 ] ] ] ] } },
{ "type": "Feature", "properties": { "B_ID": 60156.0 }, "geometry": { "type": "MultiPolygon", "coordinates": [ [ [ [ 318725.117865999985952, 6399840.232665998861194 ], [ 318715.079139999987092, 6399850.245799999684095 ], [ 318730.664079999958631, 6399865.936033999547362 ], [ 318740.638852, 6399856.012621999718249 ], [ 318725.117865999985952, 6399840.232665998861194 ] ] ] ] } },
{ "type": "Feature", "properties": { "B_ID": 60582.0 }, "geometry": { "type": "MultiPolygon", "coordinates": [ [ [ [ 319519.712116, 6399866.052751999348402 ], [ 319513.658032, 6399861.570621998980641 ], [ 319507.600869999965653, 6399870.896945999003947 ], [ 319521.042838, 6399881.005359998904169 ], [ 319547.23011999996379, 6399856.809003999456763 ], [ 319539.796066, 6399848.383075999096036 ], [ 319536.309033999976236, 6399851.621801999397576 ], [ 319537.82512, 6399853.251883999444544 ], [ 319537.532025999971665, 6399854.030003999359906 ], [ 319527.189946, 6399863.450813999399543 ], [ 319525.555869999981951, 6399861.668283998966217 ], [ 319520.762056, 6399866.040047999471426 ], [ 319519.712116, 6399866.052751999348402 ] ] ] ] } },
{ "type": "Feature", "properties": { "B_ID": 61580.0 }, "geometry": { "type": "MultiPolygon", "coordinates": [ [ [ [ 318825.512991999974474, 6399611.785367999225855 ], [ 318825.538983999984339, 6399605.646953999064863 ], [ 318809.203012000012677, 6399604.495653999038041 ], [ 318802.715955999970902, 6399604.08277399931103 ], [ 318802.729977999988478, 6399604.169319999404252 ], [ 318802.009042, 6399604.112945999018848 ], [ 318800.440972000011243, 6399603.885067999362946 ], [ 318797.727886, 6399614.893083998933434 ], [ 318797.712837999977637, 6399615.652941999025643 ], [ 318797.98507, 6399616.604153999127448 ], [ 318800.898909999988973, 6399623.665989999659359 ], [ 318798.783981999964453, 6399625.015789999626577 ], [ 318797.303122000012081, 6399624.984823998995125 ], [ 318796.669054, 6399625.165855999104679 ], [ 318794.873895999975502, 6399620.46696399897337 ], [ 318794.622868, 6399620.154921999201179 ], [ 318794.293864, 6399619.885755999013782 ], [ 318793.071897999965586, 6399619.206885999068618 ], [ 318792.111904, 6399619.198945999145508 ], [ 318791.207997999968939, 6399619.668199999257922 ], [ 318788.548948000010569, 6399619.076669999398291 ], [ 318788.189163999981247, 6399619.089373999275267 ], [ 318787.95215799997095, 6399619.1767139993608 ], [ 318787.602976, 6399619.507811998948455 ], [ 318787.290045999980066, 6399620.917955999262631 ], [ 318784.609108, 6399632.492093998938799 ], [ 318784.471965999982785, 6399633.193989999592304 ], [ 318784.266081999987364, 6399634.091209999285638 ], [ 318817.142883999971673, 6399641.321373999118805 ], [ 318817.452051999978721, 6399639.89614399895072 ], [ 318821.152149999979883, 6399640.682997999712825 ], [ 318823.443892000010237, 6399630.384023998863995 ], [ 318820.782106, 6399629.247809999622405 ], [ 318820.835115999972913, 6399627.736827999353409 ], [ 318820.100841999985278, 6399626.973793999291956 ], [ 318818.734894, 6399626.704627999104559 ], [ 318817.859032, 6399627.120683999732137 ], [ 318817.330984, 6399627.158795999363065 ], [ 318813.919875999970827, 6399629.192229999229312 ], [ 318813.301882, 6399628.653103998862207 ], [ 318812.535118, 6399628.437929999083281 ], [ 318811.536136, 6399628.471277999691665 ], [ 318810.063142, 6399626.240931998938322 ], [ 318816.009838, 6399622.283635999076068 ], [ 318816.496845999965444, 6399621.307809999212623 ], [ 318816.596025999984704, 6399620.664669998921454 ], [ 318816.651087999984156, 6399619.903223998844624 ], [ 318816.465039999980945, 6399611.355813999660313 ], [ 318825.512991999974474, 6399611.785367999225855 ] ] ] ] } },
{ "type": "Feature", "properties": { "B_ID": 61121.0 }, "geometry": { "type": "MultiPolygon", "coordinates": [ [ [ [ 319135.955968, 6400399.004607999697328 ], [ 319134.02401, 6400404.646771999076009 ], [ 319143.500146, 6400407.967279999516904 ], [ 319148.914005999977235, 6400392.10871799942106 ], [ 319147.580889999982901, 6400389.513131999410689 ], [ 319126.502061999985017, 6400384.614945999346673 ], [ 319124.146024000016041, 6400385.935367999598384 ], [ 319117.644946000014897, 6400398.628251999616623 ], [ 319123.573857999988832, 6400400.721235998906195 ], [ 319126.43503, 6400395.57373399939388 ], [ 319134.96416799997678, 6400397.442015998996794 ], [ 319135.955968, 6400399.004607999697328 ] ] ] ] } },
{ "type": "Feature", "properties": { "B_ID": 61655.0 }, "geometry": { "type": "MultiPolygon", "coordinates": [ [ [ [ 318995.941851999959908, 6399647.527277999557555 ], [ 318991.821094000013545, 6399666.588835999369621 ], [ 318988.402119999984279, 6399682.429135999642313 ], [ 319027.554964, 6399691.397365999408066 ], [ 319038.974002, 6399647.131071999669075 ], [ 318977.080894000013359, 6399632.153055999428034 ], [ 318974.562064, 6399642.610829999670386 ], [ 318995.941851999959908, 6399647.527277999557555 ] ] ] ] } },
{ "type": "Feature", "properties": { "B_ID": 62338.0 }, "geometry": { "type": "MultiPolygon", "coordinates": [ [ [ [ 319419.60598, 6400371.710063999518752 ], [ 319417.381953999982215, 6400381.389717998914421 ], [ 319490.017966000013985, 6400398.639367999508977 ], [ 319509.784882, 6400358.242235999554396 ], [ 319506.190119999984745, 6400356.442237999290228 ], [ 319510.081054, 6400348.368051999248564 ], [ 319513.754133999987971, 6400350.164873999543488 ], [ 319533.43999599997187, 6400309.84793599974364 ], [ 319534.565859999973327, 6400305.398359999060631 ], [ 319514.674114, 6400300.879705999046564 ], [ 319513.925133999960963, 6400304.594831999391317 ], [ 319438.892043999978341, 6400287.646107999607921 ], [ 319419.60598, 6400371.710063999518752 ] ], [ [ 319455.076851999969222, 6400351.331259999424219 ], [ 319459.593988, 6400331.439971999265254 ], [ 319450.288851999968756, 6400329.119903999380767 ], [ 319454.408926, 6400311.570121998898685 ], [ 319467.02599, 6400314.576205999590456 ], [ 319465.029051999968942, 6400324.034333999268711 ], [ 319485.006981999962591, 6400328.710993999615312 ], [ 319487.252896, 6400319.486301999539137 ], [ 319499.94691, 6400322.33279199898243 ], [ 319495.898997999960557, 6400339.71821599919349 ], [ 319486.602069999964442, 6400337.556947999633849 ], [ 319481.920089999970514, 6400357.450617999769747 ], [ 319491.222147999971639, 6400359.611885999329388 ], [ 319487.258026, 6400377.079091999679804 ], [ 319474.404982, 6400374.160347999073565 ], [ 319476.566079999960493, 6400364.858637999743223 ], [ 319456.588149999966845, 6400360.186741999350488 ], [ 319454.434918000013568, 6400369.641693999059498 ], [ 319441.572982000012416, 6400366.564943999052048 ], [ 319445.61986799997976, 6400349.258125999011099 ], [ 319455.076851999969222, 6400351.331259999424219 ] ] ] ] } },
{ "type": "Feature", "properties": { "B_ID": 62113.0 }, "geometry": { "type": "MultiPolygon", "coordinates": [ [ [ [ 319267.933083999960218, 6399974.84107399918139 ], [ 319286.710935999988578, 6399979.336701999418437 ], [ 319292.894979999982752, 6399954.171665999107063 ], [ 319274.18416, 6399949.695093999616802 ], [ 319267.933083999960218, 6399974.84107399918139 ] ], [ [ 319276.565163999970537, 6399962.321281999349594 ], [ 319277.921877999964636, 6399956.336903999559581 ], [ 319286.531044, 6399958.287761999294162 ], [ 319284.339849999989383, 6399967.944389998912811 ], [ 319280.109994, 6399966.985237998887897 ], [ 319280.323059999966063, 6399966.04672999959439 ], [ 319280.272101999958977, 6399965.445671998895705 ], [ 319280.003974, 6399964.919249999336898 ], [ 319279.390084000013303, 6399964.398385999724269 ], [ 319278.683854, 6399964.138747999444604 ], [ 319277.904094, 6399964.060935999266803 ], [ 319277.30491, 6399964.300723999738693 ], [ 319276.93486599996686, 6399964.51589799951762 ], [ 319276.253944, 6399965.355155999772251 ], [ 319276.121931999980006, 6399965.930011998862028 ], [ 319274.498115999973379, 6399965.560801999643445 ], [ 319276.565163999970537, 6399962.321281999349594 ] ] ] ] } },
{ "type": "Feature", "properties": { "B_ID": 62029.0 }, "geometry": { "type": "MultiPolygon", "coordinates": [ [ [ [ 319580.66404, 6400147.366951999254525 ], [ 319616.946135999984108, 6400155.511009999550879 ], [ 319623.154119999962859, 6400135.594313999637961 ], [ 319585.92913, 6400126.680075999349356 ], [ 319580.66404, 6400147.366951999254525 ] ] ] ] } },
{ "type": "Feature", "properties": { "B_ID": 63831.0 }, "geometry": { "type": "MultiPolygon", "coordinates": [ [ [ [ 319586.562855999975, 6399986.706609999760985 ], [ 319585.28514399996493, 6399983.752929999493062 ], [ 319583.857978000014555, 6399984.383365998975933 ], [ 319582.353861999989022, 6399980.949315999634564 ], [ 319577.788845999981277, 6399970.35735599976033 ], [ 319579.126065999967977, 6399969.712627999484539 ], [ 319577.591169999970589, 6399966.229349999688566 ], [ 319564.31883399997605, 6399972.115271999500692 ], [ 319568.691988, 6399981.694087998941541 ], [ 319568.594860000011977, 6399981.699645998887718 ], [ 319573.536075999960303, 6399992.617145999334753 ], [ 319586.562855999975, 6399986.706609999760985 ] ] ] ] } },
{ "type": "Feature", "properties": { "B_ID": 63289.0 }, "geometry": { "type": "MultiPolygon", "coordinates": [ [ [ [ 319163.342986, 6399826.009743999689817 ], [ 319217.438151999958791, 6399838.859045999124646 ], [ 319224.024045999976806, 6399812.021051999181509 ], [ 319230.152001999958884, 6399813.478835999034345 ], [ 319231.868841999967117, 6399805.843731999397278 ], [ 319235.344929999962915, 6399790.561613999307156 ], [ 319204.679842000012286, 6399783.218701999634504 ], [ 319167.87688, 6399774.33701799903065 ], [ 319161.126141999964602, 6399802.642323999665678 ], [ 319168.309851999976672, 6399804.35498199891299 ], [ 319168.451098, 6399804.840115998871624 ], [ 319163.328963999985717, 6399825.839827999472618 ], [ 319163.342986, 6399826.009743999689817 ] ] ] ] } },
{ "type": "Feature", "properties": { "B_ID": 64948.0 }, "geometry": { "type": "MultiPolygon", "coordinates": [ [ [ [ 318932.853111999982502, 6399563.499845999293029 ], [ 318935.067904, 6399564.069143999367952 ], [ 318934.32815799996024, 6399566.938659999519587 ], [ 318936.235834, 6399573.724977998994291 ], [ 318946.235913999960758, 6399576.298331999219954 ], [ 318950.74586799996905, 6399558.746961999684572 ], [ 318940.211925999959931, 6399556.04339199885726 ], [ 318936.606903999985661, 6399555.112823999486864 ], [ 318935.102104, 6399554.72932199947536 ], [ 318932.853111999982502, 6399563.499845999293029 ] ] ] ] } },
{ "type": "Feature", "properties": { "B_ID": 65736.0 }, "geometry": { "type": "MultiPolygon", "coordinates": [ [ [ [ 319275.48888999997871, 6399945.959323999471962 ], [ 319275.885951999982353, 6399943.076309999451041 ], [ 319275.729999999981374, 6399943.0516959996894 ], [ 319274.18416, 6399949.695093999616802 ], [ 319292.894979999982752, 6399954.171665999107063 ], [ 319307.507955999986734, 6399957.670029999688268 ], [ 319308.594148, 6399952.078681998886168 ], [ 319286.506078, 6399946.464307999238372 ], [ 319287.672981999989133, 6399941.185001999139786 ], [ 319290.451047999958973, 6399941.800351999700069 ], [ 319290.976017999986652, 6399939.427879999391735 ], [ 319310.439922, 6399943.729771999642253 ], [ 319313.273049999959767, 6399932.855147999711335 ], [ 319279.924972, 6399924.986607999540865 ], [ 319277.394855999969877, 6399936.158981999382377 ], [ 319283.318979999981821, 6399937.491313999518752 ], [ 319281.182164, 6399947.209873999468982 ], [ 319275.48888999997871, 6399945.959323999471962 ] ] ] ] } },
{ "type": "Feature", "properties": { "B_ID": 65634.0 }, "geometry": { "type": "MultiPolygon", "coordinates": [ [ [ [ 319300.958997999958228, 6400048.119333999231458 ], [ 319300.955919999978505, 6400048.200321999378502 ], [ 319349.686132, 6400060.655005998909473 ], [ 319362.805935999960639, 6400004.288151999004185 ], [ 319314.61403200001223, 6399993.194383999332786 ], [ 319314.157119999988936, 6399993.079253999516368 ], [ 319300.958997999958228, 6400048.119333999231458 ] ] ] ] } },
{ "type": "Feature", "properties": { "B_ID": 67139.0 }, "geometry": { "type": "MultiPolygon", "coordinates": [ [ [ [ 319656.932091999973636, 6400041.02891399897635 ], [ 319670.95204, 6400022.720861999318004 ], [ 319656.72005199996056, 6400011.738253999501467 ], [ 319641.100912, 6400032.854683998972178 ], [ 319640.744889999972656, 6400034.058387999422848 ], [ 319656.932091999973636, 6400041.02891399897635 ] ], [ [ 319653.470026, 6400024.959147999063134 ], [ 319656.95911, 6400027.769113998860121 ], [ 319656.615057999966666, 6400028.148645998910069 ], [ 319656.780928, 6400030.0598039990291 ], [ 319658.135932, 6400030.800605999305844 ], [ 319654.237131999980193, 6400036.040211998857558 ], [ 319648.331133999978192, 6400031.694649999029934 ], [ 319653.470026, 6400024.959147999063134 ] ] ] ] } },
{ "type": "Feature", "properties": { "B_ID": 68136.0 }, "geometry": { "type": "MultiPolygon", "coordinates": [ [ [ [ 318945.863133999984711, 6399763.33614799939096 ], [ 318948.084082000015769, 6399763.930853999219835 ], [ 318947.7499480000115, 6399772.661677999421954 ], [ 318961.199098000011873, 6399776.057615999132395 ], [ 318964.418001999962144, 6399765.306855998933315 ], [ 318965.837986, 6399760.132357999682426 ], [ 318967.994979999959469, 6399751.96289199963212 ], [ 318949.449004, 6399747.757073999382555 ], [ 318945.863133999984711, 6399763.33614799939096 ] ] ] ] } },
{ "type": "Feature", "properties": { "B_ID": 70666.0 }, "geometry": { "type": "MultiPolygon", "coordinates": [ [ [ [ 319229.921836, 6400289.126917999237776 ], [ 319229.905077999981586, 6400289.188055999577045 ], [ 319227.80212, 6400299.637889998964965 ], [ 319232.818917999975383, 6400300.825713999569416 ], [ 319232.628082000010181, 6400302.277939999476075 ], [ 319235.460868, 6400302.899641999043524 ], [ 319236.016959999979008, 6400302.800391999073327 ], [ 319240.552906, 6400304.008859999477863 ], [ 319240.599075999984052, 6400305.287993999198079 ], [ 319248.444897999987006, 6400307.022883999161422 ], [ 319251.695949999964796, 6400294.387961999513209 ], [ 319229.921836, 6400289.126917999237776 ] ] ] ] } },
{ "type": "Feature", "properties": { "B_ID": 70525.0 }, "geometry": { "type": "MultiPolygon", "coordinates": [ [ [ [ 319357.382842, 6399847.311175999231637 ], [ 319351.757967999961693, 6399871.400341999717057 ], [ 319375.483875999983866, 6399877.063149998895824 ], [ 319379.436027999967337, 6399859.426027999259531 ], [ 319365.790912, 6399856.21588599961251 ], [ 319367.76903999998467, 6399848.24571399949491 ], [ 319357.756989999965299, 6399845.717617999762297 ], [ 319357.382842, 6399847.311175999231637 ] ] ] ] } },
{ "type": "Feature", "properties": { "B_ID": 71386.0 }, "geometry": { "type": "MultiPolygon", "coordinates": [ [ [ [ 319061.807974, 6399719.975807999260724 ], [ 319068.856936, 6399721.721813999116421 ], [ 319083.78489399998216, 6399725.246379999443889 ], [ 319095.178965999977663, 6399727.992825998924673 ], [ 319099.548016000015195, 6399709.090861999429762 ], [ 319066.09494400001131, 6399700.910279999487102 ], [ 319064.801841999986209, 6399706.578645999543369 ], [ 319064.718051999981981, 6399707.320241998881102 ], [ 319064.108949999965262, 6399709.775289999321103 ], [ 319061.839096000010613, 6399719.628829998895526 ], [ 319061.807974, 6399719.975807999260724 ] ] ] ] } },
{ "type": "Feature", "properties": { "B_ID": 71299.0 }, "geometry": { "type": "MultiPolygon", "coordinates": [ [ [ [ 318825.566002, 6399599.691159998998046 ], [ 318825.538983999984339, 6399605.646953999064863 ], [ 318855.597022, 6399605.750173998996615 ], [ 318855.603861999989022, 6399589.765365999191999 ], [ 318843.077086, 6399589.615299999713898 ], [ 318843.075033999979496, 6399597.910217999480665 ], [ 318843.865054, 6399598.802673999220133 ], [ 318844.119843999971636, 6399598.698659999296069 ], [ 318843.566146, 6399599.452959999442101 ], [ 318843.424899999983609, 6399600.018287999555469 ], [ 318843.430029999988619, 6399600.177087998948991 ], [ 318842.057925999979489, 6399600.98299799952656 ], [ 318840.730966, 6399599.587145999073982 ], [ 318835.987083999963943, 6399599.607789998874068 ], [ 318835.999054000014439, 6399599.183793999254704 ], [ 318835.898847999982536, 6399598.588293999433517 ], [ 318835.429965999966953, 6399597.723627999424934 ], [ 318834.573939999972936, 6399597.232141999527812 ], [ 318834.00792999996338, 6399597.051109999418259 ], [ 318833.132067999977153, 6399597.159887999296188 ], [ 318832.347862, 6399597.625965999439359 ], [ 318832.002099999983329, 6399598.038051999174058 ], [ 318831.681988, 6399598.522391999140382 ], [ 318831.51817, 6399599.132977999746799 ], [ 318831.531166, 6399599.533153999596834 ], [ 318825.566002, 6399599.691159998998046 ] ] ] ] } },
{ "type": "Feature", "properties": { "B_ID": 73445.0 }, "geometry": { "type": "MultiPolygon", "coordinates": [ [ [ [ 319185.529893999977503, 6400260.033169999718666 ], [ 319169.641941999958362, 6400256.356155999004841 ], [ 319171.303036, 6400249.264941999688745 ], [ 319179.608163999975659, 6400251.335693999193609 ], [ 319183.565103999979328, 6400233.234081999398768 ], [ 319186.240912, 6400233.798615999519825 ], [ 319186.237833999970462, 6400233.884367999620736 ], [ 319186.237833999970462, 6400233.983617999590933 ], [ 319186.242963999975473, 6400234.083661999553442 ], [ 319186.252882, 6400234.18291199952364 ], [ 319186.267929999972694, 6400234.282161999493837 ], [ 319186.28913399996236, 6400234.379029999487102 ], [ 319186.314099999959581, 6400234.475897999480367 ], [ 319186.343853999977, 6400234.571177999489009 ], [ 319186.378053999971598, 6400234.66486999951303 ], [ 319186.418068, 6400234.756179999560118 ], [ 319186.461843999975827, 6400234.845901999622583 ], [ 319186.510065999988001, 6400234.933241999708116 ], [ 319186.563075999962166, 6400235.018199998885393 ], [ 319186.619848, 6400235.099981999024749 ], [ 319186.682091999973636, 6400235.177793999202549 ], [ 319186.747072, 6400235.254017999395728 ], [ 319186.816156000015326, 6400235.326271999627352 ], [ 319186.887975999969058, 6400235.395349998958409 ], [ 319186.963899999973364, 6400235.459663999266922 ], [ 319187.042902000015602, 6400235.520801999606192 ], [ 319187.124981999979354, 6400235.577969999052584 ], [ 319187.210139999981038, 6400235.630373999476433 ], [ 319187.29700799996499, 6400235.678807999007404 ], [ 319187.386953999986872, 6400235.723271999508142 ], [ 319187.47792599996319, 6400235.762177999131382 ], [ 319187.57197599997744, 6400235.796319999732077 ], [ 319187.667052, 6400235.825697999447584 ], [ 319187.763838000013493, 6400235.851105999201536 ], [ 319187.861991999961901, 6400235.870955999009311 ], [ 319187.960145999968518, 6400235.88604199886322 ], [ 319188.060010000015609, 6400235.896363999694586 ], [ 319188.158848, 6400235.901127999648452 ], [ 319188.259053999965545, 6400235.901127999648452 ], [ 319188.358918000012636, 6400235.896363999694586 ], [ 319188.458097999973688, 6400235.885247998870909 ], [ 319188.556936, 6400235.870161999017 ], [ 319188.654064, 6400235.850311999209225 ], [ 319188.750850000011269, 6400235.824903999455273 ], [ 319188.845925999979954, 6400235.794731999747455 ], [ 319188.939976, 6400235.759795999154449 ], [ 319189.030947999970522, 6400235.720889999531209 ], [ 319189.120894, 6400235.677219999022782 ], [ 319189.208103999961168, 6400235.6279919994995 ], [ 319189.292919999978039, 6400235.57479399908334 ], [ 319189.375, 6400235.517625999636948 ], [ 319189.452975999971386, 6400235.457281999289989 ], [ 319189.528899999975692, 6400235.392173998989165 ], [ 319189.601061999972444, 6400235.323095999658108 ], [ 319189.670145999989472, 6400235.250047999434173 ], [ 319189.735126000014134, 6400235.174617999233305 ], [ 319189.796001999988221, 6400235.096011999063194 ], [ 319189.85311600001296, 6400235.014229998923838 ], [ 319189.905099999974482, 6400234.929271999746561 ], [ 319189.954006000014488, 6400234.841931999661028 ], [ 319189.998123999976087, 6400234.752209999598563 ], [ 319197.604888, 6400236.49821599945426 ], [ 319195.910961999965366, 6400244.261153999716043 ], [ 319210.735977999982424, 6400247.437947999686003 ], [ 319214.894013999961317, 6400229.599943999201059 ], [ 319212.858087999979034, 6400226.331045999191701 ], [ 319159.310122, 6400213.682625999674201 ], [ 319156.729048, 6400215.204723998904228 ], [ 319145.761108, 6400260.279309999197721 ], [ 319146.981021999963559, 6400262.546179999597371 ], [ 319182.834933999984059, 6400271.288913999684155 ], [ 319185.529893999977503, 6400260.033169999718666 ] ], [ [ 319169.292076000012457, 6400228.458171999081969 ], [ 319168.84816, 6400230.117631998844445 ], [ 319171.397086000011768, 6400230.79570799972862 ], [ 319172.016106, 6400228.465317999012768 ], [ 319171.297906, 6400228.265229999087751 ], [ 319171.483954, 6400227.573655999265611 ], [ 319176.328042, 6400228.691607999615371 ], [ 319175.514082, 6400231.608763999305665 ], [ 319175.207991999981459, 6400231.552389998920262 ], [ 319175.133093999989796, 6400231.54286199901253 ], [ 319175.033913999970537, 6400231.535715999081731 ], [ 319174.935076, 6400231.533333999104798 ], [ 319174.835895999975037, 6400231.535715999081731 ], [ 319174.737058, 6400231.543655999004841 ], [ 319174.637877999979537, 6400231.557153998874128 ], [ 319174.541091999970376, 6400231.574621999636292 ], [ 319174.443963999976404, 6400231.596853999421 ], [ 319174.348888, 6400231.624643999151886 ], [ 319174.254838, 6400231.657197999767959 ], [ 319174.16284, 6400231.693721999414265 ], [ 319174.072893999982625, 6400231.735803999006748 ], [ 319173.986026, 6400231.781855999492109 ], [ 319173.899841999984346, 6400231.832671999000013 ], [ 319173.818104, 6400231.888251999393106 ], [ 319173.738076, 6400231.946213999763131 ], [ 319173.661126, 6400232.0089399991557 ], [ 319173.587937999982387, 6400232.075635999441147 ], [ 319173.51817, 6400232.146301999688148 ], [ 319173.451138, 6400232.220143998973072 ], [ 319173.388893999974243, 6400232.297161999158561 ], [ 319173.33109599997988, 6400232.377355999313295 ], [ 319173.276033999980427, 6400232.459931999444962 ], [ 319173.226101999985985, 6400232.545683999545872 ], [ 319173.180958000011742, 6400232.633817999623716 ], [ 319173.138891999959014, 6400232.724333999678493 ], [ 319173.102981999982148, 6400232.817231999710202 ], [ 319173.070834000012837, 6400232.910129999741912 ], [ 319173.044157999975141, 6400233.006203999742866 ], [ 319173.021927999972831, 6400233.10307199973613 ], [ 319173.010984, 6400233.162621999159455 ], [ 319172.9918319999706, 6400233.299189999699593 ], [ 319172.984991999983322, 6400233.397645999677479 ], [ 319172.982940000016242, 6400233.496895999647677 ], [ 319172.986018, 6400233.596145999617875 ], [ 319172.993884, 6400233.695395999588072 ], [ 319173.005853999988176, 6400233.793057999573648 ], [ 319173.02398, 6400233.890719999559224 ], [ 319173.046893999970052, 6400233.986793999560177 ], [ 319173.074938, 6400234.082867999561131 ], [ 319173.107085999974515, 6400234.175765999592841 ], [ 319173.144021999964025, 6400234.267869999632239 ], [ 319173.186087999958545, 6400234.358385999687016 ], [ 319173.23191599996062, 6400234.445725999772549 ], [ 319173.281848000013269, 6400234.532271998934448 ], [ 319173.336910000012722, 6400234.614053999073803 ], [ 319173.396076, 6400234.694247999228537 ], [ 319173.459004, 6400234.771265999414027 ], [ 319173.526036, 6400234.844313999637961 ], [ 319173.596145999967121, 6400234.914185998961329 ], [ 319173.670018, 6400234.980087999254465 ], [ 319173.74696799996309, 6400235.042813999578357 ], [ 319173.826995999959763, 6400235.10077599901706 ], [ 319173.910102, 6400235.15476799942553 ], [ 319173.995943999965675, 6400235.206377998925745 ], [ 319174.08383799996227, 6400235.250841999426484 ], [ 319174.174125999968965, 6400235.292129999026656 ], [ 319174.266124000016134, 6400235.328653999604285 ], [ 319174.359831999987364, 6400235.361207999289036 ], [ 319174.455933999968693, 6400235.38820399902761 ], [ 319175.489116000011563, 6400235.639901999384165 ], [ 319173.993892, 6400241.901385999284685 ], [ 319171.494897999975365, 6400243.430629999376833 ], [ 319166.986996, 6400242.48021199926734 ], [ 319163.968162, 6400255.851171999238431 ], [ 319161.066975999972783, 6400255.160391999408603 ], [ 319161.001996, 6400255.06511199939996 ], [ 319160.925045999989379, 6400254.96427399944514 ], [ 319160.843991999980062, 6400254.866611999459565 ], [ 319160.757124, 6400254.773713999427855 ], [ 319160.666151999961585, 6400254.6847859993577 ], [ 319160.570049999980256, 6400254.602209999226034 ], [ 319160.470869999960996, 6400254.522809999063611 ], [ 319160.366901999979746, 6400254.448967998847365 ], [ 319160.259855999960564, 6400254.380683999508619 ], [ 319160.150074, 6400254.317957999184728 ], [ 319160.036871999967843, 6400254.260789999738336 ], [ 319159.972918000014033, 6400254.232205999083817 ], [ 319159.801917999982834, 6400254.163921999745071 ], [ 319159.68085, 6400254.125015999190509 ], [ 319159.558071999985259, 6400254.091667999513447 ], [ 319159.433925999968778, 6400254.064671999774873 ], [ 319159.309095999982674, 6400254.044027999043465 ], [ 319159.182898, 6400254.029735999181867 ], [ 319159.056015999987721, 6400254.021795999258757 ], [ 319158.92913399997633, 6400254.021001999266446 ], [ 319158.801909999980126, 6400254.025765999220312 ], [ 319158.676053999981377, 6400254.037675999104977 ], [ 319158.549856, 6400254.055143998935819 ], [ 319160.718135999981314, 6400245.748315999284387 ], [ 319160.842965999967419, 6400245.753079999238253 ], [ 319160.974977999983821, 6400245.752285999245942 ], [ 319161.10596399998758, 6400245.744345999322832 ], [ 319161.23695, 6400245.730053999461234 ], [ 319161.366909999982454, 6400245.708615999668837 ], [ 319161.495843999960925, 6400245.680825999006629 ], [ 319161.623068000015337, 6400245.646683999337256 ], [ 319161.747898, 6400245.606983999721706 ], [ 319161.871018, 6400245.560137999244034 ], [ 319161.991059999971185, 6400245.506939999759197 ], [ 319162.109049999970011, 6400245.448183999396861 ], [ 319162.222935999976471, 6400245.383869999088347 ], [ 319162.334085999988019, 6400245.313203999772668 ], [ 319162.442157999961637, 6400245.236979999579489 ], [ 319162.545099999988452, 6400245.155991999432445 ], [ 319162.643937999964692, 6400245.068651999346912 ], [ 319162.739014, 6400244.978135999292135 ], [ 319162.828960000013467, 6400244.882061999291182 ], [ 319162.914118000015151, 6400244.781223999336362 ], [ 319162.99312, 6400244.675621999427676 ], [ 319163.0669919999782, 6400244.567637999542058 ], [ 319163.136076, 6400244.454889999702573 ], [ 319163.199004, 6400244.339759998954833 ], [ 319163.256117999961134, 6400244.22065999917686 ], [ 319163.30707599996822, 6400244.099971999414265 ], [ 319163.351878000015859, 6400243.973725999705493 ], [ 319163.389839999959804, 6400243.849861999042332 ], [ 319163.421987999987323, 6400243.722821999341249 ], [ 319163.446953999984544, 6400243.594193999655545 ], [ 319163.466106, 6400243.463183999061584 ], [ 319163.478076, 6400243.332173999398947 ], [ 319163.483889999974053, 6400243.201163999736309 ], [ 319163.481838, 6400243.069359999150038 ], [ 319163.474997999961488, 6400242.9383499994874 ], [ 319163.459949999989476, 6400242.80733999889344 ], [ 319163.439087999984622, 6400242.677917999215424 ], [ 319163.412069999962114, 6400242.549289999529719 ], [ 319163.377869999967515, 6400242.422249998897314 ], [ 319163.336829999985639, 6400242.296797999180853 ], [ 319163.291001999983564, 6400242.173727999441326 ], [ 319163.237992, 6400242.053039999678731 ], [ 319163.179168, 6400241.936321998946369 ], [ 319163.113846, 6400241.821191999129951 ], [ 319163.043052, 6400241.710031999275088 ], [ 319162.967127999989316, 6400241.602841999381781 ], [ 319162.886073999979999, 6400241.498827999457717 ], [ 319162.798864000011235, 6400241.40037199947983 ], [ 319162.707891999976709, 6400241.305885999463499 ], [ 319162.612131999980193, 6400241.216163999401033 ], [ 319162.5109, 6400241.131205999292433 ], [ 319162.406932000012603, 6400241.0510119991377 ], [ 319162.297833999968134, 6400240.977169998921454 ], [ 319165.465096, 6400227.279875999316573 ], [ 319169.292076000012457, 6400228.458171999081969 ] ] ] ] } },
{ "type": "Feature", "properties": { "B_ID": 72914.0 }, "geometry": { "type": "MultiPolygon", "coordinates": [ [ [ [ 319181.357835999981035, 6399912.250053999014199 ], [ 319183.491915999969933, 6399912.779651999473572 ], [ 319183.42591, 6399913.68004799913615 ], [ 319183.712848, 6399914.335097999311984 ], [ 319184.522019999974873, 6399914.832935999147594 ], [ 319186.493992, 6399915.314099999144673 ], [ 319187.431072, 6399915.164827999658883 ], [ 319187.61883, 6399915.499895999208093 ], [ 319189.681089999969117, 6399915.928655999712646 ], [ 319188.306934, 6399922.911885999143124 ], [ 319179.336957999970764, 6399920.553705999627709 ], [ 319178.038041999971028, 6399925.922733998857439 ], [ 319193.301159999973606, 6399929.80698199942708 ], [ 319198.632939999981318, 6399904.989717999473214 ], [ 319183.895134, 6399901.331759999506176 ], [ 319181.357835999981035, 6399912.250053999014199 ] ] ] ] } },
{ "type": "Feature", "properties": { "B_ID": 73154.0 }, "geometry": { "type": "MultiPolygon", "coordinates": [ [ [ [ 319059.685864, 6400376.104853998869658 ], [ 319056.259023999969941, 6400371.025635999627411 ], [ 319056.341104, 6400370.840633999556303 ], [ 319056.478929999982938, 6400370.450779999606311 ], [ 319056.531940000015311, 6400370.037105998955667 ], [ 319056.604102000012062, 6400369.574997999705374 ], [ 319064.876056, 6400364.298867999576032 ], [ 319058.360955999989528, 6400355.113875999115407 ], [ 319040.005131999962032, 6400367.721801999025047 ], [ 319050.309933999960776, 6400382.486231999471784 ], [ 319059.685864, 6400376.104853998869658 ] ] ] ] } },
{ "type": "Feature", "properties": { "B_ID": 72841.0 }, "geometry": { "type": "MultiPolygon", "coordinates": [ [ [ [ 319506.784858, 6400052.494273999705911 ], [ 319509.538983999984339, 6400039.869673999026418 ], [ 319488.241960000013933, 6400034.833331999368966 ], [ 319474.778103999968152, 6400088.036095999181271 ], [ 319476.939886, 6400091.401067999191582 ], [ 319497.515973999979906, 6400096.342129999771714 ], [ 319500.992061999975704, 6400082.882241999730468 ], [ 319492.771065999986604, 6400080.644749999046326 ], [ 319493.078866, 6400079.835663999430835 ], [ 319489.906131999974605, 6400079.036899999715388 ], [ 319490.196147999959067, 6400077.190849998965859 ], [ 319491.943083999969531, 6400076.319831999018788 ], [ 319492.960876, 6400072.924687999300659 ], [ 319492.053892, 6400071.265227999538183 ], [ 319493.117854000010993, 6400067.281729998998344 ], [ 319504.546126, 6400070.122661999426782 ], [ 319506.14395, 6400063.862765999510884 ], [ 319491.940005999989808, 6400060.300881999544799 ], [ 319493.162997999985237, 6400056.05139399971813 ], [ 319493.919843999959994, 6400055.308209999464452 ], [ 319494.683871999965049, 6400054.356203999370337 ], [ 319494.766978, 6400052.603845999576151 ], [ 319493.897956, 6400052.02819599956274 ], [ 319494.709863999974914, 6400049.111833998933434 ], [ 319498.399018, 6400049.920919999480247 ], [ 319498.191081999975722, 6400050.876101999543607 ], [ 319502.070046, 6400051.828901999630034 ], [ 319502.170936, 6400051.451751999557018 ], [ 319506.784858, 6400052.494273999705911 ] ] ] ] } },
{ "type": "Feature", "properties": { "B_ID": 74660.0 }, "geometry": { "type": "MultiPolygon", "coordinates": [ [ [ [ 318995.86114, 6399609.461329999379814 ], [ 318983.841892, 6399606.406811999157071 ], [ 318979.381869999982882, 6399623.94627199973911 ], [ 318991.40111799997976, 6399626.999995999038219 ], [ 318995.86114, 6399609.461329999379814 ] ] ] ] } },
{ "type": "Feature", "properties": { "B_ID": 74121.0 }, "geometry": { "type": "MultiPolygon", "coordinates": [ [ [ [ 319141.368117999983951, 6399820.739965999498963 ], [ 319163.342986, 6399826.009743999689817 ], [ 319168.309851999976672, 6399804.357363998889923 ], [ 319161.126141999964602, 6399802.640735999681056 ], [ 319162.468149999971502, 6399797.139903998933733 ], [ 319147.855858, 6399793.928173999302089 ], [ 319141.368117999983951, 6399820.739965999498963 ] ], [ [ 319159.650069999974221, 6399802.638353999704123 ], [ 319157.067969999974594, 6399812.422021999023855 ], [ 319148.48206, 6399810.417171998880804 ], [ 319151.079892, 6399800.415153998881578 ], [ 319159.650069999974221, 6399802.638353999704123 ] ] ] ] } },
{ "type": "Feature", "properties": { "B_ID": 64863.0 }, "geometry": { "type": "MultiPolygon", "coordinates": [ [ [ [ 318854.328885999973863, 6399492.027141999453306 ], [ 318861.945225999981631, 6399518.018731999211013 ], [ 318853.923957999970298, 6399530.971253999508917 ], [ 318859.484877999988385, 6399535.319197999313474 ], [ 318864.59709399996791, 6399527.067949999123812 ], [ 318860.630919999966864, 6399533.473941999487579 ], [ 318865.504077999969013, 6399537.068379999138415 ], [ 318867.61114, 6399544.478781999088824 ], [ 318872.060902, 6399543.047199998982251 ], [ 318873.889917999971658, 6399549.326151999644935 ], [ 318912.484959999972489, 6399537.945749999023974 ], [ 318904.100145999982487, 6399509.715873999521136 ], [ 318901.876119999971706, 6399510.464615999720991 ], [ 318901.470508, 6399509.085437999106944 ], [ 318903.849118000012822, 6399508.53122599888593 ], [ 318895.550829999963753, 6399480.738049998879433 ], [ 318881.27711799996905, 6399483.239943998865783 ], [ 318861.916156, 6399486.685903999023139 ], [ 318862.591948000015691, 6399488.712191998958588 ], [ 318863.09639799996512, 6399488.628027999773622 ], [ 318862.389142, 6399488.750303999520838 ], [ 318862.726012, 6399489.59035599976778 ], [ 318854.662336, 6399491.929479999467731 ], [ 318854.328885999973863, 6399492.027141999453306 ] ], [ [ 318881.347911999968346, 6399534.610155999660492 ], [ 318878.112933999975212, 6399523.069365999661386 ], [ 318894.002937999961432, 6399518.387941999360919 ], [ 318897.5980419999687, 6399529.803279999643564 ], [ 318881.347911999968346, 6399534.610155999660492 ] ] ] ] } },
{ "type": "Feature", "properties": { "B_ID": 74668.0 }, "geometry": { "type": "MultiPolygon", "coordinates": [ [ [ [ 318735.389835999987554, 6399799.268617999739945 ], [ 318736.054, 6399825.741371999494731 ], [ 318740.169969999988098, 6399825.641327999532223 ], [ 318740.188096, 6399826.447237999178469 ], [ 318747.378987999982201, 6399826.26938199903816 ], [ 318747.359835999959614, 6399825.479351999238133 ], [ 318751.57601199997589, 6399825.373749999329448 ], [ 318750.913899999985006, 6399798.84620999917388 ], [ 318746.739106, 6399798.948635999113321 ], [ 318746.717902, 6399798.118905999697745 ], [ 318739.667914, 6399798.294379998929799 ], [ 318739.625163999968208, 6399799.166985998861492 ], [ 318735.389835999987554, 6399799.268617999739945 ] ] ] ] } },
{ "type": "Feature", "properties": { "B_ID": 74567.0 }, "geometry": { "type": "MultiPolygon", "coordinates": [ [ [ [ 318878.44912, 6399573.25889999885112 ], [ 318869.810883999976795, 6399573.265251999720931 ], [ 318869.478117999969982, 6399607.192871998995543 ], [ 318881.699145999969915, 6399607.152377999387681 ], [ 318882.002157999959309, 6399592.34427799936384 ], [ 318883.765168000012636, 6399592.342689999379218 ], [ 318878.44912, 6399573.25889999885112 ] ] ] ] } },
{ "type": "Feature", "properties": { "B_ID": 76005.0 }, "geometry": { "type": "MultiPolygon", "coordinates": [ [ [ [ 318709.253854, 6399718.491821999661624 ], [ 318718.61712999996962, 6399720.618947999551892 ], [ 318718.445103999983985, 6399722.664291999302804 ], [ 318719.065834, 6399723.283611998893321 ], [ 318721.48001200001454, 6399723.722693999297917 ], [ 318722.301838000013959, 6399723.175627999007702 ], [ 318722.98788999998942, 6399724.592917999252677 ], [ 318722.241988, 6399728.616909999400377 ], [ 318721.64314599998761, 6399728.636759999208152 ], [ 318721.024126, 6399728.057933999225497 ], [ 318720.53404, 6399727.753831999376416 ], [ 318719.969056, 6399727.613293998874724 ], [ 318719.529928, 6399727.626791999675333 ], [ 318718.658853999979328, 6399727.895957998931408 ], [ 318718.233063999970909, 6399728.309631999582052 ], [ 318718.048041999980342, 6399728.755859998986125 ], [ 318718.042911999975331, 6399729.363269999623299 ], [ 318715.381125999963842, 6399734.556029999628663 ], [ 318724.725933999987319, 6399735.951087999157608 ], [ 318729.393891999963671, 6399711.657863999716938 ], [ 318711.460096, 6399707.760117999278009 ], [ 318709.253854, 6399718.491821999661624 ] ] ] ] } },
{ "type": "Feature", "properties": { "B_ID": 79290.0 }, "geometry": { "type": "MultiPolygon", "coordinates": [ [ [ [ 318737.420974, 6399699.158715999685228 ], [ 318755.673856, 6399703.242257999256253 ], [ 318762.073018, 6399676.783795999363065 ], [ 318757.895145999966189, 6399675.881811999715865 ], [ 318758.177979999978561, 6399675.00999999884516 ], [ 318754.326033999968786, 6399674.269991999492049 ], [ 318754.041147999989334, 6399675.095751998946071 ], [ 318747.968937999976333, 6399673.760243999771774 ], [ 318744.569115999969654, 6399688.23089399933815 ], [ 318740.318055999989156, 6399687.131203999742866 ], [ 318737.420974, 6399699.158715999685228 ] ] ] ] } },
{ "type": "Feature", "properties": { "B_ID": 80103.0 }, "geometry": { "type": "MultiPolygon", "coordinates": [ [ [ [ 319416.103899999987334, 6399919.484187999740243 ], [ 319408.8770979999681, 6399949.63236799929291 ], [ 319458.668878, 6399961.439147999510169 ], [ 319464.542044, 6399935.946983999572694 ], [ 319456.623033999989275, 6399933.965953999198973 ], [ 319442.932089999958407, 6399931.208391998894513 ], [ 319444.038117999967653, 6399926.330849999561906 ], [ 319416.103899999987334, 6399919.484187999740243 ] ] ] ] } },
{ "type": "Feature", "properties": { "B_ID": 79217.0 }, "geometry": { "type": "MultiPolygon", "coordinates": [ [ [ [ 318998.228122, 6399955.796189999207854 ], [ 318993.58684, 6399973.366615999490023 ], [ 319030.493085999973118, 6399982.843799998983741 ], [ 319033.60904800001299, 6399980.992191999219358 ], [ 319041.098163999966346, 6399950.400959999300539 ], [ 319027.670901999983471, 6399946.622313999570906 ], [ 319018.433139999979176, 6399944.311773999594152 ], [ 319018.488886, 6399944.084689998999238 ], [ 319003.322896, 6399940.291751999408007 ], [ 319002.057153999980073, 6399939.989237999543548 ], [ 319000.302009999984875, 6399946.73426799941808 ], [ 319000.549959999974817, 6399946.876393998973072 ], [ 319016.524096, 6399951.063949999399483 ], [ 319016.000835999962874, 6399953.061653999611735 ], [ 319016.626011999964248, 6399953.901705998927355 ], [ 319018.024107999983244, 6399954.343963999301195 ], [ 319018.916044000012334, 6399954.184369998984039 ], [ 319019.562081999960355, 6399953.811189998872578 ], [ 319019.950935999979265, 6399953.358609999530017 ], [ 319020.448887999984436, 6399951.452215999364853 ], [ 319026.917133999988437, 6399953.141053999774158 ], [ 319024.020052, 6399964.230851999484003 ], [ 319005.274005999963265, 6399959.334253999404609 ], [ 319005.688852, 6399957.743871998973191 ], [ 318998.228122, 6399955.796189999207854 ] ] ] ] } },
{ "type": "Feature", "properties": { "B_ID": 80180.0 }, "geometry": { "type": "MultiPolygon", "coordinates": [ [ [ [ 319202.506089999980759, 6399981.883059998974204 ], [ 319213.876905999961309, 6399984.639827999286354 ], [ 319216.81708, 6399972.096215999685228 ], [ 319215.214126, 6399969.136977999471128 ], [ 319192.717024000012316, 6399963.433675999753177 ], [ 319192.625025999965146, 6399963.632969999685884 ], [ 319188.476908000011463, 6399978.451391999609768 ], [ 319197.527937999984715, 6399980.688883999362588 ], [ 319198.931847999978345, 6399975.617605999112129 ], [ 319200.178095999988727, 6399975.792285999283195 ], [ 319200.906897999986541, 6399975.720825999043882 ], [ 319201.346025999984704, 6399975.392903999425471 ], [ 319202.11108, 6399974.564761999063194 ], [ 319204.25712999998359, 6399975.207901999354362 ], [ 319202.506089999980759, 6399981.883059998974204 ] ] ] ] } },
{ "type": "Feature", "properties": { "B_ID": 81044.0 }, "geometry": { "type": "MultiPolygon", "coordinates": [ [ [ [ 318802.715955999970902, 6399604.08277399931103 ], [ 318809.203012000012677, 6399604.495653999038041 ], [ 318805.041898, 6399569.646993999369442 ], [ 318799.558954, 6399570.266313998959959 ], [ 318798.790137999982107, 6399569.607293999753892 ], [ 318798.564076, 6399569.296839999035001 ], [ 318798.417015999963041, 6399568.780739999376237 ], [ 318793.66903, 6399569.3039859989658 ], [ 318793.513077999989036, 6399570.428289999254048 ], [ 318793.152951999974903, 6399570.97297399956733 ], [ 318787.467886, 6399571.593881999142468 ], [ 318789.375904000014998, 6399587.138813999481499 ], [ 318791.177901999966707, 6399586.922845999710262 ], [ 318791.526057999988552, 6399587.196775998920202 ], [ 318792.094119999965187, 6399587.365897999145091 ], [ 318792.772989999968559, 6399587.342871999368072 ], [ 318793.366018, 6399587.12372799962759 ], [ 318793.793859999976121, 6399586.788659999147058 ], [ 318793.978881999966688, 6399586.343225999735296 ], [ 318793.959045999974478, 6399585.743755999021232 ], [ 318793.905009999987669, 6399585.30626199953258 ], [ 318795.370138, 6399584.266121999360621 ], [ 318797.821935999963898, 6399584.016011998988688 ], [ 318798.320913999981713, 6399583.399867999367416 ], [ 318800.393091999983881, 6399583.171195999719203 ], [ 318801.91088799998397, 6399584.320113999769092 ], [ 318799.287063999974634, 6399587.145959999412298 ], [ 318799.505943999974988, 6399588.958661999553442 ], [ 318800.42695, 6399588.846707999706268 ], [ 318800.814093999972101, 6399592.234705999493599 ], [ 318799.983033999975305, 6399592.503077999688685 ], [ 318799.393083999981172, 6399592.801621999591589 ], [ 318798.962848, 6399593.096195999532938 ], [ 318798.588016, 6399593.82905799895525 ], [ 318798.786033999989741, 6399594.981945998966694 ], [ 318799.333917999989353, 6399595.842641999013722 ], [ 318800.546991999959573, 6399596.242817998863757 ], [ 318801.894129999971483, 6399595.837877999059856 ], [ 318802.715955999970902, 6399604.08277399931103 ] ] ] ] } },
{ "type": "Feature", "properties": { "B_ID": 81365.0 }, "geometry": { "type": "MultiPolygon", "coordinates": [ [ [ [ 319305.964852, 6399924.486387999728322 ], [ 319321.743022, 6399928.422245998866856 ], [ 319327.93117, 6399903.27785399928689 ], [ 319335.613857999967877, 6399905.131843999028206 ], [ 319341.583126000012271, 6399878.362927999347448 ], [ 319321.240966000012122, 6399873.453625999391079 ], [ 319315.489894, 6399900.282091999426484 ], [ 319311.572967999964021, 6399899.344377999193966 ], [ 319305.964852, 6399924.486387999728322 ] ] ] ] } },
{ "type": "Feature", "properties": { "B_ID": 81124.0 }, "geometry": { "type": "MultiPolygon", "coordinates": [ [ [ [ 319099.548016000015195, 6399709.090861999429762 ], [ 319103.675956, 6399691.302085999399424 ], [ 319070.592927999969106, 6399682.968261999078095 ], [ 319068.332991999981459, 6399691.464061999693513 ], [ 319061.275137999968138, 6399689.810953998938203 ], [ 319055.927968, 6399688.507999999448657 ], [ 319052.152972000010777, 6399703.994175999425352 ], [ 319052.203929999959655, 6399704.211731999181211 ], [ 319064.718051999981981, 6399707.320241998881102 ], [ 319064.801841999986209, 6399706.578645999543369 ], [ 319066.09494400001131, 6399700.910279999487102 ], [ 319099.548016000015195, 6399709.090861999429762 ] ] ] ] } },
{ "type": "Feature", "properties": { "B_ID": 81884.0 }, "geometry": { "type": "MultiPolygon", "coordinates": [ [ [ [ 318826.830033999984153, 6399738.49982799962163 ], [ 318827.145015999965835, 6399754.085253999568522 ], [ 318831.703876000014134, 6399753.935981999151409 ], [ 318854.678068, 6399763.483037998899817 ], [ 318880.004878, 6399774.128195999190211 ], [ 318880.750095999974292, 6399771.262649999000132 ], [ 318888.167049999989104, 6399774.217123999260366 ], [ 318882.442996, 6399787.40387599915266 ], [ 318874.554081999987829, 6399783.507717999629676 ], [ 318870.856036000011954, 6399792.548201999627054 ], [ 318885.051088, 6399799.674351999536157 ], [ 318892.077135999978054, 6399783.642697999253869 ], [ 318891.911949999979697, 6399783.567267999053001 ], [ 318897.0210879999795, 6399771.570721999742091 ], [ 318899.707839999988209, 6399765.479947999119759 ], [ 318896.612055999983568, 6399764.076949999667704 ], [ 318884.421123999985866, 6399758.984233999624848 ], [ 318884.081859999976587, 6399759.753619999624789 ], [ 318865.109068, 6399751.947011998854578 ], [ 318864.43396, 6399753.245995999313891 ], [ 318859.895962, 6399751.56033399887383 ], [ 318860.338852000015322, 6399750.42491399962455 ], [ 318841.558947999961674, 6399742.492059999145567 ], [ 318841.07809600001201, 6399743.664797998964787 ], [ 318836.094129999983124, 6399741.633745999075472 ], [ 318837.135862, 6399739.358935999684036 ], [ 318834.379000000015367, 6399738.287829998880625 ], [ 318826.830033999984153, 6399738.49982799962163 ] ] ] ] } },
{ "type": "Feature", "properties": { "B_ID": 82439.0 }, "geometry": { "type": "MultiPolygon", "coordinates": [ [ [ [ 318543.161895999975968, 6399775.424797999672592 ], [ 318543.261076, 6399776.676141999661922 ], [ 318543.729958000010811, 6399777.466171999461949 ], [ 318544.291863999969792, 6399777.93304399959743 ], [ 318545.123949999979232, 6399778.250643999315798 ], [ 318559.444857999973465, 6399797.494027999229729 ], [ 318562.917867999989539, 6399802.216739999130368 ], [ 318576.586924, 6399822.01989399921149 ], [ 318576.541096, 6399822.648741999641061 ], [ 318576.74185, 6399823.473707999102771 ], [ 318577.173111999989487, 6399824.131139999255538 ], [ 318577.960053999966476, 6399824.689321999438107 ], [ 318579.108147999970242, 6399824.88623399939388 ], [ 318579.790096000011545, 6399824.729021999053657 ], [ 318580.663905999972485, 6399824.14066799916327 ], [ 318581.183061999967322, 6399823.276001999154687 ], [ 318581.30413, 6399822.378781999461353 ], [ 318601.838151999982074, 6399806.03984999936074 ], [ 318593.762164000014309, 6399795.230333999730647 ], [ 318589.912954, 6399798.19433599896729 ], [ 318583.776106, 6399802.920223999768496 ], [ 318564.775954000011552, 6399776.276759998872876 ], [ 318569.769153999979608, 6399772.433799999766052 ], [ 318561.582016, 6399761.986347999423742 ], [ 318545.842834000010043, 6399773.35007599927485 ], [ 318545.023059999977704, 6399773.539841999299824 ], [ 318544.195077999960631, 6399773.881261999718845 ], [ 318543.716962, 6399774.298111999407411 ], [ 318543.161895999975968, 6399775.424797999672592 ] ] ] ] } },
{ "type": "Feature", "properties": { "B_ID": 83219.0 }, "geometry": { "type": "MultiPolygon", "coordinates": [ [ [ [ 319037.67200799996499, 6400185.104183998890221 ], [ 319035.667887999967206, 6400194.089881999418139 ], [ 319059.542908, 6400199.413651999086142 ], [ 319061.546001999988221, 6400190.428747999481857 ], [ 319037.67200799996499, 6400185.104183998890221 ] ] ] ] } },
{ "type": "Feature", "properties": { "B_ID": 85234.0 }, "geometry": { "type": "MultiPolygon", "coordinates": [ [ [ [ 319088.666944, 6400340.351827999576926 ], [ 319112.446888, 6400374.215927999466658 ], [ 319123.353951999975834, 6400376.535995999351144 ], [ 319123.529056, 6400377.958843999542296 ], [ 319132.83385, 6400379.052181999199092 ], [ 319129.581087999977171, 6400364.555329998955131 ], [ 319125.306088000012096, 6400365.593087999150157 ], [ 319126.453156, 6400370.660395999439061 ], [ 319122.805041999963578, 6400371.074863999150693 ], [ 319122.115912, 6400367.867103999480605 ], [ 319118.900085999979638, 6400367.266839999705553 ], [ 319118.676075999974273, 6400366.981793999671936 ], [ 319118.061844000010751, 6400366.449019999243319 ], [ 319117.792006, 6400366.307687999680638 ], [ 319117.856985999969766, 6400365.944829999469221 ], [ 319117.859038, 6400365.673281999304891 ], [ 319117.80602799996268, 6400365.454137999564409 ], [ 319117.627161999989767, 6400364.953123999759555 ], [ 319114.063863999966998, 6400359.761951999738812 ], [ 319115.396979999961331, 6400359.009239999577403 ], [ 319106.448892000014894, 6400346.002725998871028 ], [ 319099.116069999989122, 6400335.652141999453306 ], [ 319090.365999999979977, 6400336.615263999439776 ], [ 319088.666944, 6400340.351827999576926 ] ] ] ] } },
{ "type": "Feature", "properties": { "B_ID": 85687.0 }, "geometry": { "type": "MultiPolygon", "coordinates": [ [ [ [ 318624.550029999983963, 6399746.824917999096215 ], [ 318613.593033999961335, 6399755.149213999509811 ], [ 318622.066084, 6399765.769757999107242 ], [ 318639.797074, 6399752.356715999543667 ], [ 318637.767988, 6399749.615033999085426 ], [ 318636.910936, 6399750.335191999562085 ], [ 318632.605839999974705, 6399753.543745999224484 ], [ 318631.72792599996319, 6399752.495665999129415 ], [ 318630.538108, 6399753.527071999385953 ], [ 318629.766897999972571, 6399754.124159999191761 ], [ 318629.144115999981295, 6399753.285695998929441 ], [ 318624.550029999983963, 6399746.824917999096215 ] ] ] ] } },
{ "type": "Feature", "properties": { "B_ID": 85482.0 }, "geometry": { "type": "MultiPolygon", "coordinates": [ [ [ [ 318712.23096399998758, 6399804.700371999293566 ], [ 318697.424073999980465, 6399805.4332339996472 ], [ 318674.683125999988988, 6399828.036031999625266 ], [ 318705.859845999977551, 6399859.410941999405622 ], [ 318725.117865999985952, 6399840.232665998861194 ], [ 318725.597008000011556, 6399839.788819999434054 ], [ 318710.889982, 6399824.976749999448657 ], [ 318718.445103999983985, 6399817.705297999083996 ], [ 318718.358919999969658, 6399810.899129998870194 ], [ 318717.981009999988601, 6399810.969001999124885 ], [ 318717.956044, 6399810.494983999058604 ], [ 318712.23096399998758, 6399804.700371999293566 ] ] ] ] } },
{ "type": "Feature", "properties": { "B_ID": 86481.0 }, "geometry": { "type": "MultiPolygon", "coordinates": [ [ [ [ 319141.553139999974519, 6400437.596183999441564 ], [ 319164.401133999985177, 6400439.783653999678791 ], [ 319167.436042000015732, 6400437.593801999464631 ], [ 319176.509985999960918, 6400395.88498199917376 ], [ 319154.760837999987416, 6400390.85816799942404 ], [ 319139.5969, 6400434.312993999570608 ], [ 319141.553139999974519, 6400437.596183999441564 ] ], [ [ 319155.330951999989338, 6400412.80432799924165 ], [ 319154.520069999969564, 6400412.4319419991225 ], [ 319157.265987999970093, 6400404.585633999668062 ], [ 319166.687061999982689, 6400406.630183999426663 ], [ 319166.138151999970432, 6400409.048707999289036 ], [ 319162.512951999960933, 6400408.226123998872936 ], [ 319161.130929999984801, 6400414.104105999693274 ], [ 319159.918881999969017, 6400413.749981999397278 ], [ 319158.956835999968462, 6400417.938331998884678 ], [ 319160.16307, 6400418.213055999018252 ], [ 319158.319006, 6400426.511149999685585 ], [ 319150.780984000011813, 6400425.751291999593377 ], [ 319155.330951999989338, 6400412.80432799924165 ] ] ] ] } },
{ "type": "Feature", "properties": { "B_ID": 87476.0 }, "geometry": { "type": "MultiPolygon", "coordinates": [ [ [ [ 319286.710935999988578, 6399979.336701999418437 ], [ 319301.543133999977726, 6399982.877147999592125 ], [ 319307.507955999986734, 6399957.670029999688268 ], [ 319292.894979999982752, 6399954.171665999107063 ], [ 319286.710935999988578, 6399979.336701999418437 ] ], [ [ 319295.273931999981869, 6399959.138929999433458 ], [ 319301.270901999960188, 6399960.631649998947978 ], [ 319299.565005999989808, 6399967.482281999662519 ], [ 319293.56701, 6399965.987973999232054 ], [ 319295.273931999981869, 6399959.138929999433458 ] ] ] ] } },
{ "type": "Feature", "properties": { "B_ID": 87403.0 }, "geometry": { "type": "MultiPolygon", "coordinates": [ [ [ [ 319482.354087999963667, 6400133.036839999258518 ], [ 319483.923867999983486, 6400133.541823999024928 ], [ 319483.506969999987632, 6400135.903179999440908 ], [ 319482.840069999976549, 6400138.703617999330163 ], [ 319497.495111999975052, 6400142.185307999141514 ], [ 319497.279993999982253, 6400142.831623999401927 ], [ 319543.904853999963962, 6400153.765797999687493 ], [ 319549.873096, 6400128.172795998863876 ], [ 319532.963931999984197, 6400124.339363999664783 ], [ 319533.094917999987956, 6400123.531071999110281 ], [ 319505.92507, 6400117.18304199911654 ], [ 319505.718159999989439, 6400117.900817999616265 ], [ 319488.786082, 6400113.63306799903512 ], [ 319488.118840000010096, 6400116.443033999763429 ], [ 319487.564115999964997, 6400118.682113999500871 ], [ 319485.827097999979742, 6400118.220799999311566 ], [ 319482.354087999963667, 6400133.036839999258518 ] ], [ [ 319499.536167999962345, 6400126.455373999662697 ], [ 319503.770128, 6400127.424847999587655 ], [ 319502.52388, 6400131.755323999561369 ], [ 319529.608911999966949, 6400137.986635999754071 ], [ 319529.818900000012945, 6400137.179931999184191 ], [ 319531.999149999988731, 6400137.661095999181271 ], [ 319530.14892999996664, 6400144.130607998929918 ], [ 319497.212962, 6400136.085799999535084 ], [ 319499.536167999962345, 6400126.455373999662697 ] ] ] ] } },
{ "type": "Feature", "properties": { "B_ID": 89017.0 }, "geometry": { "type": "MultiPolygon", "coordinates": [ [ [ [ 318711.202912, 6399648.040995999239385 ], [ 318723.12811, 6399650.54606599919498 ], [ 318722.631867999967653, 6399652.761325999163091 ], [ 318726.55597599997418, 6399653.557707998901606 ], [ 318730.571056000015233, 6399636.554991999641061 ], [ 318714.866073999961372, 6399632.859715999104083 ], [ 318711.202912, 6399648.040995999239385 ] ] ] ] } },
{ "type": "Feature", "properties": { "B_ID": 88924.0 }, "geometry": { "type": "MultiPolygon", "coordinates": [ [ [ [ 319046.927895999979228, 6399929.136845999397337 ], [ 319045.921047999989241, 6399928.890705998986959 ], [ 319044.77398, 6399927.098647999577224 ], [ 319045.010986, 6399926.129967999644578 ], [ 319021.284051999973599, 6399920.320269999094307 ], [ 319021.148961999977473, 6399920.868923999369144 ], [ 318981.572037999983877, 6399911.181329999119043 ], [ 318981.375046, 6399911.989621999673545 ], [ 318979.3699, 6399913.24414199963212 ], [ 318978.56414799997583, 6399913.047229999676347 ], [ 318972.091114, 6399939.57318199891597 ], [ 318984.619941999961156, 6399942.722979999147356 ], [ 319000.302009999984875, 6399946.73426799941808 ], [ 319002.057153999980073, 6399939.989237999543548 ], [ 319003.322896, 6399940.291751999408007 ], [ 319004.93611, 6399933.843677999451756 ], [ 319029.339861999964342, 6399939.947155999019742 ], [ 319027.670901999983471, 6399946.622313999570906 ], [ 319041.098163999966346, 6399950.400959999300539 ], [ 319041.688113999960478, 6399950.544673999771476 ], [ 319046.927895999979228, 6399929.136845999397337 ] ] ] ] } },
{ "type": "Feature", "properties": { "B_ID": 88780.0 }, "geometry": { "type": "MultiPolygon", "coordinates": [ [ [ [ 319142.883861999958754, 6400109.301003999076784 ], [ 319143.543921999982558, 6400109.466155999340117 ], [ 319142.630098, 6400113.431391999125481 ], [ 319178.26615599996876, 6400122.331337999552488 ], [ 319184.12701, 6400120.995035999454558 ], [ 319185.918063999968581, 6400119.580921999178827 ], [ 319186.243989999988116, 6400119.957277999259531 ], [ 319191.077133999962825, 6400120.98074399959296 ], [ 319195.21294, 6400118.427239999175072 ], [ 319196.076147999963723, 6400113.682295999489725 ], [ 319193.845966, 6400109.613045998848975 ], [ 319189.170141999959014, 6400108.432367999106646 ], [ 319188.64483, 6400108.440307999029756 ], [ 319187.792908, 6400105.762939998880029 ], [ 319183.202926, 6400102.498011999763548 ], [ 319147.178014, 6400093.849763999693096 ], [ 319146.157144, 6400098.2516999989748 ], [ 319145.492979999980889, 6400098.097663999535143 ], [ 319142.883861999958754, 6400109.301003999076784 ] ] ] ] } },
{ "type": "Feature", "properties": { "B_ID": 80440.0 }, "geometry": { "type": "MultiPolygon", "coordinates": [ [ [ [ 319260.95389, 6400322.718675998970866 ], [ 319264.492906, 6400308.760155999101698 ], [ 319272.18311799998628, 6400310.929363999515772 ], [ 319285.298133999982383, 6400314.159355998970568 ], [ 319289.338864, 6400314.985115999355912 ], [ 319290.147010000015143, 6400315.116919999010861 ], [ 319290.466095999989193, 6400315.104215999133885 ], [ 319292.04511, 6400307.507223999127746 ], [ 319292.587864, 6400306.921251999214292 ], [ 319292.964064, 6400306.189977998845279 ], [ 319292.930889999959618, 6400305.30466799903661 ], [ 319292.583075999980792, 6400304.517813999205828 ], [ 319292.162074, 6400303.969953998923302 ], [ 319291.665831999969669, 6400303.587245998904109 ], [ 319291.257141999958549, 6400303.357779999263585 ], [ 319290.692841999989469, 6400303.299023998901248 ], [ 319290.05296, 6400303.318873999640346 ], [ 319289.41307800001232, 6400303.42368199955672 ], [ 319279.050135999976192, 6400300.894791998900473 ], [ 319279.3381, 6400299.923729998990893 ], [ 319275.45298, 6400298.93361199926585 ], [ 319275.249832, 6400299.987249999307096 ], [ 319274.851060000015423, 6400299.99836599919945 ], [ 319274.81344, 6400300.149225999601185 ], [ 319251.695949999964796, 6400294.387961999513209 ], [ 319245.558076000015717, 6400318.522385999560356 ], [ 319260.95389, 6400322.718675998970866 ] ] ] ] } },
{ "type": "Feature", "properties": { "B_ID": 91087.0 }, "geometry": { "type": "MultiPolygon", "coordinates": [ [ [ [ 319343.296887999982573, 6399967.172621998935938 ], [ 319340.027025999967009, 6399980.990603999234736 ], [ 319350.755908, 6399983.629859999753535 ], [ 319350.700161999964621, 6399983.873617999255657 ], [ 319366.709866, 6399987.703873999416828 ], [ 319371.404841999989003, 6399968.200851999223232 ], [ 319344.608115999959409, 6399961.643205999396741 ], [ 319349.336949999968056, 6399941.457343999296427 ], [ 319335.313923999958206, 6399938.140805999748409 ], [ 319329.846028, 6399963.45987799949944 ], [ 319343.296887999982573, 6399967.172621998935938 ] ], [ [ 319336.006132, 6399949.952349998988211 ], [ 319343.580063999979757, 6399951.608633999712765 ], [ 319343.350923999969382, 6399952.64718599896878 ], [ 319342.889908000011928, 6399952.544759999029338 ], [ 319341.915891999960877, 6399953.152963999658823 ], [ 319341.057129999971949, 6399954.391603999771178 ], [ 319340.904939999978524, 6399955.264209999702871 ], [ 319340.953845999960322, 6399956.043917999602854 ], [ 319341.195981999975629, 6399956.688645998947322 ], [ 319341.475053999980446, 6399957.223801999352872 ], [ 319342.194963999965694, 6399957.963809999637306 ], [ 319342.03183, 6399958.710169998928905 ], [ 319334.452083999989554, 6399957.049121999181807 ], [ 319336.006132, 6399949.952349998988211 ] ], [ [ 319346.704917999973986, 6399968.26834199950099 ], [ 319358.206035999988671, 6399970.994143999181688 ], [ 319356.437895999988541, 6399978.452185999602079 ], [ 319344.557841999980155, 6399975.636661998927593 ], [ 319346.704917999973986, 6399968.26834199950099 ] ] ] ] } },
{ "type": "Feature", "properties": { "B_ID": 91564.0 }, "geometry": { "type": "MultiPolygon", "coordinates": [ [ [ [ 319313.711835999973118, 6400357.583215999417007 ], [ 319391.849944000015967, 6400376.085003999061882 ], [ 319413.967084, 6400281.460847998969257 ], [ 319350.475126, 6400266.435985999181867 ], [ 319351.462138, 6400262.551737999543548 ], [ 319336.583086, 6400259.142301999032497 ], [ 319325.478003999975044, 6400306.297167999669909 ], [ 319330.887075999984518, 6400307.227735999040306 ], [ 319329.280018, 6400314.021199999377131 ], [ 319324.026897999981884, 6400312.920715998858213 ], [ 319313.711835999973118, 6400357.583215999417007 ] ], [ [ 319378.504077999969013, 6400323.596045998856425 ], [ 319372.165107999986503, 6400350.5706079993397 ], [ 319338.018118, 6400342.54485599976033 ], [ 319344.356061999977101, 6400315.571087999269366 ], [ 319378.504077999969013, 6400323.596045998856425 ] ] ] ] } },
{ "type": "Feature", "properties": { "B_ID": 92271.0 }, "geometry": { "type": "MultiPolygon", "coordinates": [ [ [ [ 318823.736985999974422, 6399704.433257998898625 ], [ 318816.962991999986116, 6399702.754741999320686 ], [ 318814.918857999960892, 6399705.023993999697268 ], [ 318813.246135999972466, 6399704.145035998895764 ], [ 318812.92807600001106, 6399702.850021999329329 ], [ 318814.664067999983672, 6399700.911867999471724 ], [ 318815.297109999984968, 6399697.223737998865545 ], [ 318815.83405, 6399697.026825998909771 ], [ 318816.501975999970455, 6399696.63697199895978 ], [ 318816.815932, 6399696.239177999086678 ], [ 318817.00198, 6399695.656381999142468 ], [ 318816.943839999963529, 6399694.79568599909544 ], [ 318816.704097999958321, 6399694.197803999297321 ], [ 318816.243082, 6399693.73172599915415 ], [ 318815.927074, 6399693.502259999513626 ], [ 318816.439047999971081, 6399691.775309999473393 ], [ 318816.944865999976173, 6399691.359253998845816 ], [ 318817.819017999980133, 6399692.369221999309957 ], [ 318818.238994000013918, 6399692.686027999036014 ], [ 318818.83612599998014, 6399692.894849998876452 ], [ 318819.993112, 6399692.817037999629974 ], [ 318820.626837999967393, 6399692.636005999520421 ], [ 318821.166855999967083, 6399692.057973999530077 ], [ 318821.871034000010695, 6399688.581841999664903 ], [ 318817.378863999969326, 6399687.585371999070048 ], [ 318811.237911999982316, 6399686.153789998963475 ], [ 318804.762141999963205, 6399714.485297999344766 ], [ 318808.866142000013497, 6399715.422217999584973 ], [ 318808.686934, 6399716.028039999306202 ], [ 318812.513914000010118, 6399716.853005999699235 ], [ 318812.694832, 6399716.335317999124527 ], [ 318820.592980000015814, 6399718.112289999611676 ], [ 318823.44696999998996, 6399706.234049999155104 ], [ 318823.318036000011489, 6399706.223727999255061 ], [ 318823.736985999974422, 6399704.433257998898625 ] ] ] ] } },
{ "type": "Feature", "properties": { "B_ID": 92186.0 }, "geometry": { "type": "MultiPolygon", "coordinates": [ [ [ [ 318802.846941999974661, 6400020.337273999117315 ], [ 318799.61504199996125, 6400021.414731998927891 ], [ 318798.864009999961127, 6400018.931893999688327 ], [ 318789.139923999959137, 6400022.227787999436259 ], [ 318788.14402, 6400022.327037999406457 ], [ 318787.326981999969576, 6400022.230963999405503 ], [ 318786.26814999995986, 6400022.003879999741912 ], [ 318784.380994, 6400020.534979999065399 ], [ 318782.523934, 6400018.827879999764264 ], [ 318772.369954, 6400029.09668199904263 ], [ 318771.085060000012163, 6400030.431395999155939 ], [ 318772.456138, 6400031.696237999014556 ], [ 318773.906901999958791, 6400033.123055999167264 ], [ 318777.076899999985471, 6400035.88538199942559 ], [ 318779.297163999988697, 6400036.912023999728262 ], [ 318784.027024, 6400038.508757999166846 ], [ 318786.347835999971721, 6400038.847795999608934 ], [ 318790.423107999959029, 6400038.691377999261022 ], [ 318793.135851999977604, 6400038.187981999479234 ], [ 318821.708926, 6400028.701269999146461 ], [ 318809.150001999980304, 6399989.323633999563754 ], [ 318808.924965999962296, 6399989.526103999465704 ], [ 318796.516864, 6400001.255071999505162 ], [ 318802.846941999974661, 6400020.337273999117315 ] ] ] ] } },
{ "type": "Feature", "properties": { "B_ID": 92749.0 }, "geometry": { "type": "MultiPolygon", "coordinates": [ [ [ [ 318947.826897999970242, 6399786.929063999094069 ], [ 318946.785166000016034, 6399787.020373999141157 ], [ 318943.543006, 6399837.314715999178588 ], [ 318986.06694399996195, 6399847.997191999107599 ], [ 318989.017035999975633, 6399846.259125999175012 ], [ 319000.971987999975681, 6399798.516699999570847 ], [ 318999.332097999984398, 6399795.371665999293327 ], [ 318948.505084, 6399783.84596199914813 ], [ 318947.826897999970242, 6399786.929063999094069 ] ], [ [ 318981.368889999983367, 6399804.119163999333978 ], [ 318987.513945999962743, 6399805.336365999653935 ], [ 318986.10388, 6399811.255635999143124 ], [ 318980.050138, 6399809.859783999621868 ], [ 318981.368889999983367, 6399804.119163999333978 ] ] ] ] } },
{ "type": "Feature", "properties": { "B_ID": 94661.0 }, "geometry": { "type": "MultiPolygon", "coordinates": [ [ [ [ 319120.768089999968652, 6399938.664051999337971 ], [ 319126.298913999984507, 6399913.765799999237061 ], [ 319111.600096, 6399910.323015999048948 ], [ 319112.800858, 6399905.73131399974227 ], [ 319106.382885999977589, 6399904.010715999640524 ], [ 319097.655045999970753, 6399901.71605599950999 ], [ 319086.361863999976777, 6399898.741731999441981 ], [ 319079.122066000010818, 6399929.366311999037862 ], [ 319120.768089999968652, 6399938.664051999337971 ] ], [ [ 319097.70703, 6399908.084729999303818 ], [ 319104.670833999989554, 6399909.776743999682367 ], [ 319100.509036, 6399926.919997999444604 ], [ 319093.543864, 6399925.228777999058366 ], [ 319097.70703, 6399908.084729999303818 ] ], [ [ 319117.108006, 6399915.326009999029338 ], [ 319120.096060000010766, 6399916.113657998852432 ], [ 319117.400074, 6399926.344347999431193 ], [ 319114.410993999976199, 6399925.554317999631166 ], [ 319117.108006, 6399915.326009999029338 ] ] ] ] } },
{ "type": "Feature", "properties": { "B_ID": 94567.0 }, "geometry": { "type": "MultiPolygon", "coordinates": [ [ [ [ 319458.668878, 6399961.439147999510169 ], [ 319473.73500399995828, 6399965.065345998853445 ], [ 319479.905026, 6399939.80502999946475 ], [ 319464.542044, 6399935.946983999572694 ], [ 319458.668878, 6399961.439147999510169 ] ] ] ] } },
{ "type": "Feature", "properties": { "B_ID": 95415.0 }, "geometry": { "type": "MultiPolygon", "coordinates": [ [ [ [ 318664.218951999966521, 6399742.943051999434829 ], [ 318664.070865999965463, 6399744.785925999283791 ], [ 318664.632088000013027, 6399749.646793999709189 ], [ 318665.371834, 6399759.860809999518096 ], [ 318660.074938, 6399764.115855999290943 ], [ 318659.411115999973845, 6399763.417929999530315 ], [ 318658.926159999973606, 6399763.233721999451518 ], [ 318657.687094, 6399763.27500999905169 ], [ 318657.215134, 6399763.5306779993698 ], [ 318656.564992, 6399764.431867999024689 ], [ 318656.514034, 6399764.989255999214947 ], [ 318661.612911999982316, 6399771.785895999521017 ], [ 318672.143091999983881, 6399763.795079999603331 ], [ 318678.16502799995942, 6399763.395697999745607 ], [ 318675.943053999973927, 6399731.654753998853266 ], [ 318665.908089999982622, 6399732.594849999062717 ], [ 318652.751008, 6399742.546051999554038 ], [ 318644.648002, 6399748.5828339997679 ], [ 318648.447964, 6399753.80417799949646 ], [ 318656.352951999986544, 6399747.868233999237418 ], [ 318661.600942, 6399743.96889999974519 ], [ 318662.036992, 6399742.064887999556959 ], [ 318663.29008, 6399743.429773999378085 ], [ 318664.218951999966521, 6399742.943051999434829 ] ] ] ] } },
{ "type": "Feature", "properties": { "B_ID": 95803.0 }, "geometry": { "type": "MultiPolygon", "coordinates": [ [ [ [ 319634.703118, 6400030.887151999399066 ], [ 319641.502078, 6400031.509647998958826 ], [ 319656.72005199996056, 6400011.738253999501467 ], [ 319644.884115999971982, 6400002.596137999556959 ], [ 319640.164858, 6400001.355909999459982 ], [ 319624.527934000012465, 6400008.443947999738157 ], [ 319628.991034, 6400018.514249999076128 ], [ 319632.177105999959167, 6400026.286715999245644 ], [ 319634.703118, 6400030.887151999399066 ] ], [ [ 319634.798878, 6400016.715839999727905 ], [ 319638.060873999958858, 6400015.307283999398351 ], [ 319639.10397399996873, 6400016.222765998914838 ], [ 319640.772934, 6400015.948041999712586 ], [ 319641.506866000010632, 6400015.316017999313772 ], [ 319645.00792, 6400017.875873999670148 ], [ 319640.034898000012618, 6400024.577233999036252 ], [ 319638.314979999966454, 6400024.431137999519706 ], [ 319634.798878, 6400016.715839999727905 ] ] ] ] } },
{ "type": "Feature", "properties": { "B_ID": 95848.0 }, "geometry": { "type": "MultiPolygon", "coordinates": [ [ [ [ 319375.483875999983866, 6399877.063149998895824 ], [ 319391.205957999976818, 6399880.76477799937129 ], [ 319397.895136, 6399853.421005999669433 ], [ 319397.60511999996379, 6399853.247119999490678 ], [ 319370.128839999961201, 6399846.525115999393165 ], [ 319367.76903999998467, 6399848.24571399949491 ], [ 319365.790912, 6399856.21588599961251 ], [ 319379.436027999967337, 6399859.426027999259531 ], [ 319375.483875999983866, 6399877.063149998895824 ] ] ] ] } },
{ "type": "Feature", "properties": { "B_ID": 98549.0 }, "geometry": { "type": "MultiPolygon", "coordinates": [ [ [ [ 318961.501083999988623, 6399865.420727998949587 ], [ 318978.010107999958564, 6399868.615783999674022 ], [ 318978.256005999981426, 6399868.550675999373198 ], [ 318982.962951999972574, 6399869.725001999177039 ], [ 318986.388081999961287, 6399855.987213999032974 ], [ 318984.704074, 6399853.135959999635816 ], [ 318965.534974, 6399848.537905999459326 ], [ 318965.438871999969706, 6399848.933317999355495 ], [ 318961.501083999988623, 6399865.420727998949587 ] ] ] ] } },
{ "type": "Feature", "properties": { "B_ID": 98226.0 }, "geometry": { "type": "MultiPolygon", "coordinates": [ [ [ [ 319175.658063999959268, 6399899.290385999716818 ], [ 319169.611161999986507, 6399923.6622159993276 ], [ 319170.134079999988899, 6399923.791637999005616 ], [ 319170.289005999977235, 6399923.952819999307394 ], [ 319178.038041999971028, 6399925.922733998857439 ], [ 319179.336957999970764, 6399920.553705999627709 ], [ 319181.357835999981035, 6399912.250053999014199 ], [ 319183.895134, 6399901.331759999506176 ], [ 319175.658063999959268, 6399899.290385999716818 ] ] ] ] } },
{ "type": "Feature", "properties": { "B_ID": 98631.0 }, "geometry": { "type": "MultiPolygon", "coordinates": [ [ [ [ 318710.148867999960203, 6399676.389971999451518 ], [ 318708.677925999974832, 6399682.717357999645174 ], [ 318713.470029999967664, 6399683.797197999432683 ], [ 318715.48783, 6399684.251365999691188 ], [ 318719.836017999972682, 6399664.630831999704242 ], [ 318717.176968000014313, 6399664.039301998913288 ], [ 318717.504946, 6399663.107939999550581 ], [ 318704.510997999983374, 6399660.178873999044299 ], [ 318703.842046, 6399659.214957999065518 ], [ 318704.040064, 6399658.810017999261618 ], [ 318704.176863999979105, 6399657.951703999191523 ], [ 318703.988079999980982, 6399657.07909799925983 ], [ 318703.535955999977887, 6399656.733707998879254 ], [ 318702.766114, 6399656.398639999330044 ], [ 318703.57391799998004, 6399653.054311999119818 ], [ 318688.47906400001375, 6399649.007293999195099 ], [ 318686.591908, 6399657.097359999082983 ], [ 318696.730156, 6399673.317985999397933 ], [ 318710.148867999960203, 6399676.389971999451518 ] ] ] ] } },
{ "type": "Feature", "properties": { "B_ID": 98452.0 }, "geometry": { "type": "MultiPolygon", "coordinates": [ [ [ [ 319059.685864, 6400376.104853998869658 ], [ 319050.309933999960776, 6400382.486231999471784 ], [ 319060.921852, 6400397.691331999376416 ], [ 319077.70687, 6400382.642649998888373 ], [ 319073.240008, 6400376.192987998947501 ], [ 319070.302911999984644, 6400378.466209999285638 ], [ 319070.053935999982059, 6400378.212923998944461 ], [ 319069.551879999984521, 6400377.891353999264538 ], [ 319069.015965999977197, 6400377.734141998924315 ], [ 319068.295029999979306, 6400377.750815999694169 ], [ 319067.68114, 6400378.039831999689341 ], [ 319067.037837999989279, 6400378.709173999726772 ], [ 319063.491982, 6400380.822007999755442 ], [ 319062.883906, 6400380.865677999332547 ], [ 319059.685864, 6400376.104853998869658 ] ] ] ] } },
{ "type": "Feature", "properties": { "B_ID": 99037.0 }, "geometry": { "type": "MultiPolygon", "coordinates": [ [ [ [ 319690.633113999967463, 6400105.996375999413431 ], [ 319686.883083999971859, 6400120.933103999122977 ], [ 319687.79690799996024, 6400122.444879999384284 ], [ 319709.515959999989718, 6400127.909981999546289 ], [ 319714.05088, 6400109.818691999651492 ], [ 319689.325989999982994, 6400103.723153999075294 ], [ 319690.633113999967463, 6400105.996375999413431 ] ], [ [ 319703.470083999971393, 6400112.73108399938792 ], [ 319703.222133999981452, 6400113.409953999333084 ], [ 319702.109950000012759, 6400113.946697999723256 ], [ 319701.254949999973178, 6400117.468087999150157 ], [ 319700.624986, 6400117.313257999718189 ], [ 319699.339066000015009, 6400118.149339999072254 ], [ 319698.888993999978993, 6400119.76195399928838 ], [ 319699.726893999963067, 6400120.937073999084532 ], [ 319699.557946000015363, 6400121.326927999034524 ], [ 319690.495972, 6400119.341133999638259 ], [ 319693.386897999967914, 6400110.283181998878717 ], [ 319703.470083999971393, 6400112.73108399938792 ] ] ] ] } },
{ "type": "Feature", "properties": { "B_ID": 99407.0 }, "geometry": { "type": "MultiPolygon", "coordinates": [ [ [ [ 319217.438151999958791, 6399838.858251999132335 ], [ 319237.033041999966372, 6399843.568259999155998 ], [ 319243.575843999977224, 6399816.672303999774158 ], [ 319230.152001999958884, 6399813.478835999034345 ], [ 319224.024045999976806, 6399812.020257999189198 ], [ 319217.438151999958791, 6399838.858251999132335 ] ], [ [ 319223.471031999972183, 6399825.912081999704242 ], [ 319225.690954, 6399825.414243998937309 ], [ 319226.960115999972913, 6399820.003133999183774 ], [ 319225.0750119999866, 6399819.561669999733567 ], [ 319225.405042, 6399818.157083999365568 ], [ 319232.66193999996176, 6399819.858625999651849 ], [ 319233.080889999982901, 6399818.068155999295413 ], [ 319237.627096000011079, 6399819.132909999229014 ], [ 319236.388029999972787, 6399824.211333999410272 ], [ 319235.587065999978222, 6399827.02288799919188 ], [ 319232.731023999978788, 6399826.352751999162138 ], [ 319231.986831999965943, 6399829.520811999216676 ], [ 319223.111931999970693, 6399827.439737998880446 ], [ 319223.471031999972183, 6399825.912081999704242 ] ] ] ] } },
{ "type": "Feature", "properties": { "B_ID": 101185.0 }, "geometry": { "type": "MultiPolygon", "coordinates": [ [ [ [ 319533.665031999989878, 6400180.94679999910295 ], [ 319517.314011999987997, 6400176.857699999585748 ], [ 319505.481153999979142, 6400229.82623399887234 ], [ 319504.937031999987084, 6400232.720363999716938 ], [ 319520.894067999965046, 6400236.898391999304295 ], [ 319533.665031999989878, 6400180.94679999910295 ] ], [ [ 319515.610852000012528, 6400209.464897999539971 ], [ 319516.082127999980003, 6400209.45616399962455 ], [ 319517.055117999960203, 6400205.169357999227941 ], [ 319516.649847999971826, 6400205.025643999688327 ], [ 319520.124910000013188, 6400190.169903999194503 ], [ 319526.580160000012256, 6400191.935759998857975 ], [ 319523.380065999983344, 6400207.043197999708354 ], [ 319522.75488999998197, 6400206.885985999368131 ], [ 319522.108851999975741, 6400207.252019999548793 ], [ 319521.269925999979023, 6400210.957617999054492 ], [ 319521.599956, 6400211.040193999186158 ], [ 319519.230921999958809, 6400221.464619999751449 ], [ 319518.672093999979552, 6400221.564663999713957 ], [ 319517.805124, 6400221.997393999248743 ], [ 319517.263053999980912, 6400222.57780799921602 ], [ 319516.962093999958597, 6400223.148693999275565 ], [ 319512.983949999965262, 6400221.844151998870075 ], [ 319515.610852000012528, 6400209.464897999539971 ] ] ] ] } },
{ "type": "Feature", "properties": { "B_ID": 101855.0 }, "geometry": { "type": "MultiPolygon", "coordinates": [ [ [ [ 318817.766008, 6399657.336353999562562 ], [ 318811.237911999982316, 6399686.153789998963475 ], [ 318817.378863999969326, 6399687.585371999070048 ], [ 318820.218831999984104, 6399675.534039999358356 ], [ 318819.179835999966599, 6399674.963947999291122 ], [ 318819.457881999958772, 6399673.090901999734342 ], [ 318818.813895999977831, 6399671.780007999390364 ], [ 318818.316969999985304, 6399671.276611999608576 ], [ 318819.91787199996179, 6399670.103873998858035 ], [ 318823.50613599998178, 6399670.944719999097288 ], [ 318823.663114, 6399671.386183999478817 ], [ 318823.851898, 6399671.917369998991489 ], [ 318824.284869999974035, 6399672.553363999351859 ], [ 318824.89294599997811, 6399672.9106639996171 ], [ 318825.833103999961168, 6399673.102811999619007 ], [ 318826.501029999984894, 6399673.041673999279737 ], [ 318826.965123999980278, 6399672.8257059995085 ], [ 318827.50787799997488, 6399672.320721999742091 ], [ 318827.923065999988467, 6399672.012649999000132 ], [ 318830.766111999982968, 6399672.589887998998165 ], [ 318833.337951999972574, 6399660.852979999035597 ], [ 318817.766008, 6399657.336353999562562 ] ] ] ] } },
{ "type": "Feature", "properties": { "B_ID": 102583.0 }, "geometry": { "type": "MultiPolygon", "coordinates": [ [ [ [ 319165.682949999987613, 6400288.255899999290705 ], [ 319165.397038, 6400289.395289999432862 ], [ 319174.516125999973156, 6400291.516857999376953 ], [ 319174.783912000013515, 6400290.359999999403954 ], [ 319185.543916, 6400292.916679998859763 ], [ 319184.397873999958392, 6400298.072121999226511 ], [ 319183.287057999987155, 6400297.802955999039114 ], [ 319181.189913999987766, 6400306.902989999391139 ], [ 319182.336981999978889, 6400307.16739199962467 ], [ 319180.61296, 6400314.819963999092579 ], [ 319177.951858000014909, 6400314.20620199944824 ], [ 319177.894059999962337, 6400314.481719999574125 ], [ 319177.836946, 6400314.434079999104142 ], [ 319177.727848, 6400314.348327999003232 ], [ 319177.614988000015728, 6400314.267339998856187 ], [ 319177.495972, 6400314.191909999586642 ], [ 319177.374903999967501, 6400314.122037999331951 ], [ 319177.249047999968752, 6400314.060105999000371 ], [ 319177.122849999985192, 6400314.002937999553978 ], [ 319176.99083799996879, 6400313.952915999107063 ], [ 319176.857115999970119, 6400313.910039999522269 ], [ 319176.724078, 6400313.875103998929262 ], [ 319176.689878, 6400313.866369999013841 ], [ 319176.586935999977868, 6400313.844137999229133 ], [ 319176.448083999974187, 6400313.821111999452114 ], [ 319176.308889999985695, 6400313.806025999598205 ], [ 319176.170037999982014, 6400313.797291999682784 ], [ 319176.029134000011254, 6400313.797291999682784 ], [ 319175.889939999964554, 6400313.80205599963665 ], [ 319175.751087999960873, 6400313.816347999498248 ], [ 319175.611893999972381, 6400313.834609999321401 ], [ 319175.475094, 6400313.860811999067664 ], [ 319175.340004, 6400313.89495399966836 ], [ 319175.258949999988545, 6400313.813965999521315 ], [ 319175.171056, 6400313.731389999389648 ], [ 319175.078032, 6400313.654371999204159 ], [ 319174.98193, 6400313.581323998980224 ], [ 319174.88104, 6400313.513039999641478 ], [ 319174.779124, 6400313.450313999317586 ], [ 319174.671051999961492, 6400313.392351998947561 ], [ 319174.562979999987874, 6400313.340741999447346 ], [ 319174.451146, 6400313.294689998961985 ], [ 319174.337943999969866, 6400313.254195999354124 ], [ 319174.220979999983683, 6400313.21925999969244 ], [ 319174.104016, 6400313.18988199904561 ], [ 319174.04211400001077, 6400313.177971999160945 ], [ 319173.98499999998603, 6400313.166855999268591 ], [ 319173.86598399997456, 6400313.150975999422371 ], [ 319173.744916, 6400313.139859999530017 ], [ 319173.624873999971896, 6400313.13430199958384 ], [ 319173.504147999978159, 6400313.135889999568462 ], [ 319173.38308, 6400313.143829999491572 ], [ 319173.262011999962851, 6400313.157327999360859 ], [ 319173.142996, 6400313.177971999160945 ], [ 319173.025006000010762, 6400313.203379998914897 ], [ 319172.908041999966372, 6400313.234345999546349 ], [ 319172.794155999959912, 6400313.271663999184966 ], [ 319172.680953999981284, 6400313.316127999685705 ], [ 319172.570829999982379, 6400313.363767999224365 ], [ 319172.650857999979053, 6400312.984235999174416 ], [ 319169.83996000001207, 6400312.346653999760747 ], [ 319170.11014, 6400311.139773999340832 ], [ 319161.031066, 6400309.069021998904645 ], [ 319160.763963999983389, 6400310.24414199963212 ], [ 319151.369908, 6400308.066993999294937 ], [ 319153.549132000014652, 6400321.653127999044955 ], [ 319154.608989999978803, 6400321.820661999285221 ], [ 319154.255019999982323, 6400323.388017999008298 ], [ 319159.973943999968469, 6400324.702881999313831 ], [ 319159.889128, 6400325.068915999494493 ], [ 319163.582043999980669, 6400325.928023999556899 ], [ 319163.673016000015195, 6400325.553255999460816 ], [ 319181.181021999975201, 6400329.582805999554694 ], [ 319181.162895999965258, 6400329.65108999889344 ], [ 319181.21795799996471, 6400329.708257999271154 ], [ 319181.301064, 6400329.787657999433577 ], [ 319181.388958, 6400329.863881999626756 ], [ 319181.480955999984872, 6400329.936135998927057 ], [ 319181.576032000011764, 6400330.002831999212503 ], [ 319181.674869999988005, 6400330.066351999528706 ], [ 319181.777127999986988, 6400330.121931998990476 ], [ 319181.881095999968238, 6400330.175129999406636 ], [ 319181.987115999974776, 6400330.221181998960674 ], [ 319182.096897999988869, 6400330.261675999499857 ], [ 319182.208048, 6400330.298199999146163 ], [ 319182.283972, 6400330.318843998946249 ], [ 319182.320908, 6400330.328371998853981 ], [ 319182.434109999972861, 6400330.352191999554634 ], [ 319182.549022, 6400330.371247999370098 ], [ 319182.664959999965504, 6400330.383157999254763 ], [ 319182.781924, 6400330.390303999185562 ], [ 319182.899914, 6400330.391097999177873 ], [ 319183.015168000012636, 6400330.386333999224007 ], [ 319183.132132, 6400330.375217999331653 ], [ 319183.246018, 6400330.356161999516189 ], [ 319183.359904000011738, 6400330.333929999731481 ], [ 319183.474132, 6400330.305345999076962 ], [ 319183.585965999984182, 6400330.271203999407589 ], [ 319183.620165999978781, 6400330.145751999691129 ], [ 319191.307984000013676, 6400331.913989999331534 ], [ 319192.550127999973483, 6400326.598953999578953 ], [ 319193.462926, 6400326.810157999396324 ], [ 319194.684892, 6400321.565787998959422 ], [ 319194.171892000013031, 6400321.442717999219894 ], [ 319194.520047999976669, 6400319.83169199898839 ], [ 319194.14897799998289, 6400319.733235999010503 ], [ 319195.129833999963012, 6400315.513125998899341 ], [ 319195.409931999980472, 6400315.585379999130964 ], [ 319195.450971999962348, 6400315.524241999723017 ], [ 319195.53784, 6400315.38767399918288 ], [ 319195.616157999960706, 6400315.247929999604821 ], [ 319195.689003999985289, 6400315.105803999118507 ], [ 319195.751931999984663, 6400314.958913999609649 ], [ 319195.810071999963839, 6400314.808847999200225 ], [ 319195.858978, 6400314.657193999737501 ], [ 319195.901044, 6400314.502363999374211 ], [ 319195.90993600001093, 6400314.458693998865783 ], [ 319195.933876, 6400314.345151999033988 ], [ 319195.960893999959808, 6400314.187145999632776 ], [ 319195.977994000015315, 6400314.02834599930793 ], [ 319195.986885999969672, 6400313.867163999006152 ], [ 319195.988938, 6400313.706775999628007 ], [ 319195.983123999962118, 6400313.547181999310851 ], [ 319195.968076, 6400313.388381998986006 ], [ 319195.945161999959964, 6400313.228787999600172 ], [ 319196.534086, 6400313.347887999378145 ], [ 319199.37884199997643, 6400301.089321998879313 ], [ 319198.786840000015218, 6400300.967045999132097 ], [ 319198.814884, 6400300.935285999439657 ], [ 319198.899015999981202, 6400300.827301999554038 ], [ 319198.975966, 6400300.713759999722242 ], [ 319199.04710199998226, 6400300.598629998974502 ], [ 319199.113107999961358, 6400300.478735999204218 ], [ 319199.171931999968365, 6400300.357253999449313 ], [ 319199.225968000013381, 6400300.231801999732852 ], [ 319199.272138, 6400300.104761999100447 ], [ 319199.312151999969501, 6400299.975339999422431 ], [ 319199.341905999986921, 6400299.863385999575257 ], [ 319199.346009999979287, 6400299.842741999775171 ], [ 319199.372001999989152, 6400299.709349999204278 ], [ 319199.392864, 6400299.575163999572396 ], [ 319199.40586, 6400299.440183999016881 ], [ 319199.412015999958385, 6400299.305203999392688 ], [ 319199.412015999958385, 6400299.16784199886024 ], [ 319199.404833999986295, 6400299.032861999236047 ], [ 319199.390128, 6400298.897087999619544 ], [ 319199.369949999963865, 6400298.762901999056339 ], [ 319199.340879999974277, 6400298.628715999424458 ], [ 319199.075145999959204, 6400298.569959999062121 ], [ 319200.049162000010256, 6400294.376845999620855 ], [ 319200.439041999983601, 6400294.437189999036491 ], [ 319200.823107999982312, 6400292.864275999367237 ], [ 319201.32516399997985, 6400292.977023999206722 ], [ 319202.532082, 6400287.727889999747276 ], [ 319201.64596, 6400287.523831998929381 ], [ 319202.864848, 6400282.207207999192178 ], [ 319195.20404799998505, 6400280.419913999736309 ], [ 319195.229013999982271, 6400280.330985999666154 ], [ 319195.159929999965243, 6400280.266671999357641 ], [ 319195.069984, 6400280.18885999917984 ], [ 319194.973881999962032, 6400280.115017998963594 ], [ 319194.87607, 6400280.046733999624848 ], [ 319194.774838000012096, 6400279.984007999300957 ], [ 319194.670869999972638, 6400279.92525199893862 ], [ 319194.563139999983832, 6400279.872053999453783 ], [ 319194.453015999984927, 6400279.826001998968422 ], [ 319194.340839999960735, 6400279.783919999375939 ], [ 319194.225928, 6400279.748189999721944 ], [ 319194.111015999980737, 6400279.717223999090493 ], [ 319194.098019999975804, 6400279.71484199911356 ], [ 319193.99302599998191, 6400279.692609999328852 ], [ 319193.875035999983083, 6400279.674347999505699 ], [ 319193.756019999971613, 6400279.663231999613345 ], [ 319193.637003999960143, 6400279.656879999674857 ], [ 319193.516962, 6400279.656085999682546 ], [ 319193.396919999970123, 6400279.661643999628723 ], [ 319193.277903999958653, 6400279.67514199949801 ], [ 319193.158888, 6400279.691815999336541 ], [ 319193.041923999961, 6400279.715635999105871 ], [ 319192.924959999974817, 6400279.7450139997527 ], [ 319192.811073999968357, 6400279.782331999391317 ], [ 319192.792947999958415, 6400279.860143999569118 ], [ 319183.220026, 6400277.637737999670208 ], [ 319183.29595, 6400277.339193999767303 ], [ 319183.218999999982771, 6400277.285995999351144 ], [ 319183.085962000011932, 6400277.198655999265611 ], [ 319182.948135999962687, 6400277.119255999103189 ], [ 319182.805864, 6400277.049383998848498 ], [ 319182.660855999973137, 6400276.982687999494374 ], [ 319182.512086, 6400276.927107999101281 ], [ 319182.36194799997611, 6400276.876291999593377 ], [ 319182.208048, 6400276.834209999069571 ], [ 319182.175899999972899, 6400276.826269999146461 ], [ 319182.053122000012081, 6400276.800067999400198 ], [ 319181.897170000011101, 6400276.773865999653935 ], [ 319181.738139999972191, 6400276.75560399889946 ], [ 319181.57911, 6400276.745281998999417 ], [ 319181.420080000010785, 6400276.742899999022484 ], [ 319181.261049999971874, 6400276.749251998960972 ], [ 319181.100993999978527, 6400276.76195599976927 ], [ 319180.945041999977548, 6400276.784187999553978 ], [ 319181.07295, 6400276.237121999263763 ], [ 319168.81190799997421, 6400273.389043998904526 ], [ 319168.69289199996274, 6400273.904349999502301 ], [ 319168.587897999968845, 6400273.813833999447525 ], [ 319168.47709, 6400273.728875999338925 ], [ 319168.36115199996857, 6400273.648681999184191 ], [ 319168.243161999969743, 6400273.575633998960257 ], [ 319168.11901600001147, 6400273.508143999613822 ], [ 319167.99487, 6400273.447005999274552 ], [ 319167.86593599995831, 6400273.39221999887377 ], [ 319167.734950000012759, 6400273.343785999342799 ], [ 319167.600885999971069, 6400273.301703999750316 ], [ 319167.466137999959756, 6400273.26676799915731 ], [ 319167.397054, 6400273.253269999288023 ], [ 319167.328996, 6400273.239771999418736 ], [ 319167.19117, 6400273.219127999618649 ], [ 319167.051975999958813, 6400273.204835999757051 ], [ 319166.912098, 6400273.19768999889493 ], [ 319166.771878, 6400273.199277998879552 ], [ 319166.633026, 6400273.207217999733984 ], [ 319166.493147999979556, 6400273.21992199961096 ], [ 319166.35498, 6400273.242153999395669 ], [ 319166.217837999982294, 6400273.269943999126554 ], [ 319166.08308999997098, 6400273.305673999711871 ], [ 319165.950052, 6400273.347755999304354 ], [ 319165.90696, 6400273.30487999971956 ], [ 319165.815987999958452, 6400273.215157999657094 ], [ 319165.718859999964479, 6400273.130199999548495 ], [ 319165.620021999988239, 6400273.050005999393761 ], [ 319165.515028, 6400272.976163999177516 ], [ 319165.40695599996252, 6400272.907879998907447 ], [ 319165.295121999981347, 6400272.845153999514878 ], [ 319165.180894, 6400272.787191999144852 ], [ 319165.06393, 6400272.734787999652326 ], [ 319164.944914, 6400272.688735999166965 ], [ 319164.823161999986041, 6400272.648241999559104 ], [ 319164.729111999971792, 6400272.622039998881519 ], [ 319164.700041999982204, 6400272.615687998943031 ], [ 319164.573844, 6400272.587897999212146 ], [ 319164.446961999987252, 6400272.56725399941206 ], [ 319164.32007999997586, 6400272.552167999558151 ], [ 319164.192855999979656, 6400272.545021999627352 ], [ 319164.064948000013828, 6400272.544227999635041 ], [ 319163.937039999989793, 6400272.548197999596596 ], [ 319163.809131999965757, 6400272.560107999481261 ], [ 319163.681907999969553, 6400272.578369999304414 ], [ 319163.556051999970805, 6400272.602189999073744 ], [ 319163.43088, 6400272.633155999705195 ], [ 319163.310154, 6400272.66888599935919 ], [ 319163.244147999968845, 6400273.000777998939157 ], [ 319154.940046, 6400271.072151998989284 ], [ 319155.152085999958217, 6400270.155875999480486 ], [ 319147.921863999974448, 6400268.493239999748766 ], [ 319147.69717, 6400269.391253999434412 ], [ 319144.164994, 6400268.558347999118268 ], [ 319144.453983999963384, 6400281.017001999542117 ], [ 319145.456044, 6400281.214707999490201 ], [ 319144.94099199998891, 6400283.394237998872995 ], [ 319148.280963999975938, 6400284.177915999665856 ], [ 319147.986159999971278, 6400285.349065999500453 ], [ 319157.012907999975141, 6400287.473809999413788 ], [ 319157.274879999982659, 6400286.269311998970807 ], [ 319165.682949999987613, 6400288.255899999290705 ] ] ] ] } },
{ "type": "Feature", "properties": { "B_ID": 101774.0 }, "geometry": { "type": "MultiPolygon", "coordinates": [ [ [ [ 318930.0418719999725, 6399959.34298799932003 ], [ 318920.319838, 6399962.683345999568701 ], [ 318920.712111999979243, 6399963.80288599897176 ], [ 318916.738071999978274, 6399965.116955999284983 ], [ 318919.693977999966592, 6399974.737853999249637 ], [ 318924.594837999960873, 6399975.815311999060214 ], [ 318938.34187, 6399978.835687999613583 ], [ 318955.010949999967124, 6399983.325757998973131 ], [ 318958.939846, 6399966.242847999557853 ], [ 318930.0418719999725, 6399959.34298799932003 ] ] ] ] } },
{ "type": "Feature", "properties": { "B_ID": 102175.0 }, "geometry": { "type": "MultiPolygon", "coordinates": [ [ [ [ 319598.780121999967378, 6399918.733063999563456 ], [ 319601.314000000013039, 6399915.356181999668479 ], [ 319604.901922, 6399863.49607199896127 ], [ 319579.255, 6399861.395147999748588 ], [ 319576.867156, 6399875.098793999291956 ], [ 319576.133907999959774, 6399879.807213999330997 ], [ 319575.49915599997621, 6399886.515719999559224 ], [ 319575.41092, 6399887.11121999938041 ], [ 319563.146115999959875, 6399893.209139999002218 ], [ 319578.513885999971535, 6399927.610777999274433 ], [ 319598.780121999967378, 6399918.733063999563456 ] ], [ [ 319583.765979999967385, 6399867.889273999258876 ], [ 319593.331035999988671, 6399868.648337999358773 ], [ 319593.161061999970116, 6399870.755613999441266 ], [ 319591.681912, 6399870.646041999571025 ], [ 319590.983889999974053, 6399879.681761999614537 ], [ 319592.607022000011057, 6399879.784187999553978 ], [ 319592.379933999967761, 6399882.60606399923563 ], [ 319581.668835999967996, 6399881.762835999019444 ], [ 319583.765979999967385, 6399867.889273999258876 ] ], [ [ 319580.213967999967281, 6399908.550807999446988 ], [ 319581.230050000012852, 6399908.261791999451816 ], [ 319582.137034000013955, 6399907.473349999636412 ], [ 319582.352835999976378, 6399906.918343999423087 ], [ 319582.379854, 6399905.971895999275148 ], [ 319581.902079999970738, 6399905.023065999150276 ], [ 319581.208845999964979, 6399904.484733999706805 ], [ 319580.289891999971587, 6399904.20921599958092 ], [ 319579.309036, 6399904.465677998960018 ], [ 319578.595966, 6399904.966691999696195 ], [ 319574.960847999958787, 6399896.750379999168217 ], [ 319578.840838, 6399895.035339999012649 ], [ 319579.15889799996512, 6399895.621311998926103 ], [ 319579.48585, 6399896.027045999653637 ], [ 319580.013898, 6399896.240631999447942 ], [ 319580.933878000010736, 6399896.358937999233603 ], [ 319581.550162, 6399896.354173999279737 ], [ 319581.933886000013445, 6399896.2231639996171 ], [ 319582.579923999961466, 6399895.661011999472976 ], [ 319582.985877999977674, 6399895.091713999398053 ], [ 319583.092924, 6399894.557351998984814 ], [ 319583.020077999972273, 6399893.941207999363542 ], [ 319582.75195, 6399893.209933998994529 ], [ 319589.713018, 6399893.896743998862803 ], [ 319589.45788599998923, 6399897.95567199960351 ], [ 319590.844012000015937, 6399898.026337998919189 ], [ 319590.295102, 6399907.06999799888581 ], [ 319589.551936, 6399907.026327999308705 ], [ 319588.93189, 6399907.208947999402881 ], [ 319588.220871999976225, 6399907.506697999313474 ], [ 319587.81013, 6399907.910049999132752 ], [ 319587.193846, 6399908.716753999702632 ], [ 319586.881942, 6399909.57109799887985 ], [ 319586.876127999974415, 6399910.100695999339223 ], [ 319587.307047999987844, 6399911.259141999296844 ], [ 319582.42192, 6399913.515689998865128 ], [ 319580.213967999967281, 6399908.550807999446988 ] ] ] ] } },
{ "type": "Feature", "properties": { "B_ID": 90978.0 }, "geometry": { "type": "MultiPolygon", "coordinates": [ [ [ [ 319204.82314, 6400023.339387998916209 ], [ 319207.859073999978136, 6400010.080381999723613 ], [ 319197.628143999958411, 6400007.588015999644995 ], [ 319196.759121999959461, 6400010.825947999022901 ], [ 319188.461859999981243, 6400008.899703999049962 ], [ 319189.069935999985319, 6400005.48709199950099 ], [ 319183.565103999979328, 6400004.045187999494374 ], [ 319187.664999999979045, 6399986.516843999736011 ], [ 319149.508059999963734, 6399976.942791999317706 ], [ 319145.336001999967266, 6399995.196851999498904 ], [ 319139.910855999973137, 6399993.759711999446154 ], [ 319136.107131999975536, 6400008.659121999517083 ], [ 319136.038047999958508, 6400008.988631999120116 ], [ 319136.792158, 6400009.179985999129713 ], [ 319142.327086, 6400010.697319999337196 ], [ 319142.290150000015274, 6400010.856913999654353 ], [ 319151.76184, 6400013.103933999314904 ], [ 319151.799117999966256, 6400012.942751999013126 ], [ 319157.824131999979727, 6400014.60697599966079 ], [ 319157.9041599999764, 6400014.278259999118745 ], [ 319163.972949999966659, 6400015.809091999195516 ], [ 319164.06016, 6400015.462907999753952 ], [ 319179.389968, 6400019.325717999599874 ], [ 319179.336957999970764, 6400019.536921999417245 ], [ 319185.316828, 6400021.028053998947144 ], [ 319185.163953999988735, 6400021.567179999314249 ], [ 319201.320033999974839, 6400025.483981999568641 ], [ 319204.82314, 6400023.339387998916209 ] ] ] ] } },
{ "type": "Feature", "properties": { "B_ID": 92961.0 }, "geometry": { "type": "MultiPolygon", "coordinates": [ [ [ [ 318999.939832, 6400222.730255999602377 ], [ 319009.676914000010584, 6400182.244989999569952 ], [ 318978.451972, 6400174.736925999633968 ], [ 318977.50907799997367, 6400178.648963999003172 ], [ 318974.529915999970399, 6400179.567621999420226 ], [ 318972.887974000012036, 6400186.538147998973727 ], [ 318975.83191, 6400185.629811999388039 ], [ 318975.473152, 6400187.12332599889487 ], [ 318993.378903999982867, 6400191.433157999068499 ], [ 318986.615853999974206, 6400219.527259998954833 ], [ 318999.939832, 6400222.730255999602377 ] ] ] ] } },
{ "type": "Feature", "properties": { "B_ID": 95685.0 }, "geometry": { "type": "MultiPolygon", "coordinates": [ [ [ [ 319288.20103, 6400186.225311999209225 ], [ 319234.565853999985848, 6400172.069085999391973 ], [ 319223.51001999998698, 6400222.510317998938262 ], [ 319277.606895999982953, 6400235.882865998893976 ], [ 319277.691370000015013, 6400235.51921399962157 ], [ 319306.69194399996195, 6400242.137997998856008 ], [ 319318.060024, 6400193.021951999515295 ], [ 319288.368951999989804, 6400186.276127999648452 ], [ 319278.497121999971569, 6400225.386185999028385 ], [ 319288.20103, 6400186.225311999209225 ] ], [ [ 319279.955068000010215, 6400225.737927999347448 ], [ 319279.954725999967195, 6400225.740309999324381 ], [ 319278.497121999971569, 6400225.386185999028385 ], [ 319279.955068000010215, 6400225.737927999347448 ] ], [ [ 319254.694947999960277, 6400191.854771999642253 ], [ 319252.037949999968987, 6400201.714663999155164 ], [ 319251.029050000011921, 6400201.483609999530017 ], [ 319249.410021999967285, 6400202.384005999192595 ], [ 319248.937035999959335, 6400204.167329999618232 ], [ 319249.966114, 6400205.587795998901129 ], [ 319250.978092, 6400205.772797998972237 ], [ 319250.028016, 6400210.205699998885393 ], [ 319246.84399600001052, 6400209.473631999455392 ], [ 319248.113158, 6400203.926747999154031 ], [ 319239.72595, 6400202.101341999135911 ], [ 319237.756029999989551, 6400210.494715998880565 ], [ 319237.366833999985829, 6400210.477247999049723 ], [ 319236.770044, 6400209.460927999578416 ], [ 319234.982068000012077, 6400208.647871999070048 ], [ 319236.854859999963082, 6400200.06473199930042 ], [ 319238.589142000011634, 6400200.450615999288857 ], [ 319239.150022000016179, 6400200.426795999519527 ], [ 319239.782038, 6400200.244969999417663 ], [ 319240.405846, 6400199.821767998859286 ], [ 319241.160982, 6400198.675231999717653 ], [ 319241.035126, 6400197.40086199901998 ], [ 319240.195857999962755, 6400196.314669999293983 ], [ 319239.538875999976881, 6400196.01691999938339 ], [ 319237.85692, 6400195.600069999694824 ], [ 319239.869932, 6400185.474187999032438 ], [ 319244.648013999976683, 6400186.689801999367774 ], [ 319244.227011999988463, 6400188.616839999333024 ], [ 319247.995851999963634, 6400189.602193999104202 ], [ 319247.929845999984536, 6400190.126233999617398 ], [ 319254.694947999960277, 6400191.854771999642253 ] ], [ [ 319260.570849999960046, 6400220.151343999430537 ], [ 319264.069851999985985, 6400205.724363999441266 ], [ 319264.988122, 6400205.960181999020278 ], [ 319265.455978000012692, 6400204.076019999571145 ], [ 319264.587981999968179, 6400203.837819999083877 ], [ 319267.370151999988593, 6400193.826273999176919 ], [ 319279.33707399998093, 6400196.65291399974376 ], [ 319272.684147999971174, 6400223.109787999652326 ], [ 319260.570849999960046, 6400220.151343999430537 ] ] ] ] } },
{ "type": "Feature", "properties": { "B_ID": 98441.0 }, "geometry": { "type": "MultiPolygon", "coordinates": [ [ [ [ 319018.428009999974165, 6400155.642813999205828 ], [ 319023.856917999975849, 6400131.364675999619067 ], [ 319010.870835999958217, 6400130.81602199934423 ], [ 319002.596145999967121, 6400130.207817999646068 ], [ 319002.705927999981213, 6400129.762383999302983 ], [ 318998.861164, 6400129.416199998930097 ], [ 318976.984108, 6400132.060219999402761 ], [ 318975.516927999968175, 6400132.037987999618053 ], [ 318973.393107999989297, 6400132.592993998900056 ], [ 318969.644104, 6400131.567939999513328 ], [ 318969.001143999979831, 6400133.741911998949945 ], [ 318967.2230860000127, 6400134.262775999493897 ], [ 318967.143058000016026, 6400133.980905999429524 ], [ 318948.76603, 6400139.088707999326289 ], [ 318954.05916399997659, 6400157.739767999388278 ], [ 318973.955014, 6400162.287799999117851 ], [ 318974.021019999985583, 6400161.887623999267817 ], [ 318974.404059999971651, 6400161.974963999353349 ], [ 318974.328135999967344, 6400162.321147999726236 ], [ 319012.803136, 6400171.122637999244034 ], [ 319015.038106, 6400169.652149999514222 ], [ 319018.428009999974165, 6400155.642813999205828 ] ], [ [ 319018.428009999974165, 6400155.642813999205828 ], [ 319006.499049999983981, 6400152.998793999664485 ], [ 319005.837964, 6400155.630109999328852 ], [ 318988.653148000012152, 6400151.467167999595404 ], [ 318988.54097199998796, 6400151.283753999508917 ], [ 318988.108, 6400150.881989999674261 ], [ 318987.582003999967128, 6400150.632673999294639 ], [ 318987.017019999970216, 6400150.503251999616623 ], [ 318986.388081999961287, 6400150.523101999424398 ], [ 318985.709895999985747, 6400150.754155999049544 ], [ 318977.310033999965526, 6400148.719133999198675 ], [ 318976.891767999972217, 6400150.627115999348462 ], [ 318976.270012, 6400149.690989999100566 ], [ 318974.381829999969341, 6400149.193151999264956 ], [ 318973.367115999979433, 6400149.659229999408126 ], [ 318965.691951999964658, 6400147.895755999721587 ], [ 318964.435101999959443, 6400143.407273999415338 ], [ 318969.431037999980617, 6400142.033653999678791 ], [ 318979.72284399997443, 6400141.237271999008954 ], [ 318980.985165999969468, 6400143.131755999289453 ], [ 318984.215014000015799, 6400140.829155999235809 ], [ 318993.12685, 6400140.047859999351203 ], [ 318994.447996, 6400141.969339999370277 ], [ 318997.766079999972135, 6400139.661975999362767 ], [ 319000.320136, 6400139.46268199943006 ], [ 319001.219254, 6400135.806311999447644 ], [ 319009.642029999988154, 6400136.394665999338031 ], [ 319006.014093999983743, 6400152.860637999139726 ], [ 319018.428009999974165, 6400155.642813999205828 ] ] ] ] } },
{ "type": "Feature", "properties": { "B_ID": 99907.0 }, "geometry": { "type": "MultiPolygon", "coordinates": [ [ [ [ 318753.275067999958992, 6399542.674813998863101 ], [ 318748.604032, 6399526.547085999511182 ], [ 318769.097014, 6399520.739769998937845 ], [ 318775.77901, 6399543.795147999189794 ], [ 318792.082834, 6399539.019237998872995 ], [ 318786.182991999958176, 6399517.809909999370575 ], [ 318821.395995999977458, 6399511.596065999008715 ], [ 318826.569087999989279, 6399529.233981999568641 ], [ 318832.022961999988183, 6399527.689651999622583 ], [ 318832.847865999967325, 6399530.598867999389768 ], [ 318839.06098, 6399528.837775999680161 ], [ 318838.24189, 6399525.933323998935521 ], [ 318840.070905999979004, 6399525.413253999315202 ], [ 318838.670073999965098, 6399520.657193999737501 ], [ 318841.647867999970913, 6399519.807613999582827 ], [ 318833.683030000014696, 6399491.866753999143839 ], [ 318772.100115999986883, 6399502.735025999136269 ], [ 318764.564145999960601, 6399504.198367998935282 ], [ 318727.578898, 6399514.63629199936986 ], [ 318735.377866, 6399542.661315998993814 ], [ 318738.330009999976028, 6399541.87287399917841 ], [ 318739.5858339999686, 6399546.266075999476016 ], [ 318739.716136, 6399546.714685998857021 ], [ 318741.642964, 6399546.154121999628842 ], [ 318753.275067999958992, 6399542.674813998863101 ] ] ] ] } },
{ "type": "Feature", "properties": { "B_ID": 105062.0 }, "geometry": { "type": "MultiPolygon", "coordinates": [ [ [ [ 318647.426067999971565, 6399696.38765599951148 ], [ 318628.435149999975692, 6399710.81384199950844 ], [ 318652.751008, 6399742.546051999554038 ], [ 318665.908089999982622, 6399732.594849999062717 ], [ 318675.943053999973927, 6399731.654753998853266 ], [ 318674.821978, 6399715.674709999002516 ], [ 318673.733049999980722, 6399703.304189999587834 ], [ 318673.411911999981385, 6399701.115131999365985 ], [ 318672.084952, 6399699.284961999394 ], [ 318670.822972, 6399698.622765999287367 ], [ 318669.445054000010714, 6399698.297225999645889 ], [ 318667.753863999969326, 6399697.952629999257624 ], [ 318666.27402999997139, 6399697.923251999542117 ], [ 318664.171072, 6399698.432205999270082 ], [ 318662.051013999967836, 6399698.42267799936235 ], [ 318660.233967999985907, 6399697.884345998987556 ], [ 318658.120065999974031, 6399696.875171999447048 ], [ 318656.887156000011601, 6399695.835031999275088 ], [ 318655.640908, 6399695.244295999407768 ], [ 318653.540002, 6399694.709139999002218 ], [ 318651.98903200001223, 6399694.259735999628901 ], [ 318651.082048000011127, 6399694.201773999258876 ], [ 318649.519107999978587, 6399694.606713999062777 ], [ 318648.249946, 6399695.584921998903155 ], [ 318647.426067999971565, 6399696.38765599951148 ] ], [ [ 318648.382983999967109, 6399727.591061999090016 ], [ 318641.813847999961581, 6399718.891997999511659 ], [ 318642.01084, 6399717.565223999321461 ], [ 318649.421979999984615, 6399711.919089999049902 ], [ 318648.624093999969773, 6399710.918649999424815 ], [ 318649.018078, 6399710.574053999036551 ], [ 318649.73491, 6399710.508945999667048 ], [ 318650.087853999983054, 6399710.297741998918355 ], [ 318650.826916, 6399709.636339999735355 ], [ 318653.418934000015724, 6399707.788701999001205 ], [ 318661.750054, 6399709.830869999714196 ], [ 318662.308881999982987, 6399716.969723999500275 ], [ 318662.38685800001258, 6399719.367603999562562 ], [ 318661.965855999966152, 6399719.901171999052167 ], [ 318661.78699, 6399720.58718799892813 ], [ 318661.696017999958713, 6399721.429621999152005 ], [ 318661.664896, 6399722.911225999705493 ], [ 318660.927885999961291, 6399723.61629799939692 ], [ 318660.664888, 6399724.104607999324799 ], [ 318660.641973999969196, 6399724.623883998952806 ], [ 318660.744916, 6399725.300371998921037 ], [ 318660.965164, 6399725.892695999704301 ], [ 318661.29793, 6399726.322249999269843 ], [ 318661.943968, 6399726.500899999402463 ], [ 318662.006896, 6399728.378709998913109 ], [ 318653.73699399997713, 6399734.653691999614239 ], [ 318648.382983999967109, 6399727.591061999090016 ] ] ] ] } },
{ "type": "Feature", "properties": { "B_ID": 105395.0 }, "geometry": { "type": "MultiPolygon", "coordinates": [ [ [ [ 319122.393958, 6399945.548825999721885 ], [ 319118.555008, 6399961.763893999159336 ], [ 319134.02811399998609, 6399965.529835999011993 ], [ 319133.548971999960486, 6399967.49895599950105 ], [ 319131.79417, 6399966.80738199967891 ], [ 319129.631019999971613, 6399975.700181999243796 ], [ 319130.747991999960504, 6399975.970935999415815 ], [ 319129.83314199995948, 6399979.736083999276161 ], [ 319128.651873999973759, 6399979.448655999265611 ], [ 319126.550967999966815, 6399988.09372799936682 ], [ 319128.255837999982759, 6399988.508989999070764 ], [ 319127.47813, 6399991.714367999695241 ], [ 319119.92813799995929, 6399989.878639998845756 ], [ 319120.22089, 6399988.673347999341786 ], [ 319117.732155999983661, 6399988.065937999635935 ], [ 319118.152131999959238, 6399986.331841999664903 ], [ 319112.992036000010557, 6399985.078115999698639 ], [ 319112.273836, 6399988.030207999050617 ], [ 319106.89486, 6399986.723283999599516 ], [ 319103.461864000011701, 6400000.745323998853564 ], [ 319124.117979999980889, 6400005.96904999949038 ], [ 319136.038047999958508, 6400008.988631999120116 ], [ 319136.107131999975536, 6400008.659121999517083 ], [ 319139.910855999973137, 6399993.759711999446154 ], [ 319145.336001999967266, 6399995.196851999498904 ], [ 319149.508059999963734, 6399976.942791999317706 ], [ 319186.384893999958877, 6399986.196067999117076 ], [ 319188.476908000011463, 6399978.451391999609768 ], [ 319192.625025999965146, 6399963.632969999685884 ], [ 319192.717024000012316, 6399963.433675999753177 ], [ 319122.393958, 6399945.548825999721885 ] ] ] ] } },
{ "type": "Feature", "properties": { "B_ID": 105458.0 }, "geometry": { "type": "MultiPolygon", "coordinates": [ [ [ [ 319586.609025999961887, 6400016.708693998865783 ], [ 319604.85506799997529, 6400008.627361998893321 ], [ 319594.957929999975022, 6399986.293729999102652 ], [ 319593.713049999962095, 6399983.50281999912113 ], [ 319586.562855999975, 6399986.706609999760985 ], [ 319573.536075999960303, 6399992.617145999334753 ], [ 319583.883969999966212, 6400015.689991999417543 ], [ 319586.609025999961887, 6400016.708693998865783 ] ], [ [ 319588.987977999961004, 6400001.660011999309063 ], [ 319589.241058000014164, 6400001.008137999102473 ], [ 319589.246871999988798, 6400000.246691999025643 ], [ 319588.976007999968715, 6399999.577349998988211 ], [ 319588.349121999985073, 6399998.965175999328494 ], [ 319587.89289399998961, 6399998.623755998909473 ], [ 319587.201027999981306, 6399998.375233999453485 ], [ 319585.197934, 6399993.855785999447107 ], [ 319587.514984, 6399992.791825999505818 ], [ 319591.832049999968149, 6399990.758391999639571 ], [ 319593.010924, 6399992.988737999461591 ], [ 319591.592992, 6399993.743831999599934 ], [ 319596.849874, 6400005.45771399885416 ], [ 319591.589914000011049, 6400007.698381999507546 ], [ 319588.987977999961004, 6400001.660011999309063 ] ] ] ] } },
{ "type": "Feature", "properties": { "B_ID": 105361.0 }, "geometry": { "type": "MultiPolygon", "coordinates": [ [ [ [ 319216.044843999959994, 6400253.680375999771059 ], [ 319229.493993999960367, 6400256.935775998979807 ], [ 319230.256996000010986, 6400253.707371999509633 ], [ 319231.019998, 6400253.253997999243438 ], [ 319231.64688399998704, 6400252.125723998993635 ], [ 319231.520001999975648, 6400250.97998199891299 ], [ 319231.17389799997909, 6400250.243943999521434 ], [ 319232.128077999979723, 6400245.815011999569833 ], [ 319233.773097999976017, 6400244.955903999507427 ], [ 319234.341843999980483, 6400245.552197999320924 ], [ 319235.33398599998327, 6400245.842801999300718 ], [ 319236.293979999958538, 6400245.615717999637127 ], [ 319236.805953999981284, 6400245.228245999664068 ], [ 319237.071003999968525, 6400244.878091999329627 ], [ 319237.267996, 6400244.426305999048054 ], [ 319237.503976, 6400244.338171998970211 ], [ 319240.281015999964438, 6400233.053049999289215 ], [ 319224.028834, 6400229.165625999681652 ], [ 319223.356120000011288, 6400229.121161999180913 ], [ 319222.593117999960668, 6400229.359361999668181 ], [ 319221.924165999982506, 6400229.954861999489367 ], [ 319221.597897999978159, 6400230.929099999368191 ], [ 319216.044843999959994, 6400253.680375999771059 ] ] ] ] } },
{ "type": "Feature", "properties": { "B_ID": 106569.0 }, "geometry": { "type": "MultiPolygon", "coordinates": [ [ [ [ 319239.878139999986161, 6399905.918697998858988 ], [ 319241.405854000011459, 6399908.549219999462366 ], [ 319285.99307799997041, 6399919.558029999025166 ], [ 319291.496883999963757, 6399894.450955999083817 ], [ 319298.977107999962755, 6399896.277155999094248 ], [ 319304.912859999982174, 6399869.343881999142468 ], [ 319254.271894, 6399857.117075999267399 ], [ 319251.185002000012901, 6399858.998061999678612 ], [ 319239.878139999986161, 6399905.918697998858988 ] ] ] ] } },
{ "type": "Feature", "properties": { "B_ID": 107080.0 }, "geometry": { "type": "MultiPolygon", "coordinates": [ [ [ [ 318780.554014, 6399737.488271999172866 ], [ 318784.053015999961644, 6399749.418915999121964 ], [ 318786.650164, 6399758.151327999308705 ], [ 318792.188854, 6399757.200115999206901 ], [ 318789.999028, 6399749.402241999283433 ], [ 318790.818118, 6399747.576041999273002 ], [ 318791.253142, 6399747.440267999656498 ], [ 318796.489845999982208, 6399749.584861999377608 ], [ 318803.188941999978852, 6399747.965101999230683 ], [ 318802.072996, 6399744.482617999427021 ], [ 318803.960835999983829, 6399743.540139999240637 ], [ 318806.817904, 6399743.552049999125302 ], [ 318808.025847999961115, 6399747.9230199996382 ], [ 318811.9000239999732, 6399746.601009999401867 ], [ 318816.144928, 6399747.934135999530554 ], [ 318817.157932, 6399746.978953999467194 ], [ 318818.144944, 6399733.508743999525905 ], [ 318817.045072, 6399731.893747999332845 ], [ 318815.084043999959249, 6399731.650783998891711 ], [ 318815.859016, 6399730.906805999577045 ], [ 318806.555931999988388, 6399728.936097999103367 ], [ 318806.395876, 6399728.941655999049544 ], [ 318806.079868, 6399729.071871999651194 ], [ 318805.52788, 6399729.290221999399364 ], [ 318805.141078000015114, 6399729.662607999518514 ], [ 318804.913989999971818, 6399730.070723999291658 ], [ 318804.858927999972366, 6399730.8329639993608 ], [ 318780.554014, 6399737.488271999172866 ] ] ] ] } },
{ "type": "Feature", "properties": { "B_ID": 108721.0 }, "geometry": { "type": "MultiPolygon", "coordinates": [ [ [ [ 319702.484097999986261, 6400106.906299998983741 ], [ 319714.05088, 6400109.818691999651492 ], [ 319719.104956, 6400089.666177999228239 ], [ 319713.002991999965161, 6400088.266355999745429 ], [ 319713.062841999984812, 6400088.009893999435008 ], [ 319694.386905999970622, 6400083.601605999283493 ], [ 319693.844836, 6400084.101825999096036 ], [ 319691.60302599996794, 6400095.449673999100924 ], [ 319697.425918, 6400096.71372199896723 ], [ 319704.380829999980051, 6400098.169123999774456 ], [ 319702.667068, 6400099.286281999200583 ], [ 319702.011111999978311, 6400101.638109999708831 ], [ 319703.246073999966029, 6400103.408729999326169 ], [ 319702.484097999986261, 6400106.906299998983741 ] ] ] ] } },
{ "type": "Feature", "properties": { "B_ID": 109599.0 }, "geometry": { "type": "MultiPolygon", "coordinates": [ [ [ [ 318789.375904000014998, 6399587.138813999481499 ], [ 318787.467886, 6399571.593881999142468 ], [ 318781.593010000011418, 6399572.248931999318302 ], [ 318781.334115999983624, 6399571.962297999300063 ], [ 318780.969885999977123, 6399571.538301999680698 ], [ 318780.755109999969136, 6399570.908659999258816 ], [ 318776.340916000015568, 6399571.382677999325097 ], [ 318776.34502, 6399572.028199999593198 ], [ 318776.27901399997063, 6399572.374383999034762 ], [ 318776.066974000015762, 6399572.858723999001086 ], [ 318769.946883999975398, 6399573.552679999731481 ], [ 318773.306007999985013, 6399602.03901799954474 ], [ 318779.717139999964274, 6399602.413785999640822 ], [ 318781.120024, 6399602.527327999472618 ], [ 318780.925083999987692, 6399600.48515999969095 ], [ 318780.4021659999853, 6399593.47016999963671 ], [ 318781.16209, 6399592.968361998908222 ], [ 318781.577961999981198, 6399592.495137999765575 ], [ 318781.683981999987736, 6399591.773391999304295 ], [ 318781.48699, 6399590.717371999286115 ], [ 318781.266057999979239, 6399590.272731998935342 ], [ 318780.815986, 6399589.917019999586046 ], [ 318780.173025999974925, 6399589.681201999075711 ], [ 318779.690122, 6399589.577187999151647 ], [ 318779.291007999971043, 6399589.590685999020934 ], [ 318778.613848, 6399589.693111998960376 ], [ 318776.613832, 6399587.052267999388278 ], [ 318777.681898, 6399585.724699999205768 ], [ 318783.067029999976512, 6399585.30626199953258 ], [ 318784.462048000015784, 6399586.340049999766052 ], [ 318784.938112, 6399587.44291599933058 ], [ 318786.001048, 6399588.128137999214232 ], [ 318787.552017999987584, 6399587.877233998849988 ], [ 318788.133075999969151, 6399587.296819998882711 ], [ 318789.375904000014998, 6399587.138813999481499 ] ] ] ] } },
{ "type": "Feature", "properties": { "B_ID": 109691.0 }, "geometry": { "type": "MultiPolygon", "coordinates": [ [ [ [ 319036.366936, 6399683.489919999614358 ], [ 319024.67293, 6399729.698337999172509 ], [ 319026.447909999988042, 6399732.675043999217451 ], [ 319044.114945999986958, 6399736.8308399990201 ], [ 319047.027076, 6399725.055819999426603 ], [ 319052.203929999959655, 6399704.211731999181211 ], [ 319055.927968, 6399688.507999999448657 ], [ 319050.068139999988489, 6399687.081975999288261 ], [ 319036.366936, 6399683.489919999614358 ] ] ] ] } },
{ "type": "Feature", "properties": { "B_ID": 110711.0 }, "geometry": { "type": "MultiPolygon", "coordinates": [ [ [ [ 318790.586925999959931, 6399911.320279999636114 ], [ 318753.697095999959856, 6399874.203955999575555 ], [ 318756.134871999965981, 6399871.783049999736249 ], [ 318752.029845999961253, 6399867.655837999656796 ], [ 318740.638852, 6399856.012621999718249 ], [ 318730.480083999980707, 6399866.118653999641538 ], [ 318746.144026, 6399881.877171999774873 ], [ 318744.697024, 6399883.315899998880923 ], [ 318781.630972000013571, 6399920.459219999611378 ], [ 318790.586925999959931, 6399911.320279999636114 ] ] ] ] } },
{ "type": "Feature", "properties": { "B_ID": 110871.0 }, "geometry": { "type": "MultiPolygon", "coordinates": [ [ [ [ 319552.972984, 6400200.538749999366701 ], [ 319553.278048, 6400201.25414399895817 ], [ 319551.938091999967583, 6400206.514393999241292 ], [ 319562.871831999975257, 6400209.341827998869121 ], [ 319568.433093999978155, 6400189.405281999148428 ], [ 319550.552992000011727, 6400185.293949998915195 ], [ 319548.392920000012964, 6400194.599629999138415 ], [ 319555.203165999962948, 6400196.532225999049842 ], [ 319554.63613, 6400198.715725999325514 ], [ 319554.155961999960709, 6400198.811799999326468 ], [ 319553.21683, 6400199.408887999132276 ], [ 319552.972984, 6400200.538749999366701 ] ] ] ] } },
{ "type": "Feature", "properties": { "B_ID": 112684.0 }, "geometry": { "type": "MultiPolygon", "coordinates": [ [ [ [ 319319.630829999980051, 6399987.212387999519706 ], [ 319325.869935999973677, 6399962.356217999011278 ], [ 319307.507955999986734, 6399957.670029999688268 ], [ 319301.543133999977726, 6399982.877147999592125 ], [ 319319.630829999980051, 6399987.212387999519706 ] ], [ [ 319311.535005999961868, 6399963.940247999504209 ], [ 319318.679043999989517, 6399965.742627999745309 ], [ 319316.452966000011656, 6399974.671951998956501 ], [ 319314.425931999983732, 6399974.162203999236226 ], [ 319314.585987999977078, 6399973.583377999253571 ], [ 319314.293919999967329, 6399972.647251999005675 ], [ 319313.916009999986272, 6399972.235165999270976 ], [ 319313.43002799997339, 6399971.897715999744833 ], [ 319312.856836, 6399971.629343999549747 ], [ 319312.160866, 6399971.561853999271989 ], [ 319311.443007999972906, 6399971.780203999020159 ], [ 319311.055864, 6399972.039047999307513 ], [ 319310.489170000015292, 6399972.462249998934567 ], [ 319310.318169999984093, 6399973.103801999241114 ], [ 319309.255918, 6399972.826695999130607 ], [ 319311.535005999961868, 6399963.940247999504209 ] ] ] ] } },
{ "type": "Feature", "properties": { "B_ID": 112619.0 }, "geometry": { "type": "MultiPolygon", "coordinates": [ [ [ [ 319229.434144, 6400032.043215999379754 ], [ 319232.772063999960665, 6400032.830069999210536 ], [ 319237.838110000011511, 6400014.838029999285936 ], [ 319241.61208, 6399999.046163999475539 ], [ 319242.244095999980345, 6399999.197023998945951 ], [ 319242.338146, 6399998.864337999373674 ], [ 319243.951017999963369, 6399999.22560799960047 ], [ 319245.965055999986362, 6399990.405061999335885 ], [ 319239.136, 6399988.773391999304295 ], [ 319238.679087999975309, 6399990.682961999438703 ], [ 319236.304924, 6399990.116045999340713 ], [ 319236.604858, 6399988.860731999389827 ], [ 319239.060076, 6399988.697167999111116 ], [ 319239.497836, 6399986.770923999138176 ], [ 319246.434964000014588, 6399988.347807999700308 ], [ 319248.999963999958709, 6399977.11667799949646 ], [ 319225.996018, 6399971.492775999009609 ], [ 319223.104065999970771, 6399973.191935999318957 ], [ 319216.13308, 6400000.944617999717593 ], [ 319209.548895999963861, 6400027.014813999645412 ], [ 319229.434144, 6400032.043215999379754 ] ], [ [ 319232.728972000011709, 6399987.229061999358237 ], [ 319227.595893999969121, 6399985.756191999651492 ], [ 319228.245010000013281, 6399982.799335999414325 ], [ 319230.370881999959238, 6399983.462325999513268 ], [ 319230.886959999974351, 6399984.476263999007642 ], [ 319231.373968, 6399984.942341999150813 ], [ 319231.862001999979839, 6399985.168631999753416 ], [ 319232.728972000011709, 6399987.229061999358237 ] ], [ [ 319231.047015999967698, 6399991.48172599915415 ], [ 319229.860959999961779, 6399997.215993999503553 ], [ 319226.412916, 6399996.179029999300838 ], [ 319227.399928, 6399991.874755999073386 ], [ 319228.64515, 6399990.833027998916805 ], [ 319231.047015999967698, 6399991.48172599915415 ] ], [ [ 319231.358919999969658, 6400003.852245999500155 ], [ 319235.451975999982096, 6400004.789959999732673 ], [ 319232.008036000013817, 6400017.000885999761522 ], [ 319232.4499, 6400017.066787999123335 ], [ 319231.891071999969427, 6400019.369387999176979 ], [ 319221.271971999958623, 6400016.826999999582767 ], [ 319221.726832000014838, 6400015.187389999628067 ], [ 319223.251125999959186, 6400015.442263999022543 ], [ 319224.32192799996119, 6400014.904725999571383 ], [ 319225.299022, 6400011.176101999357343 ], [ 319230.371907999971882, 6400008.212099999189377 ], [ 319231.358919999969658, 6400003.852245999500155 ] ] ] ] } },
{ "type": "Feature", "properties": { "B_ID": 112896.0 }, "geometry": { "type": "MultiPolygon", "coordinates": [ [ [ [ 318750.397138, 6399626.518037999048829 ], [ 318767.113071999978274, 6399630.256189999170601 ], [ 318773.306007999985013, 6399602.03901799954474 ], [ 318766.948912, 6399601.626137998886406 ], [ 318766.011831999989226, 6399601.588819999247789 ], [ 318763.785069999983534, 6399611.987837999127805 ], [ 318764.143143999972381, 6399612.399129998870194 ], [ 318766.607938, 6399613.075617999769747 ], [ 318766.034062, 6399615.675967999733984 ], [ 318766.169151999987662, 6399615.941163999028504 ], [ 318764.916064, 6399617.02417999971658 ], [ 318760.169103999971412, 6399615.900669999420643 ], [ 318760.108911999966949, 6399615.287701999768615 ], [ 318760.012126000015996, 6399614.785893999040127 ], [ 318759.867118, 6399614.345223999582231 ], [ 318759.623955999966711, 6399613.959339999593794 ], [ 318758.890023999963887, 6399613.544077998958528 ], [ 318758.290839999972377, 6399613.435299999080598 ], [ 318757.847949999966659, 6399613.458325998857617 ], [ 318757.330846, 6399613.555193998850882 ], [ 318756.89992599998368, 6399613.80927399918437 ], [ 318756.589048, 6399614.099877999164164 ], [ 318756.206008, 6399614.592951999045908 ], [ 318756.057922, 6399614.956603999249637 ], [ 318752.660151999967638, 6399614.02762399893254 ], [ 318750.397138, 6399626.518037999048829 ] ] ] ] } },
{ "type": "Feature", "properties": { "B_ID": 112980.0 }, "geometry": { "type": "MultiPolygon", "coordinates": [ [ [ [ 318970.08288999996148, 6399661.257125998847187 ], [ 318965.599953999975696, 6399679.758119999431074 ], [ 318987.588159999984782, 6399685.07712599914521 ], [ 318987.776943999982905, 6399685.112061999738216 ], [ 318988.37305, 6399682.422783999703825 ], [ 318988.402119999984279, 6399682.429135999642313 ], [ 318991.821094000013545, 6399666.588835999369621 ], [ 318987.667161999968812, 6399665.528845999389887 ], [ 318981.46294, 6399664.12584799900651 ], [ 318981.444129999959841, 6399664.105997999198735 ], [ 318970.08288999996148, 6399661.257125998847187 ] ] ] ] } },
{ "type": "Feature", "properties": { "B_ID": 113665.0 }, "geometry": { "type": "MultiPolygon", "coordinates": [ [ [ [ 319469.64912999997614, 6400409.926077999174595 ], [ 319470.241132, 6400407.656031999737024 ], [ 319465.365921999968123, 6400406.495203998871148 ], [ 319465.265031999966595, 6400407.216949999332428 ], [ 319414.141845999984071, 6400395.431607998907566 ], [ 319415.300883999967482, 6400389.609999999403954 ], [ 319406.802868, 6400387.671051999554038 ], [ 319406.392125999962445, 6400389.687811999581754 ], [ 319398.304851999972016, 6400387.80523799918592 ], [ 319398.795963999989908, 6400385.782919999212027 ], [ 319390.220998, 6400383.754249999299645 ], [ 319388.726115999976173, 6400389.583797999657691 ], [ 319349.348919999960344, 6400380.228095998987556 ], [ 319345.951149999978952, 6400394.308097999542952 ], [ 319345.165917999984231, 6400395.233107998967171 ], [ 319344.561945999972522, 6400396.011227998882532 ], [ 319343.865975999971852, 6400397.001345999538898 ], [ 319343.219937999965623, 6400398.027193998917937 ], [ 319342.522942000010516, 6400399.277743998914957 ], [ 319341.521908, 6400401.485063998959959 ], [ 319340.808838, 6400403.56772599928081 ], [ 319340.449053999967873, 6400404.954049998894334 ], [ 319339.93195, 6400408.322197998873889 ], [ 319340.031129999959376, 6400413.15289399959147 ], [ 319340.44597599998815, 6400415.538863999769092 ], [ 319340.74591, 6400416.713983999565244 ], [ 319330.139121999964118, 6400461.717903999611735 ], [ 319447.859967999975197, 6400484.8177459994331 ], [ 319482.856143999961205, 6400412.825765999034047 ], [ 319469.64912999997614, 6400409.926077999174595 ] ] ] ] } },
{ "type": "Feature", "properties": { "B_ID": 114318.0 }, "geometry": { "type": "MultiPolygon", "coordinates": [ [ [ [ 319027.935951999970712, 6399890.476191999390721 ], [ 319026.81214, 6399895.383111999370158 ], [ 319040.408008, 6399898.986283998936415 ], [ 319052.571921999973711, 6399901.947109999135137 ], [ 319059.248104, 6399874.050713999196887 ], [ 319059.098991999984719, 6399872.314235999248922 ], [ 319058.316837999969721, 6399871.37334599904716 ], [ 319057.632154, 6399871.104973998852074 ], [ 319025.942091999982949, 6399863.407937998883426 ], [ 319020.176998, 6399888.506277998909354 ], [ 319027.935951999970712, 6399890.476191999390721 ] ], [ [ 319046.526046000013594, 6399878.159663999453187 ], [ 319046.8270059999777, 6399879.060059999115765 ], [ 319046.498001999978442, 6399879.580129999667406 ], [ 319043.510973999975249, 6399891.953031999059021 ], [ 319027.598055999958888, 6399887.535215998999774 ], [ 319030.475985999975819, 6399874.31670399941504 ], [ 319046.526046000013594, 6399878.159663999453187 ] ] ] ] } },
{ "type": "Feature", "properties": { "B_ID": 116136.0 }, "geometry": { "type": "MultiPolygon", "coordinates": [ [ [ [ 318869.336872000014409, 6399623.130039999261498 ], [ 318883.47994, 6399623.271371999755502 ], [ 318883.463866, 6399620.886195999570191 ], [ 318884.94883, 6399619.634057999588549 ], [ 318887.550081999972463, 6399619.6666119992733 ], [ 318887.527851999970153, 6399611.566223999485373 ], [ 318882.5250759999617, 6399611.552725999616086 ], [ 318881.646136, 6399610.314085999503732 ], [ 318881.699145999969915, 6399607.152377999387681 ], [ 318869.478117999969982, 6399607.192871998995543 ], [ 318869.336872000014409, 6399623.130039999261498 ] ] ] ] } },
{ "type": "Feature", "properties": { "B_ID": 117894.0 }, "geometry": { "type": "MultiPolygon", "coordinates": [ [ [ [ 318904.570054000010714, 6399885.971035999245942 ], [ 318903.770115999970585, 6399895.183817999437451 ], [ 318900.29608, 6399926.003721999004483 ], [ 318898.473904000013135, 6399927.859299999661744 ], [ 318868.049926, 6399931.286997999064624 ], [ 318869.406981999985874, 6399944.782615999691188 ], [ 318873.74491, 6399944.31018599960953 ], [ 318874.106061999977101, 6399947.699771999381483 ], [ 318879.106102, 6399948.134883998893201 ], [ 318906.506116, 6399945.279659999534488 ], [ 318916.149148, 6399944.246665999293327 ], [ 318916.691902, 6399943.686101999133825 ], [ 318922.558911999978591, 6399890.348357999697328 ], [ 318906.703107999986969, 6399886.563359999097884 ], [ 318904.570054000010714, 6399885.971035999245942 ] ] ] ] } },
{ "type": "Feature", "properties": { "B_ID": 118430.0 }, "geometry": { "type": "MultiPolygon", "coordinates": [ [ [ [ 319651.162894, 6400066.177275999449193 ], [ 319651.237107999972068, 6400065.508727999404073 ], [ 319656.93311799998628, 6400041.029707998968661 ], [ 319640.743863999960013, 6400034.058387999422848 ], [ 319639.013002, 6400039.869673999026418 ], [ 319633.7869, 6400062.462943999096751 ], [ 319651.162894, 6400066.177275999449193 ] ], [ [ 319648.225113999971654, 6400053.03101799916476 ], [ 319643.253118, 6400052.009139999747276 ], [ 319643.491833999985829, 6400051.076983999460936 ], [ 319641.027040000015404, 6400050.586291999556124 ], [ 319641.299956, 6400049.531859999522567 ], [ 319642.159059999976307, 6400049.013377998955548 ], [ 319644.042112, 6400040.878847999498248 ], [ 319650.73505199997453, 6400042.785241999663413 ], [ 319648.225113999971654, 6400053.03101799916476 ] ] ] ] } },
{ "type": "Feature", "properties": { "B_ID": 119412.0 }, "geometry": { "type": "MultiPolygon", "coordinates": [ [ [ [ 319019.101066, 6399753.087989998981357 ], [ 319029.04984599997988, 6399755.539067999459803 ], [ 319027.103865999961272, 6399763.376641998998821 ], [ 319033.337157999980263, 6399765.098827999085188 ], [ 319039.029064, 6399742.606395998969674 ], [ 319025.169856, 6399739.088181999512017 ], [ 319022.253963999974076, 6399740.664271999150515 ], [ 319019.101066, 6399753.087989998981357 ] ] ] ] } },
{ "type": "Feature", "properties": { "B_ID": 119338.0 }, "geometry": { "type": "MultiPolygon", "coordinates": [ [ [ [ 318775.279005999967922, 6399677.939065999351442 ], [ 318772.019061999977566, 6399692.091321999207139 ], [ 318770.810092, 6399691.811039999127388 ], [ 318767.441049999964889, 6399705.999819999560714 ], [ 318789.11598399997456, 6399710.921031999401748 ], [ 318792.204928, 6399696.953777999617159 ], [ 318786.496947999985423, 6399695.701639999635518 ], [ 318785.00788, 6399696.65920399967581 ], [ 318783.979143999982625, 6399696.972833999432623 ], [ 318782.943909999972675, 6399697.12686999887228 ], [ 318782.175094, 6399697.137985999695957 ], [ 318781.677142, 6399697.206269999034703 ], [ 318782.346093999978621, 6399694.596391999162734 ], [ 318783.00889, 6399692.579631999135017 ], [ 318786.007888, 6399691.17425199970603 ], [ 318786.101938, 6399690.469179999083281 ], [ 318786.808167999959551, 6399690.438213999383152 ], [ 318787.426161999988835, 6399690.107115998864174 ], [ 318787.969942, 6399689.719643998891115 ], [ 318788.359138, 6399689.066975999623537 ], [ 318788.452845999971032, 6399687.863271999172866 ], [ 318788.294157999975141, 6399687.328115999698639 ], [ 318788.080066, 6399686.962081999517977 ], [ 318787.625889999966603, 6399686.584931999444962 ], [ 318787.049962, 6399686.296709999442101 ], [ 318786.625881999963894, 6399686.14187999907881 ], [ 318787.804071999969892, 6399680.929269999265671 ], [ 318775.279005999967922, 6399677.939065999351442 ] ] ] ] } },
{ "type": "Feature", "properties": { "B_ID": 119758.0 }, "geometry": { "type": "MultiPolygon", "coordinates": [ [ [ [ 319490.156133999989834, 6400027.919179999269545 ], [ 319578.883930000010878, 6400049.315097999759018 ], [ 319580.844958, 6400049.685101998969913 ], [ 319582.446886, 6400049.708127999678254 ], [ 319583.827882000012323, 6400049.13803599961102 ], [ 319584.922965999983717, 6400048.417877999134362 ], [ 319585.876119999971706, 6400047.103013999760151 ], [ 319586.322088000015356, 6400046.126393998973072 ], [ 319586.656905999989249, 6400044.312897999770939 ], [ 319586.6251, 6400043.433145998977125 ], [ 319586.332005999982357, 6400041.962657999247313 ], [ 319565.175885999982711, 6399994.525127999484539 ], [ 319501.906911999976728, 6399979.041333999484777 ], [ 319490.156133999989834, 6400027.919179999269545 ] ] ] ] } },
{ "type": "Feature", "properties": { "B_ID": 106662.0 }, "geometry": { "type": "MultiPolygon", "coordinates": [ [ [ [ 319432.46005, 6399768.959255998954177 ], [ 319417.927101999986917, 6399758.371265999041498 ], [ 319421.69389, 6399753.162625999189913 ], [ 319416.198976000014227, 6399734.510771999135613 ], [ 319405.417084000015166, 6399726.338129999116063 ], [ 319384.918972000014037, 6399756.977795999497175 ], [ 319374.575865999970119, 6399772.42665399890393 ], [ 319395.954969999962486, 6399787.951735999435186 ], [ 319410.823077999986708, 6399798.750135999172926 ], [ 319432.46005, 6399768.959255998954177 ] ], [ [ 319405.437945999961812, 6399749.945337999612093 ], [ 319409.885997999983374, 6399743.618745999410748 ], [ 319412.773162, 6399753.746215999126434 ], [ 319405.433841999969445, 6399764.146027998998761 ], [ 319404.625011999974959, 6399764.189697999507189 ], [ 319397.28193, 6399758.737299999222159 ], [ 319402.838062, 6399750.535279999487102 ], [ 319405.437945999961812, 6399749.945337999612093 ] ], [ [ 319387.991157999960706, 6399765.668125999160111 ], [ 319390.311969999980647, 6399765.445805999450386 ], [ 319393.047970000014175, 6399767.490355999208987 ], [ 319390.827021999983117, 6399770.464679999276996 ], [ 319386.662145999958739, 6399767.459389999508858 ], [ 319387.991157999960706, 6399765.668125999160111 ] ] ] ] } },
{ "type": "Feature", "properties": { "B_ID": 110452.0 }, "geometry": { "type": "MultiPolygon", "coordinates": [ [ [ [ 319110.318963999976404, 6400308.241673999466002 ], [ 319101.960142, 6400296.009309999644756 ], [ 319091.002119999960996, 6400303.58803999889642 ], [ 319067.78203, 6400270.359933999367058 ], [ 319061.725893999973778, 6400274.456973999738693 ], [ 319055.457033999962732, 6400265.465717999264598 ], [ 319010.149899999960326, 6400297.177283999510109 ], [ 319015.088037999987137, 6400304.257381998933852 ], [ 319011.167007999960333, 6400306.906165999360383 ], [ 319012.560999999986961, 6400308.968183998949826 ], [ 319016.5111, 6400306.29796199966222 ], [ 319016.560005999985151, 6400306.364657999016345 ], [ 319045.981923999963328, 6400285.706365999765694 ], [ 319072.141162000014447, 6400323.234775999560952 ], [ 319073.206149999983609, 6400324.76322599966079 ], [ 319073.347054000012577, 6400324.96569599956274 ], [ 319077.62308, 6400331.096963998861611 ], [ 319099.498083999962546, 6400315.747355999425054 ], [ 319110.318963999976404, 6400308.241673999466002 ] ] ] ] } },
{ "type": "Feature", "properties": { "B_ID": 113876.0 }, "geometry": { "type": "MultiPolygon", "coordinates": [ [ [ [ 319158.114147999964189, 6399752.350363999605179 ], [ 319159.615869999979623, 6399746.080939998850226 ], [ 319161.477033999981359, 6399746.527167999185622 ], [ 319161.976012, 6399744.441329998895526 ], [ 319162.226014000014402, 6399744.445299998857081 ], [ 319165.435, 6399731.396703999489546 ], [ 319170.607066, 6399732.490041999146342 ], [ 319173.51304, 6399720.895259999670088 ], [ 319175.841033999982756, 6399711.41966399922967 ], [ 319175.970993999973871, 6399711.14811599906534 ], [ 319164.165153999987524, 6399705.514685999602079 ], [ 319164.213034000014886, 6399705.310627999715507 ], [ 319163.884030000015628, 6399705.152621999382973 ], [ 319163.800923999981023, 6399705.548827999271452 ], [ 319150.209844, 6399762.508799999020994 ], [ 319162.63402, 6399765.401341998949647 ], [ 319165.385068, 6399754.090811999514699 ], [ 319158.114147999964189, 6399752.350363999605179 ] ] ] ] } },
{ "type": "Feature", "properties": { "B_ID": 116222.0 }, "geometry": { "type": "MultiPolygon", "coordinates": [ [ [ [ 319120.350165999960154, 6399582.840891999192536 ], [ 319124.982897999987472, 6399584.553549999371171 ], [ 319115.641168, 6399609.99569199886173 ], [ 319132.466884, 6399616.173011999577284 ], [ 319142.885913999984041, 6399587.808949999511242 ], [ 319141.838026000012178, 6399587.424653999507427 ], [ 319142.42695, 6399585.646093999035656 ], [ 319143.171142, 6399581.658625999465585 ], [ 319143.531952, 6399578.550115999765694 ], [ 319143.707056000013836, 6399575.610727999359369 ], [ 319143.339064, 6399571.990881999023259 ], [ 319142.595898, 6399568.475843999534845 ], [ 319141.375983999983873, 6399564.752777999266982 ], [ 319139.733016000012867, 6399560.982071999460459 ], [ 319137.913918, 6399557.730641999281943 ], [ 319135.161159999959636, 6399554.275947999209166 ], [ 319131.092043999989983, 6399550.452043998986483 ], [ 319126.769164, 6399547.579351998865604 ], [ 319122.102916, 6399545.299777999520302 ], [ 319117.463002, 6399544.050815999507904 ], [ 319113.842932, 6399543.507719999179244 ], [ 319110.07306600001175, 6399543.333039999008179 ], [ 319106.582956, 6399543.429113999009132 ], [ 319103.159877999976743, 6399543.921393998898566 ], [ 319099.140009999973699, 6399545.132243999280035 ], [ 319095.607833999965806, 6399546.741681999526918 ], [ 319092.494949999963865, 6399548.524211999028921 ], [ 319089.028095999965444, 6399551.04674999974668 ], [ 319085.834158000012394, 6399554.005193999037147 ], [ 319083.503085999982432, 6399556.885825999081135 ], [ 319080.615921999968123, 6399561.521197998896241 ], [ 319079.583081999968272, 6399564.335927999578416 ], [ 319078.27801, 6399563.900815999135375 ], [ 319067.924986, 6399592.097343998961151 ], [ 319084.716160000010859, 6399598.260371998883784 ], [ 319093.963839999982156, 6399573.076279999688268 ], [ 319098.817162, 6399574.899303999729455 ], [ 319083.770871999964584, 6399615.340899999253452 ], [ 319083.406984, 6399616.55810199957341 ], [ 319083.168951999978162, 6399617.91028399951756 ], [ 319083.306094, 6399620.577329999767244 ], [ 319083.777027999982238, 6399622.490075998939574 ], [ 319084.496937999967486, 6399624.31230599898845 ], [ 319085.728138, 6399626.12262599915266 ], [ 319086.772948, 6399627.315213999710977 ], [ 319088.191905999963637, 6399628.487157999537885 ], [ 319090.157038, 6399629.474099999293685 ], [ 319092.354046, 6399630.219665999524295 ], [ 319094.341066, 6399630.371319998987019 ], [ 319096.607158, 6399630.12994399946183 ], [ 319098.446092, 6399629.709917998872697 ], [ 319100.054859999974724, 6399628.981025999411941 ], [ 319101.596938, 6399628.041723999194801 ], [ 319102.715961999958381, 6399627.08574799913913 ], [ 319103.926983999961521, 6399625.778029999695718 ], [ 319104.897921999974642, 6399624.263077999465168 ], [ 319120.350165999960154, 6399582.840891999192536 ] ], [ [ 319094.379028, 6399569.811351999640465 ], [ 319095.078075999976136, 6399570.0416119992733 ], [ 319095.077049999963492, 6399570.043993999250233 ], [ 319094.379028, 6399569.811351999640465 ] ] ] ] } },
{ "type": "Feature", "properties": { "B_ID": 121606.0 }, "geometry": { "type": "MultiPolygon", "coordinates": [ [ [ [ 319528.925937999971211, 6399837.644225999712944 ], [ 319539.79504, 6399848.383075999096036 ], [ 319547.23011999996379, 6399856.809003999456763 ], [ 319563.453915999969468, 6399841.811137999407947 ], [ 319558.227130000013858, 6399836.125303999520838 ], [ 319553.374149999988731, 6399829.269907998852432 ], [ 319535.746102, 6399828.821297999471426 ], [ 319528.925937999971211, 6399837.644225999712944 ] ], [ [ 319547.106999999959953, 6399829.558923998847604 ], [ 319552.901848, 6399829.485875999554992 ], [ 319553.942896, 6399830.54110199958086 ], [ 319537.69516, 6399846.197193999774754 ], [ 319535.615116, 6399844.135175999253988 ], [ 319540.40790399996331, 6399839.491863999515772 ], [ 319537.255006, 6399836.280927998945117 ], [ 319539.634984, 6399833.93624599929899 ], [ 319547.161036, 6399833.841759999282658 ], [ 319547.106999999959953, 6399829.558923998847604 ] ] ] ] } },
{ "type": "Feature", "properties": { "B_ID": 121068.0 }, "geometry": { "type": "MultiPolygon", "coordinates": [ [ [ [ 319374.60391, 6399825.685791999101639 ], [ 319374.7219, 6399826.115345999598503 ], [ 319370.128839999961201, 6399846.525115999393165 ], [ 319397.60511999996379, 6399853.247119999490678 ], [ 319397.895136, 6399853.421005999669433 ], [ 319403.000170000013895, 6399832.666639999486506 ], [ 319374.60391, 6399825.685791999101639 ] ] ] ] } },
{ "type": "Feature", "properties": { "B_ID": 122680.0 }, "geometry": { "type": "MultiPolygon", "coordinates": [ [ [ [ 318989.679832, 6399656.181083999574184 ], [ 318988.797129999962635, 6399660.085181999020278 ], [ 318987.877150000014808, 6399659.849363999441266 ], [ 318987.535150000010617, 6399661.391311999410391 ], [ 318988.544049999967683, 6399661.620777999050915 ], [ 318987.667161999968812, 6399665.528845999389887 ], [ 318991.821094000013545, 6399666.588835999369621 ], [ 318995.941851999959908, 6399647.527277999557555 ], [ 318974.562064, 6399642.610829999670386 ], [ 318974.482036, 6399642.960983999073505 ], [ 318974.768974, 6399642.995125999674201 ], [ 318972.58804, 6399651.92206799890846 ], [ 318972.395152000011876, 6399651.887925999239087 ], [ 318970.08288999996148, 6399661.257125998847187 ], [ 318981.444129999959841, 6399664.105997999198735 ], [ 318983.598046, 6399654.751089999452233 ], [ 318989.679832, 6399656.181083999574184 ] ] ] ] } },
{ "type": "Feature", "properties": { "B_ID": 123435.0 }, "geometry": { "type": "MultiPolygon", "coordinates": [ [ [ [ 319239.123004, 6399957.712905999273062 ], [ 319240.250919999962207, 6399953.187105999328196 ], [ 319228.890022, 6399950.451775999739766 ], [ 319225.912911999970675, 6399962.060055999085307 ], [ 319227.738166, 6399965.174917999655008 ], [ 319246.73216199997114, 6399969.734065999276936 ], [ 319250.12993200001074, 6399955.576251999475062 ], [ 319245.450003999983892, 6399954.45671199914068 ], [ 319244.442129999981262, 6399958.611713998951018 ], [ 319239.123004, 6399957.712905999273062 ] ] ] ] } },
{ "type": "Feature", "properties": { "B_ID": 123347.0 }, "geometry": { "type": "MultiPolygon", "coordinates": [ [ [ [ 319434.657057999982499, 6400271.905057999305427 ], [ 319452.604875999968499, 6400276.098965999670327 ], [ 319457.552931999962311, 6400254.749893999658525 ], [ 319482.645129999960773, 6400260.691395998932421 ], [ 319477.67416, 6400281.880079999566078 ], [ 319494.013893999974243, 6400285.800851998850703 ], [ 319498.857981999986805, 6400264.617725999094546 ], [ 319526.149923999968451, 6400270.794251998886466 ], [ 319521.185109999962151, 6400292.068687999621034 ], [ 319536.07202799996594, 6400295.720293999649584 ], [ 319537.431135999970138, 6400295.816367999650538 ], [ 319550.411061999970116, 6400251.581833999603987 ], [ 319531.120894, 6400246.875795999541879 ], [ 319519.915947999979835, 6400244.160315999761224 ], [ 319513.584159999969415, 6400242.61360399890691 ], [ 319503.321081999980379, 6400240.195079999044538 ], [ 319501.812861999962479, 6400246.619333999231458 ], [ 319494.410955999977887, 6400244.986075999215245 ], [ 319488.880131999962032, 6400236.356883998960257 ], [ 319445.445106, 6400225.410005999729037 ], [ 319434.657057999982499, 6400271.905057999305427 ] ] ] ] } },
{ "type": "Feature", "properties": { "B_ID": 123354.0 }, "geometry": { "type": "MultiPolygon", "coordinates": [ [ [ [ 319506.784858, 6400052.494273999705911 ], [ 319504.320063999970444, 6400063.406215999275446 ], [ 319506.14395, 6400063.862765999510884 ], [ 319520.713149999966845, 6400067.22297399956733 ], [ 319521.79387, 6400062.296203998848796 ], [ 319525.828102, 6400043.735659999772906 ], [ 319509.538983999984339, 6400039.869673999026418 ], [ 319506.784858, 6400052.494273999705911 ] ], [ [ 319511.135098, 6400059.19960399903357 ], [ 319512.680937999975868, 6400051.520035998895764 ], [ 319513.574925999972038, 6400052.386289998888969 ], [ 319514.357079999987036, 6400052.503801999613643 ], [ 319515.527062, 6400052.240193999372423 ], [ 319516.310926, 6400051.66295599937439 ], [ 319516.681996, 6400050.85466399975121 ], [ 319518.790083999978378, 6400051.261985999532044 ], [ 319519.279143999970984, 6400051.986907999031246 ], [ 319517.460045999963768, 6400060.786809999495745 ], [ 319511.135098, 6400059.19960399903357 ] ] ] ] } },
{ "type": "Feature", "properties": { "B_ID": 123673.0 }, "geometry": { "type": "MultiPolygon", "coordinates": [ [ [ [ 319079.677131999982521, 6400361.072051999159157 ], [ 319079.774944, 6400361.208619999699295 ], [ 319081.454847999964841, 6400363.383385999128222 ], [ 319081.522905999969225, 6400365.218319999054074 ], [ 319075.92504999996163, 6400369.33997399918735 ], [ 319074.595012, 6400370.372967999428511 ], [ 319074.417856000014581, 6400370.889861999079585 ], [ 319074.307047999987844, 6400371.42104799952358 ], [ 319074.272848, 6400372.00384399946779 ], [ 319074.371002, 6400372.604901999235153 ], [ 319075.4719, 6400374.081741998903453 ], [ 319073.300883999967482, 6400376.146935999393463 ], [ 319073.240008, 6400376.192987998947501 ], [ 319077.70687, 6400382.642649998888373 ], [ 319094.931015999987721, 6400367.19537999946624 ], [ 319095.250101999961771, 6400364.324275999329984 ], [ 319088.541088, 6400354.958251999691129 ], [ 319079.677131999982521, 6400361.072051999159157 ] ] ] ] } },
{ "type": "Feature", "properties": { "B_ID": 125189.0 }, "geometry": { "type": "MultiPolygon", "coordinates": [ [ [ [ 318735.084088, 6399479.395395999774337 ], [ 318696.203134000010323, 6399490.330363999120891 ], [ 318701.031832, 6399507.511729999445379 ], [ 318739.91689, 6399496.576761999167502 ], [ 318735.084088, 6399479.395395999774337 ] ] ] ] } },
{ "type": "Feature", "properties": { "B_ID": 124669.0 }, "geometry": { "type": "MultiPolygon", "coordinates": [ [ [ [ 319243.575843999977224, 6399816.672303999774158 ], [ 319237.033041999966372, 6399843.568259999155998 ], [ 319245.164092, 6399845.515941998921335 ], [ 319247.820063999970444, 6399843.989873999729753 ], [ 319255.847829999984242, 6399811.408877999521792 ], [ 319255.48086399998283, 6399811.315185999497771 ], [ 319231.868841999967117, 6399805.843731999397278 ], [ 319230.152001999958884, 6399813.478835999034345 ], [ 319243.575843999977224, 6399816.672303999774158 ] ] ] ] } },
{ "type": "Feature", "properties": { "B_ID": 124870.0 }, "geometry": { "type": "MultiPolygon", "coordinates": [ [ [ [ 319529.461168, 6399883.689873998984694 ], [ 319528.01314, 6399885.007913999259472 ], [ 319527.089056, 6399886.627673999406397 ], [ 319526.888985999976285, 6399887.817085999064147 ], [ 319526.924896000011358, 6399888.996175999753177 ], [ 319534.642125999962445, 6399906.067969999276102 ], [ 319563.146115999959875, 6399893.209139999002218 ], [ 319544.073118, 6399870.565847999416292 ], [ 319529.461168, 6399883.689873998984694 ] ], [ [ 319542.145947999961209, 6399891.395643998868763 ], [ 319542.53001399995992, 6399888.47134199924767 ], [ 319547.649069999984931, 6399884.05114399921149 ], [ 319552.480845999962185, 6399889.640903999097645 ], [ 319552.222978, 6399891.891893999651074 ], [ 319543.841925999964587, 6399895.399785999208689 ], [ 319542.145947999961209, 6399891.395643998868763 ] ] ] ] } },
{ "type": "Feature", "properties": { "B_ID": 125908.0 }, "geometry": { "type": "MultiPolygon", "coordinates": [ [ [ [ 318915.886834, 6399549.258661999367177 ], [ 318879.901935999980196, 6399560.031653999350965 ], [ 318886.727913999988232, 6399583.076709999702871 ], [ 318887.380108000012115, 6399584.98072199895978 ], [ 318923.292843999981415, 6399574.403053998947144 ], [ 318915.886834, 6399549.258661999367177 ] ] ] ] } },
{ "type": "Feature", "properties": { "B_ID": 125987.0 }, "geometry": { "type": "MultiPolygon", "coordinates": [ [ [ [ 318951.281098, 6399594.880313999019563 ], [ 318949.190109999966808, 6399605.450041999109089 ], [ 318966.981976000010036, 6399608.969843999482691 ], [ 318970.59794199996395, 6399608.618101999163628 ], [ 318972.811024, 6399606.298827999271452 ], [ 318973.536063999985345, 6399603.168879998847842 ], [ 318972.322990000015125, 6399600.035755999386311 ], [ 318969.413937999983318, 6399598.466811999678612 ], [ 318951.281098, 6399594.880313999019563 ] ] ] ] } },
{ "type": "Feature", "properties": { "B_ID": 128334.0 }, "geometry": { "type": "MultiPolygon", "coordinates": [ [ [ [ 319305.964852, 6399924.486387999728322 ], [ 319311.572967999964021, 6399899.344377999193966 ], [ 319315.489894, 6399900.282091999426484 ], [ 319321.240966000012122, 6399873.453625999391079 ], [ 319304.912859999982174, 6399869.343881999142468 ], [ 319298.977107999962755, 6399896.277155999094248 ], [ 319291.496883999963757, 6399894.450955999083817 ], [ 319285.99307799997041, 6399919.558029999025166 ], [ 319305.964852, 6399924.486387999728322 ] ] ] ] } },
{ "type": "Feature", "properties": { "B_ID": 129174.0 }, "geometry": { "type": "MultiPolygon", "coordinates": [ [ [ [ 318961.199098000011873, 6399776.057615999132395 ], [ 319001.899833999981638, 6399786.254957999102771 ], [ 319004.110863999987487, 6399784.928183998912573 ], [ 319011.106131999986246, 6399756.954769999720156 ], [ 318969.402994, 6399746.917815999127924 ], [ 318967.994979999959469, 6399751.96289199963212 ], [ 318961.199098000011873, 6399776.057615999132395 ] ], [ [ 318990.129903999972157, 6399772.002657999284565 ], [ 318993.418918000010308, 6399758.911185999400914 ], [ 318997.12996, 6399759.844135999679565 ], [ 318999.06499599997187, 6399758.865927998907864 ], [ 318998.177847999962978, 6399762.392081999219954 ], [ 318997.127907999965828, 6399767.201339999213815 ], [ 318996.728109999967273, 6399768.794897999614477 ], [ 318997.23085, 6399768.920349999330938 ], [ 318997.018126, 6399769.765165999531746 ], [ 319000.29004, 6399770.433713999576867 ], [ 318999.310894, 6399774.310021999292076 ], [ 318990.129903999972157, 6399772.002657999284565 ] ] ] ] } },
{ "type": "Feature", "properties": { "B_ID": 130729.0 }, "geometry": { "type": "MultiPolygon", "coordinates": [ [ [ [ 319111.600096, 6399910.323015999048948 ], [ 319126.298913999984507, 6399913.765799999237061 ], [ 319120.768089999968652, 6399938.664051999337971 ], [ 319146.201945999986492, 6399945.306655999273062 ], [ 319152.227986000012606, 6399919.842281999066472 ], [ 319141.505943999974988, 6399917.333241999149323 ], [ 319146.580881999980193, 6399892.720035999082029 ], [ 319090.946032, 6399879.525343999266624 ], [ 319086.361863999976777, 6399898.741731999441981 ], [ 319097.655045999970753, 6399901.71605599950999 ], [ 319100.262111999967601, 6399891.859339999035001 ], [ 319107.297052, 6399893.6760119991377 ], [ 319108.643847999977879, 6399895.35293999966234 ], [ 319106.382885999977589, 6399904.010715999640524 ], [ 319112.800858, 6399905.73131399974227 ], [ 319111.600096, 6399910.323015999048948 ] ], [ [ 319120.852905999985524, 6399898.090651999227703 ], [ 319122.370018000015989, 6399898.4376299995929 ], [ 319122.2041479999898, 6399899.163345999084413 ], [ 319123.182952, 6399900.684649999253452 ], [ 319125.012993999989703, 6399901.056241999380291 ], [ 319126.322853999969084, 6399900.229687999002635 ], [ 319126.477095999987796, 6399899.557963998988271 ], [ 319129.08895, 6399900.155051999725401 ], [ 319127.192901999980677, 6399908.70087399892509 ], [ 319118.854942, 6399906.806389999575913 ], [ 319120.852905999985524, 6399898.090651999227703 ] ], [ [ 319132.742877999960911, 6399911.002679998986423 ], [ 319134.395079999987502, 6399903.851121999323368 ], [ 319133.659095999959391, 6399901.74781599920243 ], [ 319138.976854, 6399903.29373399913311 ], [ 319137.318153999978676, 6399912.0729919988662 ], [ 319132.742877999960911, 6399911.002679998986423 ] ], [ [ 319129.646068, 6399929.395689999684691 ], [ 319131.648135999974329, 6399920.764909999445081 ], [ 319144.481001999985892, 6399923.774169999174774 ], [ 319142.476881999988109, 6399932.362073998898268 ], [ 319129.646068, 6399929.395689999684691 ] ] ] ] } },
{ "type": "Feature", "properties": { "B_ID": 130660.0 }, "geometry": { "type": "MultiPolygon", "coordinates": [ [ [ [ 319416.103899999987334, 6399919.484187999740243 ], [ 319444.038117999967653, 6399926.330849999561906 ], [ 319442.932089999958407, 6399931.208391998894513 ], [ 319456.623033999989275, 6399933.965953999198973 ], [ 319463.109063999960199, 6399908.353895999491215 ], [ 319421.169945999979973, 6399898.000929999165237 ], [ 319416.103899999987334, 6399919.484187999740243 ] ] ] ] } },
{ "type": "Feature", "properties": { "B_ID": 131733.0 }, "geometry": { "type": "MultiPolygon", "coordinates": [ [ [ [ 319213.228131999960169, 6400337.093251999467611 ], [ 319233.459142, 6400342.013669999316335 ], [ 319233.449908, 6400341.901715999469161 ], [ 319235.756013999984134, 6400330.665027999319136 ], [ 319212.551998, 6400325.295205999165773 ], [ 319212.38989, 6400325.222157998941839 ], [ 319212.593038, 6400324.255859998986125 ], [ 319211.195967999985442, 6400323.267329999245703 ], [ 319215.5209, 6400304.178775999695063 ], [ 319204.861102, 6400301.060737999156117 ], [ 319204.504053999960888, 6400302.586805999279022 ], [ 319203.971901999961119, 6400302.932195999659598 ], [ 319203.595018, 6400303.504669999703765 ], [ 319203.453088, 6400303.986627999693155 ], [ 319203.558082, 6400304.702021999284625 ], [ 319203.886059999989811, 6400305.210181999020278 ], [ 319202.167851999984123, 6400312.540389999747276 ], [ 319201.863130000012461, 6400312.83099399972707 ], [ 319201.48111599998083, 6400313.247843999415636 ], [ 319201.261894, 6400313.814759999513626 ], [ 319201.365861999976914, 6400314.450753998942673 ], [ 319201.552936, 6400315.140739999711514 ], [ 319197.690046, 6400331.596389999613166 ], [ 319199.049837999977171, 6400333.864847999066114 ], [ 319209.074884, 6400336.146803999319673 ], [ 319209.295132, 6400336.600971999578178 ], [ 319209.705873999977484, 6400336.904279999434948 ], [ 319210.193908000015654, 6400337.125011999160051 ], [ 319210.756839999987278, 6400337.183767999522388 ], [ 319211.31088, 6400337.085311999544501 ], [ 319211.88886, 6400336.78914999961853 ], [ 319213.228131999960169, 6400337.093251999467611 ] ] ] ] } },
{ "type": "Feature", "properties": { "B_ID": 131902.0 }, "geometry": { "type": "MultiPolygon", "coordinates": [ [ [ [ 319265.317126, 6399800.308757998980582 ], [ 319262.167989999987185, 6399813.177115999162197 ], [ 319285.244098, 6399818.63189599942416 ], [ 319289.082021999987774, 6399804.192211999557912 ], [ 319267.457019999972545, 6399798.908935999497771 ], [ 319265.317126, 6399800.308757998980582 ] ] ] ] } },
{ "type": "Feature", "properties": { "B_ID": 132391.0 }, "geometry": { "type": "MultiPolygon", "coordinates": [ [ [ [ 318776.572108, 6399758.167207999154925 ], [ 318776.387086, 6399751.373743999749422 ], [ 318784.053015999961644, 6399749.418915999121964 ], [ 318780.554014, 6399737.488271999172866 ], [ 318763.792935999983456, 6399742.086325999349356 ], [ 318764.224882, 6399758.457017999142408 ], [ 318776.572108, 6399758.167207999154925 ] ] ] ] } },
{ "type": "Feature", "properties": { "B_ID": 132311.0 }, "geometry": { "type": "MultiPolygon", "coordinates": [ [ [ [ 318855.603861999989022, 6399589.765365999191999 ], [ 318855.663027999980841, 6399581.097267999313772 ], [ 318854.537163999979384, 6399581.109971999190748 ], [ 318854.38087, 6399576.040281998924911 ], [ 318854.538873999961652, 6399571.709805998951197 ], [ 318855.420891999965534, 6399569.542979999445379 ], [ 318855.486898, 6399563.688023999333382 ], [ 318852.722169999964535, 6399559.611627999693155 ], [ 318831.82391799998004, 6399562.003949998877943 ], [ 318829.71583, 6399566.768743999302387 ], [ 318822.912082, 6399567.481755998916924 ], [ 318824.394993999972939, 6399579.773669999092817 ], [ 318824.480151999974623, 6399580.332645999267697 ], [ 318834.847881999972742, 6399580.227043999359012 ], [ 318835.867042, 6399580.392989999614656 ], [ 318836.605078, 6399580.129381999373436 ], [ 318837.281895999971312, 6399579.611693999730051 ], [ 318837.484017999959178, 6399578.900269999168813 ], [ 318837.43511199997738, 6399578.620781999081373 ], [ 318838.940937999985181, 6399578.171377999708056 ], [ 318839.37390999996569, 6399577.386905998922884 ], [ 318840.699159999960102, 6399577.269393999129534 ], [ 318841.394104, 6399577.802167999558151 ], [ 318841.438906, 6399584.767135999165475 ], [ 318841.558947999961674, 6399589.601801998913288 ], [ 318855.603861999989022, 6399589.765365999191999 ] ] ] ] } },
{ "type": "Feature", "properties": { "B_ID": 132387.0 }, "geometry": { "type": "MultiPolygon", "coordinates": [ [ [ [ 319070.59395399998175, 6399682.968261999078095 ], [ 319103.675956, 6399691.302085999399424 ], [ 319106.798074, 6399678.175677998922765 ], [ 319075.584075999970082, 6399664.033743998967111 ], [ 319070.59395399998175, 6399682.968261999078095 ] ] ] ] } },
{ "type": "Feature", "properties": { "B_ID": 133727.0 }, "geometry": { "type": "MultiPolygon", "coordinates": [ [ [ [ 318639.201994, 6399788.697301999665797 ], [ 318666.784977999981493, 6399819.282975999638438 ], [ 318680.619903999962844, 6399805.423705999739468 ], [ 318678.245056000014301, 6399763.39172799885273 ], [ 318678.16502799995942, 6399763.395697999745607 ], [ 318672.143091999983881, 6399763.795079999603331 ], [ 318661.612911999982316, 6399771.785895999521017 ], [ 318639.923956000013277, 6399788.152617999352515 ], [ 318639.201994, 6399788.697301999665797 ] ] ] ] } },
{ "type": "Feature", "properties": { "B_ID": 134490.0 }, "geometry": { "type": "MultiPolygon", "coordinates": [ [ [ [ 319190.409891999966931, 6400256.117955999448895 ], [ 319189.31788599997526, 6400260.901011999696493 ], [ 319186.01314, 6400260.145917999558151 ], [ 319185.528867999964859, 6400260.033169999718666 ], [ 319182.83596, 6400271.288913999684155 ], [ 319204.021834000013769, 6400276.430857999250293 ], [ 319207.838896, 6400260.153857999481261 ], [ 319190.409891999966931, 6400256.117955999448895 ] ] ] ] } },
{ "type": "Feature", "properties": { "B_ID": 135603.0 }, "geometry": { "type": "MultiPolygon", "coordinates": [ [ [ [ 318772.565919999964535, 6399488.211971999146044 ], [ 318811.832991999981459, 6399481.186659999191761 ], [ 318808.178038000012748, 6399460.761009999550879 ], [ 318768.911992, 6399467.786321999505162 ], [ 318772.565919999964535, 6399488.211971999146044 ] ] ] ] } },
{ "type": "Feature", "properties": { "B_ID": 122605.0 }, "geometry": { "type": "MultiPolygon", "coordinates": [ [ [ [ 318853.765954, 6399640.544841999188066 ], [ 318853.819989999989048, 6399621.913631998933852 ], [ 318841.062021999969147, 6399621.572211999446154 ], [ 318840.944031999970321, 6399625.300835999660194 ], [ 318840.489856, 6399626.029727999120951 ], [ 318840.270976, 6399626.676837999373674 ], [ 318840.291153999976814, 6399627.289011999033391 ], [ 318840.604084, 6399628.075071998871863 ], [ 318841.449166, 6399633.236071999184787 ], [ 318840.422139999980573, 6399634.092003999277949 ], [ 318838.589020000013988, 6399633.621161999180913 ], [ 318838.704957999987528, 6399633.183667999692261 ], [ 318832.809903999965172, 6399632.003783999010921 ], [ 318832.611885999969672, 6399631.454335999675095 ], [ 318830.25687400001334, 6399630.926325999200344 ], [ 318829.798935999977402, 6399631.236779998987913 ], [ 318829.42683999997098, 6399631.59090399928391 ], [ 318823.655931999965105, 6399630.485655999742448 ], [ 318823.443892000010237, 6399630.384023998863995 ], [ 318821.709952, 6399638.493145999498665 ], [ 318820.820068, 6399642.414711999706924 ], [ 318847.923910000012256, 6399648.522159999236465 ], [ 318849.442048, 6399650.886691999621689 ], [ 318852.737901999964379, 6399651.622729999013245 ], [ 318855.766995999962091, 6399649.274871999397874 ], [ 318855.835053999966476, 6399645.928161999210715 ], [ 318853.75603599997703, 6399643.83517799898982 ], [ 318853.765954, 6399640.544841999188066 ] ] ] ] } },
{ "type": "Feature", "properties": { "B_ID": 135682.0 }, "geometry": { "type": "MultiPolygon", "coordinates": [ [ [ [ 319027.558041999989655, 6399577.726737999357283 ], [ 319014.795969999977387, 6399574.462603999301791 ], [ 319014.55315, 6399575.417785999365151 ], [ 319014.338715999969281, 6399576.253867999650538 ], [ 319001.790051999967545, 6399573.045313999056816 ], [ 318997.167922, 6399591.118341999128461 ], [ 319013.093151999986731, 6399595.186003998853266 ], [ 319035.208923999976832, 6399600.843253999017179 ], [ 319039.825924, 6399582.771019998937845 ], [ 319027.094974, 6399579.515619999729097 ], [ 319027.558041999989655, 6399577.726737999357283 ] ] ] ] } },
{ "type": "Feature", "properties": { "B_ID": 135773.0 }, "geometry": { "type": "MultiPolygon", "coordinates": [ [ [ [ 319041.182979999983218, 6400350.250625999644399 ], [ 319041.96787, 6400349.752787998877466 ], [ 319044.92617, 6400354.038799999281764 ], [ 319068.287163999979384, 6400337.8372299997136 ], [ 319062.183147999981884, 6400328.394981998950243 ], [ 319039.129954, 6400344.264659998938441 ], [ 319038.876874, 6400343.958969999104738 ], [ 319037.476042, 6400344.886361999437213 ], [ 319037.809834000014234, 6400345.39769799914211 ], [ 319029.930154, 6400334.061759999021888 ], [ 319054.803130000014789, 6400316.766057998873293 ], [ 319052.573974, 6400313.547181999310851 ], [ 319057.123941999976523, 6400310.290193999186158 ], [ 319053.240874000010081, 6400304.763159999623895 ], [ 319048.699113999959081, 6400307.946305999532342 ], [ 319046.448069999984, 6400304.69805199932307 ], [ 319026.30085, 6400318.782023998908699 ], [ 319024.995094000012614, 6400316.861337998881936 ], [ 319020.224877999979071, 6400320.100857999175787 ], [ 319009.633137999975588, 6400304.867173999547958 ], [ 319000.759947999962606, 6400311.104043999686837 ], [ 319012.809975999989547, 6400328.206803998909891 ], [ 319013.120853999978863, 6400328.85073799919337 ], [ 319013.421129999973346, 6400329.485143999569118 ], [ 319021.009083999961149, 6400340.147769999690354 ], [ 319021.15306599996984, 6400340.04375599976629 ], [ 319032.627849999989849, 6400356.32710799947381 ], [ 319041.190162000013515, 6400350.260947999544442 ], [ 319041.182979999983218, 6400350.250625999644399 ] ] ] ] } },
{ "type": "Feature", "properties": { "B_ID": 137026.0 }, "geometry": { "type": "MultiPolygon", "coordinates": [ [ [ [ 318724.622991999960504, 6399736.49577199947089 ], [ 318731.662036, 6399735.303183998912573 ], [ 318734.288937999983318, 6399724.098255999386311 ], [ 318740.834134, 6399725.387711999006569 ], [ 318743.147079999966081, 6399733.122065999545157 ], [ 318754.182051999960095, 6399730.038169999606907 ], [ 318754.385883999988437, 6399717.16822399944067 ], [ 318729.392866, 6399711.657863999716938 ], [ 318724.724907999974675, 6399735.951087999157608 ], [ 318724.622991999960504, 6399736.49577199947089 ] ] ] ] } },
{ "type": "Feature", "properties": { "B_ID": 137006.0 }, "geometry": { "type": "MultiPolygon", "coordinates": [ [ [ [ 319266.546958, 6400418.437757999636233 ], [ 319264.675875999964774, 6400415.371329999528825 ], [ 319241.939031999965664, 6400410.147603998892009 ], [ 319235.74507, 6400446.48104399908334 ], [ 319254.66793, 6400448.228637998923659 ], [ 319255.235991999972612, 6400448.447781999595463 ], [ 319256.612884, 6400448.717741999775171 ], [ 319257.732933999970555, 6400448.682805999182165 ], [ 319258.685062, 6400448.324711998924613 ], [ 319259.627955999982078, 6400447.813375999219716 ], [ 319260.320163999975193, 6400446.823257999494672 ], [ 319260.687129999976605, 6400445.846637999638915 ], [ 319260.793834000010975, 6400444.318981999531388 ], [ 319260.768868000013754, 6400443.679017999209464 ], [ 319266.546958, 6400418.437757999636233 ] ], [ [ 319256.366985999979079, 6400421.122271999716759 ], [ 319255.745913999970071, 6400423.948911999352276 ], [ 319254.533866000012495, 6400423.751205999404192 ], [ 319253.18501799996011, 6400424.280009998939931 ], [ 319252.018113999976777, 6400425.285213999450207 ], [ 319251.42406, 6400426.588961998932064 ], [ 319251.391911999962758, 6400428.033247998915613 ], [ 319251.836854, 6400429.306029999628663 ], [ 319252.506148000014946, 6400430.085737999528646 ], [ 319253.158, 6400430.380311999469995 ], [ 319252.756149999971967, 6400432.640035999007523 ], [ 319244.009841999970376, 6400430.378723999485373 ], [ 319243.661001999978907, 6400429.591869999654591 ], [ 319245.825862, 6400419.628757999278605 ], [ 319247.226009999983944, 6400419.033257999457419 ], [ 319256.366985999979079, 6400421.122271999716759 ] ] ] ] } },
{ "type": "Feature", "properties": { "B_ID": 138039.0 }, "geometry": { "type": "MultiPolygon", "coordinates": [ [ [ [ 319364.265933999966364, 6399997.967911999672651 ], [ 319366.709866, 6399987.703873999416828 ], [ 319350.700161999964621, 6399983.873617999255657 ], [ 319350.755908, 6399983.629859999753535 ], [ 319340.027025999967009, 6399980.990603999234736 ], [ 319343.296887999982573, 6399967.172621998935938 ], [ 319329.846028, 6399963.45987799949944 ], [ 319325.869935999973677, 6399962.356217999011278 ], [ 319319.630829999980051, 6399987.212387999519706 ], [ 319364.265933999966364, 6399997.967911999672651 ] ], [ [ 319329.855945999966934, 6399968.955945999361575 ], [ 319337.57386, 6399970.932211998850107 ], [ 319334.7831400000141, 6399981.840977999381721 ], [ 319327.063857999979518, 6399979.867093998938799 ], [ 319329.855945999966934, 6399968.955945999361575 ] ] ] ] } },
{ "type": "Feature", "properties": { "B_ID": 137956.0 }, "geometry": { "type": "MultiPolygon", "coordinates": [ [ [ [ 319270.436866, 6399982.480941999703646 ], [ 319249.116928, 6399977.354083999060094 ], [ 319249.149075999972411, 6399977.162729999050498 ], [ 319248.999963999958709, 6399977.11667799949646 ], [ 319246.434964000014588, 6399988.347807999700308 ], [ 319246.882983999967109, 6399988.451027999632061 ], [ 319248.81802, 6399979.945699999108911 ], [ 319251.499984, 6399980.587251999415457 ], [ 319242.383974, 6400018.722277998924255 ], [ 319237.205068000010215, 6400017.483637999743223 ], [ 319237.838110000011511, 6400014.838029999285936 ], [ 319232.772063999960665, 6400032.830069999210536 ], [ 319255.393996, 6400038.134783999063075 ], [ 319255.59304, 6400037.477351998910308 ], [ 319270.436866, 6399982.480941999703646 ] ] ] ] } },
{ "type": "Feature", "properties": { "B_ID": 139219.0 }, "geometry": { "type": "MultiPolygon", "coordinates": [ [ [ [ 319170.581073999986984, 6399732.590879999101162 ], [ 319165.384042, 6399754.090811999514699 ], [ 319162.632993999985047, 6399765.401341998949647 ], [ 319174.425154, 6399768.216071999631822 ], [ 319176.886869999987539, 6399758.571353998966515 ], [ 319177.46895399998175, 6399756.341801999136806 ], [ 319187.35891, 6399716.914937999099493 ], [ 319175.841033999982756, 6399711.418869999237359 ], [ 319173.51304, 6399720.896053999662399 ], [ 319170.581073999986984, 6399732.590879999101162 ] ] ] ] } },
{ "type": "Feature", "properties": { "B_ID": 138913.0 }, "geometry": { "type": "MultiPolygon", "coordinates": [ [ [ [ 318873.421036000014283, 6399689.121761999092996 ], [ 318864.376845999970101, 6399727.536275999620557 ], [ 318924.694017999980133, 6399741.824305999092758 ], [ 318941.350102, 6399671.3433079989627 ], [ 318939.732099999964703, 6399668.747721998952329 ], [ 318930.574023999972269, 6399666.643621999770403 ], [ 318923.24701599997934, 6399669.828355999663472 ], [ 318922.079085999983363, 6399667.142253999598324 ], [ 318873.421036000014283, 6399689.121761999092996 ] ], [ [ 318900.56694399996195, 6399691.364811999723315 ], [ 318917.71995399997104, 6399683.705093999393284 ], [ 318918.757923999975901, 6399685.089829999022186 ], [ 318910.756834, 6399718.675235999748111 ], [ 318893.950954, 6399715.36663799919188 ], [ 318900.56694399996195, 6399691.364811999723315 ] ] ] ] } },
{ "type": "Feature", "properties": { "B_ID": 140228.0 }, "geometry": { "type": "MultiPolygon", "coordinates": [ [ [ [ 318978.017973999958485, 6399968.882103999145329 ], [ 318977.870913999970071, 6399969.32515599951148 ], [ 318993.58684, 6399973.366615999490023 ], [ 318998.228122, 6399955.796189999207854 ], [ 319000.549959999974817, 6399946.876393998973072 ], [ 319000.302009999984875, 6399946.73426799941808 ], [ 318984.619941999961156, 6399942.722979999147356 ], [ 318982.786137999966741, 6399949.463245999068022 ], [ 318980.979010000010021, 6399956.656885999254882 ], [ 318978.017973999958485, 6399968.882103999145329 ] ] ] ] } },
{ "type": "Feature", "properties": { "B_ID": 140321.0 }, "geometry": { "type": "MultiPolygon", "coordinates": [ [ [ [ 318747.659086, 6399642.582245999015868 ], [ 318744.257896, 6399657.826251999475062 ], [ 318745.275004, 6399658.050159999169409 ], [ 318745.347166, 6399657.503887998871505 ], [ 318749.753151999961119, 6399658.470185999758542 ], [ 318748.867029999964871, 6399662.329025999642909 ], [ 318764.73001599998679, 6399665.890115999616683 ], [ 318768.582988, 6399650.053785999305546 ], [ 318766.632904, 6399646.758685999549925 ], [ 318747.659086, 6399642.582245999015868 ] ] ] ] } },
{ "type": "Feature", "properties": { "B_ID": 141487.0 }, "geometry": { "type": "MultiPolygon", "coordinates": [ [ [ [ 319210.706908, 6400284.227937999181449 ], [ 319208.366944, 6400285.672223999164999 ], [ 319204.937026, 6400301.071853999048471 ], [ 319214.865969999984372, 6400303.724607999436557 ], [ 319216.450114, 6400296.877945999614894 ], [ 319219.027084, 6400297.4893259992823 ], [ 319219.37216199998511, 6400298.20471999887377 ], [ 319219.952877999981865, 6400298.665239999070764 ], [ 319220.678943999984767, 6400298.955049999058247 ], [ 319221.389962000015657, 6400298.770841998979449 ], [ 319222.305154, 6400298.275385999120772 ], [ 319227.733036, 6400299.571193999610841 ], [ 319229.905077999981586, 6400289.188055999577045 ], [ 319210.706908, 6400284.227937999181449 ] ] ] ] } },
{ "type": "Feature", "properties": { "B_ID": 143259.0 }, "geometry": { "type": "MultiPolygon", "coordinates": [ [ [ [ 318910.099852000013925, 6399828.59262599889189 ], [ 318906.703107999986969, 6399886.563359999097884 ], [ 318922.558911999978591, 6399890.348357999697328 ], [ 318924.441964, 6399890.73900599963963 ], [ 318927.881116, 6399833.794913999736309 ], [ 318925.823985999973956, 6399833.139863999560475 ], [ 318910.099852000013925, 6399828.59262599889189 ] ] ] ] } },
{ "type": "Feature", "properties": { "B_ID": 143487.0 }, "geometry": { "type": "MultiPolygon", "coordinates": [ [ [ [ 318585.388977999973577, 6399845.380167999304831 ], [ 318602.040958, 6399861.503131999634206 ], [ 318616.79689, 6399847.015807999297976 ], [ 318612.12688, 6399841.51021199952811 ], [ 318604.668886, 6399832.298223999328911 ], [ 318600.32788, 6399826.76721999887377 ], [ 318597.687982, 6399823.136257999576628 ], [ 318578.465871999971569, 6399838.011847998946905 ], [ 318581.86603599996306, 6399841.657895999029279 ], [ 318585.388977999973577, 6399845.380167999304831 ] ] ] ] } },
{ "type": "Feature", "properties": { "B_ID": 145193.0 }, "geometry": { "type": "MultiPolygon", "coordinates": [ [ [ [ 319163.78485, 6399949.382257998920977 ], [ 319187.057949999987613, 6399955.172105999663472 ], [ 319193.301159999973606, 6399929.80698199942708 ], [ 319178.038041999971028, 6399925.922733998857439 ], [ 319170.134079999988899, 6399923.791637999005616 ], [ 319163.78485, 6399949.382257998920977 ] ], [ [ 319177.591047999972943, 6399943.47966199927032 ], [ 319178.028124, 6399942.977059999480844 ], [ 319178.261025999963749, 6399942.267223998904228 ], [ 319178.333871999988332, 6399941.276311999186873 ], [ 319178.05309, 6399940.669695999473333 ], [ 319174.431993999984115, 6399939.751831999048591 ], [ 319176.451845999981742, 6399931.792775999754667 ], [ 319183.720029999967664, 6399933.637237999588251 ], [ 319181.001129999989644, 6399944.345121999271214 ], [ 319177.591047999972943, 6399943.47966199927032 ] ] ] ] } },
{ "type": "Feature", "properties": { "B_ID": 144270.0 }, "geometry": { "type": "MultiPolygon", "coordinates": [ [ [ [ 319076.482851999986451, 6400241.725117999128997 ], [ 319122.508869999961462, 6400253.076141999103129 ], [ 319126.115943999961019, 6400238.444309999234974 ], [ 319080.096082, 6400227.091697999276221 ], [ 319076.482851999986451, 6400241.725117999128997 ] ] ] ] } },
{ "type": "Feature", "properties": { "B_ID": 145102.0 }, "geometry": { "type": "MultiPolygon", "coordinates": [ [ [ [ 319495.366162, 6399977.647069999016821 ], [ 319457.195883999986108, 6399968.304071999154985 ], [ 319457.405871999973897, 6399967.75700599886477 ], [ 319407.835023999970872, 6399956.128081999719143 ], [ 319399.79904999997234, 6399990.915603999048471 ], [ 319396.35203199996613, 6400005.264771998859942 ], [ 319483.121877999976277, 6400026.049309999682009 ], [ 319493.048085999966133, 6399985.825269998982549 ], [ 319495.366162, 6399977.647069999016821 ] ] ] ] } },
{ "type": "Feature", "properties": { "B_ID": 146424.0 }, "geometry": { "type": "MultiPolygon", "coordinates": [ [ [ [ 319286.701017999963369, 6399828.086053999140859 ], [ 319280.173948000010569, 6399854.341251999139786 ], [ 319313.040831999969669, 6399862.202645999379456 ], [ 319319.100045999977738, 6399836.172149999067187 ], [ 319328.96401, 6399838.557325999252498 ], [ 319336.545124, 6399840.386701999232173 ], [ 319342.313979999977164, 6399817.263039999641478 ], [ 319289.082021999987774, 6399804.192211999557912 ], [ 319285.244098, 6399818.63189599942416 ], [ 319286.299168, 6399818.874859998933971 ], [ 319284.181845999963116, 6399827.433385998941958 ], [ 319286.701017999963369, 6399828.086053999140859 ] ] ] ] } },
{ "type": "Feature", "properties": { "B_ID": 146752.0 }, "geometry": { "type": "MultiPolygon", "coordinates": [ [ [ [ 318639.797074, 6399752.356715999543667 ], [ 318622.066084, 6399765.769757999107242 ], [ 318630.961846, 6399776.91592999920249 ], [ 318641.195854, 6399769.171253999695182 ], [ 318636.104157999972813, 6399762.431781999766827 ], [ 318642.6209679999738, 6399757.536771999672055 ], [ 318647.741050000011455, 6399764.211929999291897 ], [ 318652.888833999983035, 6399760.380879999138415 ], [ 318648.447964, 6399753.80417799949646 ], [ 318644.648002, 6399748.5828339997679 ], [ 318639.797074, 6399752.356715999543667 ] ] ] ] } },
{ "type": "Feature", "properties": { "B_ID": 148850.0 }, "geometry": { "type": "MultiPolygon", "coordinates": [ [ [ [ 319228.890022, 6399950.451775999739766 ], [ 319240.251945999974851, 6399953.187105999328196 ], [ 319241.589165999961551, 6399947.641015999019146 ], [ 319256.237025999987964, 6399951.226719999685884 ], [ 319255.069096, 6399956.001041999086738 ], [ 319245.77387799997814, 6399953.164079999551177 ], [ 319245.448977999971248, 6399954.458299999125302 ], [ 319250.128906, 6399955.576251999475062 ], [ 319246.732846, 6399969.734065999276936 ], [ 319257.416925999976229, 6399972.278835998848081 ], [ 319263.507945999968797, 6399947.113799999468029 ], [ 319231.73614599998109, 6399939.212705999612808 ], [ 319228.890022, 6399950.451775999739766 ] ] ] ] } },
{ "type": "Feature", "properties": { "B_ID": 149091.0 }, "geometry": { "type": "MultiPolygon", "coordinates": [ [ [ [ 319058.360955999989528, 6400355.113875999115407 ], [ 319064.876056, 6400364.298867999576032 ], [ 319065.10895799996797, 6400364.148007999174297 ], [ 319075.692148, 6400356.724901999346912 ], [ 319075.963011999963783, 6400357.207653999328613 ], [ 319076.348103999975137, 6400357.687229999341071 ], [ 319077.12205, 6400357.950837999582291 ], [ 319077.58717000001343, 6400358.174745999276638 ], [ 319079.677131999982521, 6400361.072051999159157 ], [ 319088.541088, 6400354.958251999691129 ], [ 319079.78588799998397, 6400342.740973999723792 ], [ 319077.138124, 6400342.213757999241352 ], [ 319058.360955999989528, 6400355.113875999115407 ] ] ] ] } },
{ "type": "Feature", "properties": { "B_ID": 150252.0 }, "geometry": { "type": "MultiPolygon", "coordinates": [ [ [ [ 319073.307039999985136, 6400192.362931999377906 ], [ 319065.092883999983314, 6400223.321785999462008 ], [ 319073.342949999962002, 6400225.510049999691546 ], [ 319078.502020000014454, 6400206.06260799895972 ], [ 319086.686080000014044, 6400208.234197999350727 ], [ 319089.739114, 6400196.722785999067128 ], [ 319073.307039999985136, 6400192.362931999377906 ] ] ] ] } },
{ "type": "Feature", "properties": { "B_ID": 149933.0 }, "geometry": { "type": "MultiPolygon", "coordinates": [ [ [ [ 318935.179054, 6399940.800705999135971 ], [ 318936.897945999982767, 6399943.406613999046385 ], [ 318962.41696, 6399951.596723998896778 ], [ 318972.527163999970071, 6399911.433027999475598 ], [ 318970.804168, 6399908.762011999264359 ], [ 318940.18695999996271, 6399901.200749998912215 ], [ 318935.179054, 6399940.800705999135971 ] ] ] ] } },
{ "type": "Feature", "properties": { "B_ID": 150017.0 }, "geometry": { "type": "MultiPolygon", "coordinates": [ [ [ [ 318688.47906400001375, 6399649.007293999195099 ], [ 318703.57391799998004, 6399653.054311999119818 ], [ 318704.057164, 6399653.158325999043882 ], [ 318704.894037999969441, 6399649.778267999179661 ], [ 318704.421051999961492, 6399648.087047999724746 ], [ 318706.815052, 6399646.529219998978078 ], [ 318707.232976, 6399647.222381999716163 ], [ 318711.202912, 6399648.040995999239385 ], [ 318714.866073999961372, 6399632.859715999104083 ], [ 318706.338988, 6399630.842955999076366 ], [ 318690.364168, 6399640.902935999445617 ], [ 318688.47906400001375, 6399649.007293999195099 ] ] ] ] } },
{ "type": "Feature", "properties": { "B_ID": 149811.0 }, "geometry": { "type": "MultiPolygon", "coordinates": [ [ [ [ 319229.079831999959424, 6400163.579637999646366 ], [ 319233.909898000012618, 6400143.192893999628723 ], [ 319233.718035999976564, 6400142.241681999526918 ], [ 319235.329882, 6400142.579131999053061 ], [ 319237.95097, 6400131.54014999885112 ], [ 319238.59016799996607, 6400131.514741999097168 ], [ 319241.492037999967579, 6400119.27205599937588 ], [ 319240.928079999983311, 6400119.129929998889565 ], [ 319243.474953999975696, 6400108.170347998850048 ], [ 319201.096023999969475, 6400098.322365999221802 ], [ 319194.589132, 6400125.319953999482095 ], [ 319195.720126, 6400125.600235999561846 ], [ 319194.266967999981716, 6400131.722769998945296 ], [ 319191.685894, 6400130.936709999106824 ], [ 319185.944055999978445, 6400152.797117999754846 ], [ 319229.079831999959424, 6400163.579637999646366 ] ], [ [ 319211.585847999958787, 6400111.988693999126554 ], [ 319228.980993999983184, 6400115.737167999148369 ], [ 319225.012083999987226, 6400131.640987999737263 ], [ 319207.71304, 6400127.509011999703944 ], [ 319211.585847999958787, 6400111.988693999126554 ] ] ] ] } },
{ "type": "Feature", "properties": { "B_ID": 140036.0 }, "geometry": { "type": "MultiPolygon", "coordinates": [ [ [ [ 319505.481153999979142, 6400229.82623399887234 ], [ 319517.280838, 6400177.009353999048471 ], [ 319479.484024, 6400167.740991999395192 ], [ 319461.140854, 6400163.181843999773264 ], [ 319460.460957999981474, 6400165.447919999249279 ], [ 319449.931119999964722, 6400163.142937999218702 ], [ 319450.524148, 6400160.680743998847902 ], [ 319396.310991999984253, 6400146.973127999342978 ], [ 319388.368041999987327, 6400180.194881998933852 ], [ 319380.938091999967583, 6400178.356771999038756 ], [ 319376.203102, 6400198.078937998972833 ], [ 319378.784860000014305, 6400198.709373999387026 ], [ 319423.694932000013068, 6400209.635607999749482 ], [ 319423.977082, 6400208.507333999499679 ], [ 319435.892019999970216, 6400211.442751999013126 ], [ 319435.659118000010494, 6400212.772701999172568 ], [ 319450.035088, 6400216.259949998930097 ], [ 319450.300138, 6400214.967317999340594 ], [ 319457.821059999987483, 6400216.629953999072313 ], [ 319457.474956, 6400218.166343999095261 ], [ 319466.415861999965273, 6400220.407805999740958 ], [ 319495.222864000010304, 6400227.3251339988783 ], [ 319505.481153999979142, 6400229.82623399887234 ] ] ] ] } },
{ "type": "Feature", "properties": { "B_ID": 150543.0 }, "geometry": { "type": "MultiPolygon", "coordinates": [ [ [ [ 319312.899928, 6399718.679205999709666 ], [ 319312.742949999985285, 6399718.583131999708712 ], [ 319312.515862, 6399718.470383998937905 ], [ 319312.208062, 6399718.356841999106109 ], [ 319311.961138000013307, 6399718.297291999682784 ], [ 319311.70908399997279, 6399718.260767999105155 ], [ 319311.454977999965195, 6399718.249651999212801 ], [ 319311.094852, 6399718.209951999597251 ], [ 319310.660854000016116, 6399718.202011999674141 ], [ 319310.228908, 6399718.235359999351203 ], [ 319309.80209199996898, 6399718.310789999552071 ], [ 319309.384167999960482, 6399718.429095999337733 ], [ 319308.953931999974884, 6399718.599011999554932 ], [ 319308.568839999963529, 6399718.798305999487638 ], [ 319308.31404999998631, 6399718.962663999758661 ], [ 319308.119109999970533, 6399719.106377999298275 ], [ 319307.859874000016134, 6399719.330285998992622 ], [ 319307.666985999967437, 6399719.521639999002218 ], [ 319307.463154, 6399719.764603999443352 ], [ 319307.268898, 6399720.028211999684572 ], [ 319307.046939999971073, 6399720.390275998972356 ], [ 319303.707994, 6399727.249641999602318 ], [ 319304.296917999978177, 6399727.556125999428332 ], [ 319298.13920799997868, 6399740.772255999036133 ], [ 319297.495905999967363, 6399740.522145999595523 ], [ 319294.357030000013765, 6399747.263999999500811 ], [ 319294.212022, 6399747.672115999273956 ], [ 319294.107028, 6399748.092935998924077 ], [ 319294.0441, 6399748.52169599942863 ], [ 319294.022896, 6399748.955219998955727 ], [ 319294.045126000011805, 6399749.387949999421835 ], [ 319294.099162, 6399749.768275999464095 ], [ 319294.201078000012785, 6399750.189889999106526 ], [ 319294.343008, 6399750.600387998856604 ], [ 319294.524952, 6399750.994211999699473 ], [ 319294.643967999960296, 6399751.226853999309242 ], [ 319294.860111999965739, 6399751.57462599966675 ], [ 319295.109087999968324, 6399751.900165999308228 ], [ 319295.388159999973141, 6399752.197915999218822 ], [ 319295.695959999982733, 6399752.46787599939853 ], [ 319295.993841999967117, 6399752.684637999162078 ], [ 319296.347128, 6399752.892665999010205 ], [ 319296.71683, 6399753.065757999196649 ], [ 319296.873808, 6399752.757685999386013 ], [ 319296.719907999970019, 6399753.416705999523401 ], [ 319296.787965999974404, 6399753.64934799913317 ], [ 319296.962043999985326, 6399753.824027999304235 ], [ 319297.24316800001543, 6399754.009029999375343 ], [ 319297.55815, 6399754.178151999600232 ], [ 319350.228886, 6399778.82708799932152 ], [ 319350.938878000015393, 6399779.188357999548316 ], [ 319351.438881999987643, 6399779.266169999726117 ], [ 319351.83184, 6399779.21535399928689 ], [ 319352.177944, 6399779.140717999078333 ], [ 319352.518917999987025, 6399778.95174599904567 ], [ 319352.813037999963854, 6399778.660347999073565 ], [ 319353.041835999989416, 6399778.368155999109149 ], [ 319354.370163999963552, 6399775.535163999535143 ], [ 319355.176942, 6399775.91310799960047 ], [ 319367.860011999960989, 6399748.85676399897784 ], [ 319367.11513599997852, 6399748.506609999574721 ], [ 319367.844963999988977, 6399747.025005999021232 ], [ 319368.394900000013877, 6399745.727609999477863 ], [ 319368.513915999967139, 6399745.155929999426007 ], [ 319368.51904599997215, 6399744.789895999245346 ], [ 319368.419866000011098, 6399744.430213999003172 ], [ 319368.287169999966864, 6399744.111819999292493 ], [ 319368.128139999986161, 6399743.864885998889804 ], [ 319367.7109, 6399743.562371999025345 ], [ 319314.710134, 6399718.645857999101281 ], [ 319314.21184, 6399718.417979999445379 ], [ 319313.807938000012655, 6399718.259179999120533 ], [ 319313.584953999961726, 6399718.216303999535739 ], [ 319313.406087999988813, 6399718.24091799929738 ], [ 319313.229958000010811, 6399718.316347999498248 ], [ 319313.076057999976911, 6399718.429889999330044 ], [ 319312.89513999997871, 6399718.689527999609709 ], [ 319312.899928, 6399718.679205999709666 ] ], [ [ 319312.71388, 6399719.130197999067605 ], [ 319311.259353999979794, 6399722.318107998929918 ], [ 319312.89513999997871, 6399718.689527999609709 ], [ 319312.71388, 6399719.130197999067605 ] ], [ [ 319298.022244, 6399749.114019999280572 ], [ 319298.019849999982398, 6399749.113225999288261 ], [ 319300.991145999985747, 6399742.776311999186873 ], [ 319307.672115999972448, 6399728.527187999337912 ], [ 319310.705998, 6399722.058469999581575 ], [ 319298.022244, 6399749.114019999280572 ] ] ] ] } },
{ "type": "Feature", "properties": { "B_ID": 152386.0 }, "geometry": { "type": "MultiPolygon", "coordinates": [ [ [ [ 319535.746102, 6399828.821297999471426 ], [ 319553.374149999988731, 6399829.269907998852432 ], [ 319553.485983999969903, 6399805.610295998863876 ], [ 319535.943093999987468, 6399805.48087399918586 ], [ 319535.746102, 6399828.821297999471426 ] ], [ [ 319546.92813399998704, 6399823.669031999073923 ], [ 319546.398034000012558, 6399824.147813999094069 ], [ 319546.394955999974627, 6399824.857649999670684 ], [ 319541.465026, 6399824.817949999123812 ], [ 319541.483152, 6399817.938733999617398 ], [ 319545.307053999975324, 6399817.960965999402106 ], [ 319546.703097999969032, 6399819.595017999410629 ], [ 319547.865897999959998, 6399819.601369999349117 ], [ 319547.85598, 6399821.446625999175012 ], [ 319549.421998, 6399822.358137999661267 ], [ 319549.415157999959774, 6399823.683323998935521 ], [ 319546.92813399998704, 6399823.669031999073923 ] ] ] ] } },
{ "type": "Feature", "properties": { "B_ID": 152453.0 }, "geometry": { "type": "MultiPolygon", "coordinates": [ [ [ [ 319083.137146, 6399996.595085998997092 ], [ 319096.731987999984995, 6400000.05771999899298 ], [ 319096.902988000016194, 6399999.556705999188125 ], [ 319103.016921999980696, 6400001.210607999004424 ], [ 319103.461864000011701, 6400000.745323998853564 ], [ 319106.919141999969725, 6399986.735193999484181 ], [ 319109.755006, 6399967.140067999251187 ], [ 319085.146054000011645, 6399960.668967999517918 ], [ 319082.002048, 6399973.6993019990623 ], [ 319077.258849999983795, 6399994.144801999442279 ], [ 319083.244875999982469, 6399996.233021999709308 ], [ 319083.137146, 6399996.595085998997092 ] ], [ [ 319093.559938, 6399986.382657999172807 ], [ 319096.97686, 6399971.305391998961568 ], [ 319104.36406, 6399973.319769999012351 ], [ 319101.021009999967646, 6399988.073877999559045 ], [ 319093.559938, 6399986.382657999172807 ] ] ] ] } },
{ "type": "Feature", "properties": { "B_ID": 153299.0 }, "geometry": { "type": "MultiPolygon", "coordinates": [ [ [ [ 318831.744916, 6399701.065903998911381 ], [ 318834.389944, 6399701.71777799911797 ], [ 318833.949106000014581, 6399702.157653999514878 ], [ 318833.709021999966353, 6399702.59514799900353 ], [ 318833.531865999975707, 6399703.227965999394655 ], [ 318833.519895999983419, 6399703.944947998970747 ], [ 318833.579061999975238, 6399704.457077999599278 ], [ 318833.759979999973439, 6399705.157385999336839 ], [ 318831.989103999978397, 6399704.777059999294579 ], [ 318831.102981999982148, 6399708.245251999236643 ], [ 318829.126905999961309, 6399707.751383999362588 ], [ 318828.89708199998131, 6399706.838283998891711 ], [ 318828.190851999970619, 6399706.061751998960972 ], [ 318827.623131999978796, 6399705.801319999620318 ], [ 318826.464094, 6399705.838637999258935 ], [ 318825.91108, 6399706.057781998999417 ], [ 318825.471952, 6399706.481777999550104 ], [ 318825.083097999973688, 6399706.940709999762475 ], [ 318823.375834, 6399706.520683999173343 ], [ 318820.592980000015814, 6399718.112289999611676 ], [ 318836.903986, 6399721.528871999122202 ], [ 318838.128004, 6399722.025121998973191 ], [ 318839.335947999963537, 6399722.033061998896301 ], [ 318840.40401399997063, 6399721.631297999061644 ], [ 318841.096906, 6399721.066763998940587 ], [ 318841.603065999981482, 6399720.333901999518275 ], [ 318841.888977999973577, 6399719.465265999548137 ], [ 318841.963875999965239, 6399718.561693998984993 ], [ 318847.801132, 6399694.413771999068558 ], [ 318847.612006000010297, 6399694.416947999037802 ], [ 318835.568134, 6399691.740373998880386 ], [ 318834.032895999960601, 6399691.488675999455154 ], [ 318833.05716999998549, 6399695.446765999309719 ], [ 318831.952851999958511, 6399695.299875998869538 ], [ 318831.25414599996293, 6399695.488847998902202 ], [ 318830.803047999972478, 6399695.76674799900502 ], [ 318830.43916, 6399696.319371999241412 ], [ 318830.230882, 6399696.888669999316335 ], [ 318830.243878, 6399697.534985999576747 ], [ 318830.448051999963354, 6399698.208297999575734 ], [ 318830.902911999961361, 6399698.529073999263346 ], [ 318832.231923999963328, 6399698.890343999490142 ], [ 318831.744916, 6399701.065903998911381 ] ] ] ] } },
{ "type": "Feature", "properties": { "B_ID": 153197.0 }, "geometry": { "type": "MultiPolygon", "coordinates": [ [ [ [ 318783.058137999963947, 6400018.133129999041557 ], [ 318781.396017999970354, 6400016.506223998963833 ], [ 318796.516864, 6400001.255071999505162 ], [ 318808.924965999962296, 6399989.526103999465704 ], [ 318778.276978, 6399959.393009999766946 ], [ 318773.931868000014219, 6399961.774215999059379 ], [ 318772.329939999966882, 6399960.333899999037385 ], [ 318737.306061999988742, 6399995.674839999526739 ], [ 318768.983128, 6400027.233957999385893 ], [ 318769.755022, 6400026.525709999725223 ], [ 318772.369954, 6400029.09668199904263 ], [ 318782.523934, 6400018.827879999764264 ], [ 318783.058137999963947, 6400018.133129999041557 ] ] ] ] } },
{ "type": "Feature", "properties": { "B_ID": 153600.0 }, "geometry": { "type": "MultiPolygon", "coordinates": [ [ [ [ 319548.877876000013202, 6399937.931983998976648 ], [ 319552.230844, 6399939.180151998996735 ], [ 319578.513885999971535, 6399927.610777999274433 ], [ 319563.146115999959875, 6399893.209139999002218 ], [ 319534.642125999962445, 6399906.067969999276102 ], [ 319548.877876000013202, 6399937.931983998976648 ] ], [ [ 319557.315016, 6399918.165353999473155 ], [ 319558.110165999969468, 6399917.808847999200225 ], [ 319558.202163999958429, 6399917.758825999684632 ], [ 319558.84102, 6399917.118861999362707 ], [ 319559.01714999997057, 6399916.521773999556899 ], [ 319559.582133999967482, 6399916.270075999200344 ], [ 319557.948058, 6399912.604971999302506 ], [ 319557.311937999969814, 6399912.890017999336123 ], [ 319557.003112, 6399912.569241999648511 ], [ 319556.62315, 6399912.543039998970926 ], [ 319555.124163999978919, 6399912.967829999513924 ], [ 319555.01301399996737, 6399913.017057999037206 ], [ 319552.597125999978743, 6399907.540045998990536 ], [ 319554.739071999967564, 6399906.611065999604762 ], [ 319555.778067999985069, 6399909.034353999421 ], [ 319560.61189599998761, 6399906.866733998991549 ], [ 319559.62591, 6399904.587159999646246 ], [ 319561.671069999982137, 6399903.615303999744356 ], [ 319568.780908000015188, 6399919.559617999009788 ], [ 319566.917007999960333, 6399920.378231999464333 ], [ 319566.322953999973834, 6399919.027637999504805 ], [ 319565.84005, 6399918.624285999685526 ], [ 319565.3711679999833, 6399918.324947998858988 ], [ 319564.748044, 6399918.220933998934925 ], [ 319564.182034, 6399918.2391959996894 ], [ 319563.17416, 6399918.477395999245346 ], [ 319561.898842, 6399919.252339999191463 ], [ 319561.488099999958649, 6399919.928827999159694 ], [ 319561.287003999983426, 6399920.503683999180794 ], [ 319561.358139999967534, 6399921.442191999405622 ], [ 319561.858144, 6399922.568083999678493 ], [ 319559.709015999978874, 6399923.535175999626517 ], [ 319557.315016, 6399918.165353999473155 ] ] ] ] } },
{ "type": "Feature", "properties": { "B_ID": 153657.0 }, "geometry": { "type": "MultiPolygon", "coordinates": [ [ [ [ 319335.613857999967877, 6399905.131843999028206 ], [ 319327.93117, 6399903.27785399928689 ], [ 319321.743022, 6399928.422245998866856 ], [ 319343.506875999970362, 6399933.762689999304712 ], [ 319348.449117999989539, 6399913.314013998955488 ], [ 319349.618074, 6399908.503167998977005 ], [ 319356.711153999960516, 6399910.207885999232531 ], [ 319358.041876, 6399904.328315999358892 ], [ 319362.749848, 6399883.508841998875141 ], [ 319341.583126000012271, 6399878.362927999347448 ], [ 319335.613857999967877, 6399905.131843999028206 ] ], [ [ 319331.508148, 6399909.563951998949051 ], [ 319340.685033999965526, 6399911.776829998940229 ], [ 319338.585838, 6399920.482245999388397 ], [ 319329.409977999981493, 6399918.269367999397218 ], [ 319331.508148, 6399909.563951998949051 ] ] ] ] } },
{ "type": "Feature", "properties": { "B_ID": 153749.0 }, "geometry": { "type": "MultiPolygon", "coordinates": [ [ [ [ 319261.459023999981582, 6399786.436783999204636 ], [ 319269.209085999988019, 6399754.773651999421418 ], [ 319233.30113799998071, 6399737.631985999643803 ], [ 319233.14005599997472, 6399737.975787999108434 ], [ 319230.545985999982804, 6399750.639293999411166 ], [ 319226.431042000011075, 6399767.625335999764502 ], [ 319223.833893999981228, 6399779.85928799957037 ], [ 319258.692928, 6399788.066071999259293 ], [ 319261.459023999981582, 6399786.436783999204636 ] ], [ [ 319241.671930000011344, 6399771.994717999361455 ], [ 319241.562831999966875, 6399772.370279999449849 ], [ 319238.259112, 6399771.465913998894393 ], [ 319230.768969999975525, 6399768.971959999762475 ], [ 319234.46599, 6399750.645645999349654 ], [ 319237.734141999972053, 6399751.304665999487042 ], [ 319237.004997999989428, 6399753.99076799955219 ], [ 319237.460884, 6399755.125393999740481 ], [ 319235.320989999978337, 6399765.626837999559939 ], [ 319240.327869999979157, 6399766.636011999100447 ], [ 319241.642859999963548, 6399760.184761999174953 ], [ 319248.432928, 6399761.552029998973012 ], [ 319248.048862, 6399763.451277999207377 ], [ 319247.624098, 6399763.364731999114156 ], [ 319245.561837999965064, 6399773.570013999007642 ], [ 319244.938029999961145, 6399773.384217998944223 ], [ 319245.025924000015948, 6399772.892731999047101 ], [ 319244.442129999981262, 6399772.247209999710321 ], [ 319243.960935999988578, 6399771.935961998999119 ], [ 319243.288905999972485, 6399771.843063998967409 ], [ 319242.657916, 6399771.79621799942106 ], [ 319241.671930000011344, 6399771.994717999361455 ] ], [ [ 319257.481906, 6399775.508167998865247 ], [ 319251.0629079999635, 6399773.955897998996079 ], [ 319254.67613799998071, 6399758.141005999408662 ], [ 319247.943868, 6399756.52362799923867 ], [ 319248.675064000010025, 6399753.530247999355197 ], [ 319257.835876, 6399756.681633999571204 ], [ 319254.416901999968104, 6399770.818803999572992 ], [ 319258.375894, 6399771.793835999444127 ], [ 319257.481906, 6399775.508167998865247 ] ] ] ] } },
{ "type": "Feature", "properties": { "B_ID": 153994.0 }, "geometry": { "type": "MultiPolygon", "coordinates": [ [ [ [ 318988.475991999963298, 6400270.2146319989115 ], [ 318992.413095999974757, 6400254.064671999774873 ], [ 318981.783051999984309, 6400251.743015998974442 ], [ 318981.456100000010338, 6400253.673229998908937 ], [ 318981.194128, 6400255.199297999031842 ], [ 318981.439000000013039, 6400255.250113999471068 ], [ 318981.366838000016287, 6400255.593121998943388 ], [ 318981.9349, 6400255.812265999615192 ], [ 318981.300148, 6400258.072783999145031 ], [ 318980.815875999978743, 6400257.929069999605417 ], [ 318976.233076, 6400259.297925999388099 ], [ 318974.35105, 6400253.777243999764323 ], [ 318976.48410399997374, 6400253.138867999427021 ], [ 318976.092856, 6400251.923253999091685 ], [ 318978.806967999960762, 6400251.13481199927628 ], [ 318976.170148, 6400242.5262639997527 ], [ 318973.50802, 6400243.255949999205768 ], [ 318973.319919999979902, 6400242.651715999469161 ], [ 318972.0168999999878, 6400243.059831999242306 ], [ 318972.21697, 6400243.698207999579608 ], [ 318971.273049999959767, 6400243.98722399957478 ], [ 318970.343151999986731, 6400240.872361999005079 ], [ 318972.701926, 6400240.145057999528944 ], [ 318971.70499599998584, 6400236.91030199918896 ], [ 318972.561021999979857, 6400235.631961999461055 ], [ 318975.710158, 6400236.55379599891603 ], [ 318978.217017999966629, 6400226.635941999033093 ], [ 318963.638925999985076, 6400223.167749999091029 ], [ 318963.682018, 6400222.935901999473572 ], [ 318958.703866, 6400221.687733999453485 ], [ 318958.585876, 6400221.933079998940229 ], [ 318958.479856, 6400221.874323999509215 ], [ 318958.398118000011891, 6400221.833035998977721 ], [ 318958.313985999964643, 6400221.797305999323726 ], [ 318958.227117999980692, 6400221.764751999638975 ], [ 318958.140933999966364, 6400221.737755998969078 ], [ 318958.052014000015333, 6400221.714729999192059 ], [ 318957.964119999960531, 6400221.697261999361217 ], [ 318957.871095999958925, 6400221.682969999499619 ], [ 318957.78115, 6400221.674235999584198 ], [ 318957.689152, 6400221.668677999638021 ], [ 318957.59783799998695, 6400221.668677999638021 ], [ 318957.50584, 6400221.672647999599576 ], [ 318957.414867999963462, 6400221.682175999507308 ], [ 318957.323895999987144, 6400221.695673999376595 ], [ 318957.233949999965262, 6400221.714729999192059 ], [ 318957.146055999968667, 6400221.737755998969078 ], [ 318957.058846, 6400221.764751999638975 ], [ 318956.887845999968704, 6400221.833035998977721 ], [ 318956.806107999989763, 6400221.874323999509215 ], [ 318956.64912999997614, 6400221.965633999556303 ], [ 318956.572863999987021, 6400222.01883199904114 ], [ 318956.501043999975082, 6400222.075205999426544 ], [ 318956.430934, 6400222.134755998849869 ], [ 318956.365953999978956, 6400222.196687999181449 ], [ 318956.303025999979582, 6400222.264177999459207 ], [ 318956.242833999975119, 6400222.334049999713898 ], [ 318956.187088, 6400222.406303999014199 ], [ 318956.13407799997367, 6400222.480939999222755 ], [ 318956.085855999961495, 6400222.558751999400556 ], [ 318956.041053999972064, 6400222.63894599955529 ], [ 318956.00104, 6400222.720727999694645 ], [ 318955.965129999967758, 6400222.804891998879611 ], [ 318955.932982, 6400222.890643998980522 ], [ 318955.905963999975938, 6400222.978777999058366 ], [ 318955.88305, 6400223.066911999136209 ], [ 318955.864924, 6400223.156633999198675 ], [ 318955.849875999963842, 6400223.247943999245763 ], [ 318955.840984, 6400223.337665999308228 ], [ 318955.83687999995891, 6400223.429769999347627 ], [ 318955.83687999995891, 6400223.521873999387026 ], [ 318955.840984, 6400223.613183999434114 ], [ 318955.849875999963842, 6400223.70369999948889 ], [ 318955.863897999981418, 6400223.795009999535978 ], [ 318955.88305, 6400223.883937999606133 ], [ 318955.905963999975938, 6400223.972865999676287 ], [ 318955.93400800001109, 6400224.060999999754131 ], [ 318955.966155999980401, 6400224.145957998931408 ], [ 318956.00104, 6400224.230121999047697 ], [ 318956.042079999984708, 6400224.312697999179363 ], [ 318956.085855999961495, 6400224.392097999341786 ], [ 318956.13407799997367, 6400224.469909999519587 ], [ 318956.186062, 6400224.545339999720454 ], [ 318956.242833999975119, 6400224.619181999005377 ], [ 318955.941874000011012, 6400224.746221999637783 ], [ 318957.480874, 6400229.641231999732554 ], [ 318957.629986000014469, 6400229.598355999216437 ], [ 318962.572912, 6400246.311261999420822 ], [ 318962.335906, 6400246.394631999544799 ], [ 318965.069169999973383, 6400255.47719799913466 ], [ 318965.222044, 6400255.443849999457598 ], [ 318970.150947999965865, 6400272.166283999569714 ], [ 318970.002861999964807, 6400272.228215998969972 ], [ 318971.542887999967206, 6400277.124019999057055 ], [ 318971.594871999986935, 6400277.151015999726951 ], [ 318971.577087999961805, 6400277.286789999343455 ], [ 318971.568879999977071, 6400277.38365799933672 ], [ 318971.56717, 6400277.482113999314606 ], [ 318971.568879999977071, 6400277.581363999284804 ], [ 318971.575036, 6400277.678231999278069 ], [ 318971.588032, 6400277.775893999263644 ], [ 318971.605132, 6400277.871967999264598 ], [ 318971.627020000014454, 6400277.968041999265552 ], [ 318971.653011999966111, 6400278.061733999289572 ], [ 318971.684133999980986, 6400278.156219999305904 ], [ 318971.761084, 6400278.335663999430835 ], [ 318971.806912, 6400278.422209999524057 ], [ 318971.856159999966621, 6400278.507167999632657 ], [ 318971.909853999968618, 6400278.588155998848379 ], [ 318971.966968, 6400278.668349999003112 ], [ 318972.028869999980088, 6400278.742985999211669 ], [ 318972.094875999959186, 6400278.816827999427915 ], [ 318972.163959999976214, 6400278.885905999690294 ], [ 318972.236121999972966, 6400278.951807999052107 ], [ 318972.312045999977272, 6400279.01532799936831 ], [ 318972.472101999970619, 6400279.127281999215484 ], [ 318972.55691799998749, 6400279.175715999677777 ], [ 318972.669094000011683, 6400279.23367799911648 ], [ 318972.822993999987375, 6400279.300373999401927 ], [ 318972.916017999988981, 6400279.332133999094367 ], [ 318973.011094000015873, 6400279.359129999764264 ], [ 318973.106169999984559, 6400279.382155999541283 ], [ 318973.201929999981076, 6400279.398829999379814 ], [ 318973.299057999975048, 6400279.412327999249101 ], [ 318973.39687, 6400279.418679999187589 ], [ 318973.495024, 6400279.421855999156833 ], [ 318973.592835999967065, 6400279.421061999164522 ], [ 318973.690989999973681, 6400279.413121999241412 ], [ 318973.789143999980297, 6400279.401211999356747 ], [ 318973.88387799996417, 6400279.383743999525905 ], [ 318973.97998, 6400279.362305999733508 ], [ 318974.074029999959748, 6400279.335309999063611 ], [ 318974.168079999973997, 6400279.304343999363482 ], [ 318974.258026, 6400279.267819999717176 ], [ 318974.347971999959555, 6400279.227325999177992 ], [ 318974.43484, 6400279.181273999623954 ], [ 318974.51794599997811, 6400279.13204599916935 ], [ 318974.601052000012714, 6400279.078847999684513 ], [ 318974.680054, 6400279.020091999322176 ], [ 318974.755978, 6400278.958953998982906 ], [ 318974.829166000010446, 6400278.893051999621093 ], [ 318974.897907999984454, 6400278.823973999358714 ], [ 318974.964939999976195, 6400278.750925999134779 ], [ 318978.658881999959704, 6400277.71872599888593 ], [ 318979.120923999988008, 6400279.000241999514401 ], [ 318984.018021999974735, 6400277.540075999684632 ], [ 318983.636008, 6400276.092613999731839 ], [ 318986.879878, 6400275.13822599966079 ], [ 318987.448966, 6400275.25494399946183 ], [ 318988.620999999984633, 6400270.260683999396861 ], [ 318988.475991999963298, 6400270.2146319989115 ] ] ] ] } },
{ "type": "Feature", "properties": { "B_ID": 153885.0 }, "geometry": { "type": "MultiPolygon", "coordinates": [ [ [ [ 319589.534151999978349, 6400253.412003999575973 ], [ 319627.378161999979056, 6400263.279041999019682 ], [ 319630.724974000011571, 6400251.869261999614537 ], [ 319631.446935999963898, 6400252.059821999631822 ], [ 319632.290991999965627, 6400251.573893999680877 ], [ 319633.035868, 6400248.253385999239981 ], [ 319632.600159999972675, 6400247.591189999133348 ], [ 319631.808088, 6400247.488763999193907 ], [ 319634.591968, 6400236.665749999694526 ], [ 319634.18909200001508, 6400235.707391999661922 ], [ 319597.076962, 6400221.620243999175727 ], [ 319597.265061999962199, 6400220.483235999010503 ], [ 319591.589914000011049, 6400219.531229998916388 ], [ 319584.50983, 6400248.324051999486983 ], [ 319590.413092, 6400249.785011999309063 ], [ 319589.534151999978349, 6400253.412003999575973 ] ], [ [ 319601.115981999959331, 6400235.890011999756098 ], [ 319618.463931999984197, 6400242.808927998878062 ], [ 319618.091152, 6400243.967373999767005 ], [ 319617.404073999961838, 6400244.870151999406517 ], [ 319617.117136000015307, 6400245.927759999409318 ], [ 319617.074044, 6400246.891675999388099 ], [ 319617.338067999982741, 6400247.683293999172747 ], [ 319617.68690799997421, 6400248.394717999733984 ], [ 319616.7210999999661, 6400250.595685998909175 ], [ 319598.815005999989808, 6400245.845977999269962 ], [ 319601.115981999959331, 6400235.890011999756098 ] ] ] ] } },
{ "type": "Feature", "properties": { "B_ID": 156097.0 }, "geometry": { "type": "MultiPolygon", "coordinates": [ [ [ [ 319157.469135999970604, 6399947.972113999538124 ], [ 319163.582043999980669, 6399922.363231998868287 ], [ 319152.227986000012606, 6399919.842281999066472 ], [ 319146.201945999986492, 6399945.306655999273062 ], [ 319157.469135999970604, 6399947.972113999538124 ] ] ] ] } },
{ "type": "Feature", "properties": { "B_ID": 156937.0 }, "geometry": { "type": "MultiPolygon", "coordinates": [ [ [ [ 319620.912994000012986, 6400022.285749998874962 ], [ 319623.098032, 6400021.309923999011517 ], [ 319624.258096, 6400023.390203999355435 ], [ 319627.663047999958508, 6400022.107893999665976 ], [ 319626.438004, 6400019.667931999079883 ], [ 319628.991034, 6400018.514249999076128 ], [ 319624.527934000012465, 6400008.443947999738157 ], [ 319611.62017, 6400014.257615999318659 ], [ 319620.892132, 6400038.221329999156296 ], [ 319634.099829999962822, 6400032.77766599971801 ], [ 319634.703118, 6400030.887151999399066 ], [ 319632.177105999959167, 6400026.286715999245644 ], [ 319622.493033999984618, 6400030.058215999044478 ], [ 319623.255009999964386, 6400027.38005399890244 ], [ 319620.912994000012986, 6400022.285749998874962 ] ] ] ] } },
{ "type": "Feature", "properties": { "B_ID": 156803.0 }, "geometry": { "type": "MultiPolygon", "coordinates": [ [ [ [ 319269.414969999983441, 6400266.401049999520183 ], [ 319274.648937999969348, 6400267.606341999024153 ], [ 319273.474167999986093, 6400272.197249999269843 ], [ 319298.666914, 6400278.858909999020398 ], [ 319305.797955999965779, 6400248.590835999697447 ], [ 319277.630152, 6400241.872007999569178 ], [ 319276.028907999978401, 6400249.049767998978496 ], [ 319273.834977999969851, 6400248.574161998927593 ], [ 319272.386950000014622, 6400255.172301999293268 ], [ 319269.414969999983441, 6400266.401049999520183 ] ], [ [ 319284.279999999969732, 6400255.363655999302864 ], [ 319284.212967999977991, 6400255.689195998944342 ], [ 319288.261905999970622, 6400256.668991999700665 ], [ 319285.652103999978863, 6400269.279299999587238 ], [ 319284.198945999960415, 6400269.092709999531507 ], [ 319284.054964, 6400269.577049999497831 ], [ 319276.448884000012185, 6400267.838983999565244 ], [ 319279.582972, 6400254.163921999745071 ], [ 319284.279999999969732, 6400255.363655999302864 ] ] ] ] } },
{ "type": "Feature", "properties": { "B_ID": 157306.0 }, "geometry": { "type": "MultiPolygon", "coordinates": [ [ [ [ 319254.440157999983057, 6399846.10905999969691 ], [ 319254.677164, 6399846.907029999420047 ], [ 319255.207948, 6399847.951139999553561 ], [ 319255.91896599996835, 6399848.537905999459326 ], [ 319256.740108, 6399848.803895999677479 ], [ 319280.173948000010569, 6399854.341251999139786 ], [ 319286.701017999963369, 6399828.086053999140859 ], [ 319284.181845999963116, 6399827.433385998941958 ], [ 319286.299168, 6399818.874859998933971 ], [ 319285.244098, 6399818.63189599942416 ], [ 319262.167989999987185, 6399813.177115999162197 ], [ 319254.466833999962546, 6399844.77275799959898 ], [ 319254.440157999983057, 6399846.10905999969691 ] ] ] ] } },
{ "type": "Feature", "properties": { "B_ID": 157811.0 }, "geometry": { "type": "MultiPolygon", "coordinates": [ [ [ [ 318800.188917999970727, 6399885.015059999190271 ], [ 318806.117145999975037, 6399874.823275999166071 ], [ 318803.390038000012282, 6399873.213837998919189 ], [ 318803.772051999985706, 6399872.681857999414206 ], [ 318801.644128000014462, 6399871.310619999654591 ], [ 318797.028837999969255, 6399867.106389999389648 ], [ 318796.639984, 6399867.519269999116659 ], [ 318792.148839999979828, 6399862.386059999465942 ], [ 318792.5011, 6399862.135949999094009 ], [ 318789.662158, 6399858.470845999196172 ], [ 318787.711047999968287, 6399855.217033999040723 ], [ 318787.23601, 6399854.032385999336839 ], [ 318786.920002, 6399854.20388999953866 ], [ 318785.808843999984674, 6399852.119639999233186 ], [ 318784.507875999959651, 6399849.003189999610186 ], [ 318784.863897999981418, 6399848.834067999385297 ], [ 318783.188098000013269, 6399844.167729998938739 ], [ 318782.444932000013068, 6399841.11400599963963 ], [ 318782.235969999979716, 6399839.683217999525368 ], [ 318781.880973999970593, 6399839.6927459994331 ], [ 318781.258876, 6399836.836727999150753 ], [ 318781.401147999975365, 6399831.817059999331832 ], [ 318781.74007, 6399831.859141998924315 ], [ 318781.978101999964565, 6399829.451733998954296 ], [ 318782.563947999966331, 6399825.3141999989748 ], [ 318782.201086000015493, 6399825.284027999266982 ], [ 318782.990079999959562, 6399822.582045999355614 ], [ 318784.212046, 6399819.660919999703765 ], [ 318785.977107999962755, 6399816.119679999537766 ], [ 318786.503104, 6399816.306269999593496 ], [ 318787.724043999973219, 6399814.542001998983324 ], [ 318790.527076, 6399811.134947999380529 ], [ 318790.117017999989912, 6399810.78717599902302 ], [ 318794.00897799996892, 6399807.499221999198198 ], [ 318796.189911999972537, 6399805.823087999597192 ], [ 318798.000117999967188, 6399804.843291999772191 ], [ 318798.215919999987818, 6399805.317309998907149 ], [ 318802.237155999988317, 6399803.664995999075472 ], [ 318804.293943999975454, 6399802.917047998867929 ], [ 318804.232041999988724, 6399802.239765998907387 ], [ 318806.722144, 6399801.437825999222696 ], [ 318809.017989999963902, 6399801.291729999706149 ], [ 318807.521055999968667, 6399789.130825999192894 ], [ 318807.392122, 6399789.137971999123693 ], [ 318802.905082000012044, 6399790.04392599966377 ], [ 318797.991909999982454, 6399791.408811999484897 ], [ 318794.44502799998736, 6399793.00475199893117 ], [ 318791.887893999984954, 6399794.251331998966634 ], [ 318788.281846, 6399796.491205999627709 ], [ 318782.711008000012953, 6399800.955867999233305 ], [ 318780.165159999975003, 6399803.677699998952448 ], [ 318777.39496, 6399807.049023998901248 ], [ 318775.42504, 6399810.312363998964429 ], [ 318773.605942, 6399813.415315999649465 ], [ 318771.206128, 6399819.329821999184787 ], [ 318769.539904, 6399825.785041999071836 ], [ 318769.165072, 6399828.999947999604046 ], [ 318768.940035999985412, 6399833.043789999559522 ], [ 318769.537851999979466, 6399840.141355999745429 ], [ 318770.27794, 6399844.356701998971403 ], [ 318771.276922, 6399848.04324399959296 ], [ 318773.930157999973744, 6399855.553689999505877 ], [ 318775.736944, 6399859.410941999405622 ], [ 318778.578963999985717, 6399864.398055999539793 ], [ 318782.351908000011463, 6399869.590021999552846 ], [ 318786.632037999981549, 6399874.410395999439061 ], [ 318791.336932, 6399878.889349998906255 ], [ 318795.809949999966193, 6399882.300373999401927 ], [ 318799.735083999985363, 6399884.769713999703526 ], [ 318800.188917999970727, 6399885.015059999190271 ] ] ] ] } },
{ "type": "Feature", "properties": { "B_ID": 159765.0 }, "geometry": { "type": "MultiPolygon", "coordinates": [ [ [ [ 318687.746842, 6399735.161851999349892 ], [ 318699.747963999980129, 6399733.815227999351919 ], [ 318699.072855999984313, 6399725.787093998864293 ], [ 318699.606034, 6399724.970067999325693 ], [ 318699.55507599998964, 6399723.451939999125898 ], [ 318698.837902, 6399722.315725998952985 ], [ 318697.322157999966294, 6399722.445941999554634 ], [ 318696.797871999966446, 6399716.305145999416709 ], [ 318697.981876, 6399715.826363999396563 ], [ 318704.42413, 6399717.13090599887073 ], [ 318705.541101999988314, 6399719.454149999655783 ], [ 318705.193971999979112, 6399719.824947998858988 ], [ 318705.008949999988545, 6399720.271175999194384 ], [ 318704.991165999963414, 6399720.951633999124169 ], [ 318705.175162, 6399721.666233999654651 ], [ 318705.430977999989409, 6399722.137075999751687 ], [ 318705.843087999965064, 6399722.522959999740124 ], [ 318706.455951999989338, 6399722.903285998851061 ], [ 318707.21895399998175, 6399722.996977998875082 ], [ 318707.855073999962769, 6399722.896139998920262 ], [ 318708.367047999985516, 6399722.638883999548852 ], [ 318708.753166, 6399722.22679799888283 ], [ 318709.038051999988966, 6399718.777661999687552 ], [ 318709.253854, 6399718.491821999661624 ], [ 318711.460096, 6399707.760117999278009 ], [ 318687.864832, 6399702.603881998918951 ], [ 318685.610026, 6399704.558709999546409 ], [ 318687.746842, 6399735.161851999349892 ] ] ] ] } },
{ "type": "Feature", "properties": { "B_ID": 159568.0 }, "geometry": { "type": "MultiPolygon", "coordinates": [ [ [ [ 319018.25188, 6400102.644107999280095 ], [ 319018.681089999969117, 6400101.110893999226391 ], [ 319000.513023999985307, 6400104.422667999751866 ], [ 318987.930843999958597, 6400072.784149999730289 ], [ 318961.504846, 6400080.28109799977392 ], [ 318966.931018, 6400097.314779999665916 ], [ 318966.40297, 6400097.464051999151707 ], [ 318971.10786399996141, 6400113.243213999085128 ], [ 318971.848978, 6400112.862887999042869 ], [ 318974.69407600001432, 6400121.71995799895376 ], [ 318973.689963999961037, 6400122.105047998949885 ], [ 318976.717006, 6400132.056249999441206 ], [ 318998.861164, 6400129.416199998930097 ], [ 319002.705927999981213, 6400129.762383999302983 ], [ 319002.596145999967121, 6400130.207817999646068 ], [ 319010.870835999958217, 6400130.81602199934423 ], [ 319024.033048000012059, 6400131.374203999526799 ], [ 319029.641163999971468, 6400105.346883999183774 ], [ 319018.25188, 6400102.644107999280095 ] ], [ [ 319013.730982, 6400121.476993999443948 ], [ 318986.682885999965947, 6400120.225649999454618 ], [ 318985.000929999980144, 6400118.940163998864591 ], [ 318973.719034, 6400090.679321999661624 ], [ 318973.075047999969684, 6400090.685673999600112 ], [ 318972.951927999965847, 6400090.373631998896599 ], [ 318986.204085999983363, 6400086.348051999695599 ], [ 318986.350119999959134, 6400086.868121999315917 ], [ 318985.745122, 6400087.049153999425471 ], [ 318984.825141999986954, 6400093.004947999492288 ], [ 318991.668903999961913, 6400110.919969999231398 ], [ 319015.685853999981191, 6400111.790987999178469 ], [ 319013.730982, 6400121.476993999443948 ] ] ] ] } },
{ "type": "Feature", "properties": { "B_ID": 159695.0 }, "geometry": { "type": "MultiPolygon", "coordinates": [ [ [ [ 318947.465061999973841, 6399844.212987999431789 ], [ 318944.715039999980945, 6399861.706395999528468 ], [ 318945.009160000015981, 6399861.78579599969089 ], [ 318961.501083999988623, 6399865.420727998949587 ], [ 318965.438871999969706, 6399848.933317999355495 ], [ 318965.534974, 6399848.537905999459326 ], [ 318947.465061999973841, 6399844.212987999431789 ] ] ] ] } },
{ "type": "Feature", "properties": { "B_ID": 160138.0 }, "geometry": { "type": "MultiPolygon", "coordinates": [ [ [ [ 319690.633113999967463, 6400105.996375999413431 ], [ 319689.978867999976501, 6400103.885129999369383 ], [ 319689.325989999982994, 6400103.723153999075294 ], [ 319691.60302599996794, 6400095.449673999100924 ], [ 319693.844836, 6400084.101825999096036 ], [ 319606.161849999974947, 6400063.469735999591649 ], [ 319602.007917999988422, 6400065.889847999438643 ], [ 319590.055018000013661, 6400113.826009999029338 ], [ 319592.616939999978058, 6400114.547755999490619 ], [ 319591.467136, 6400119.60712399892509 ], [ 319654.581867999979295, 6400135.599077999591827 ], [ 319663.853146, 6400138.138289999216795 ], [ 319679.452108, 6400142.208333998918533 ], [ 319683.935043999983463, 6400123.797061999328434 ], [ 319686.883083999971859, 6400120.933103999122977 ], [ 319690.633113999967463, 6400105.996375999413431 ] ] ] ] } },
{ "type": "Feature", "properties": { "B_ID": 161119.0 }, "geometry": { "type": "MultiPolygon", "coordinates": [ [ [ [ 319123.405936, 6400278.083171999081969 ], [ 319123.121050000016112, 6400279.135221999138594 ], [ 319132.197045999986585, 6400281.398915999568999 ], [ 319132.425159999984317, 6400280.341307999566197 ], [ 319139.543889999971725, 6400282.156391999684274 ], [ 319139.130070000013802, 6400279.614797999151051 ], [ 319139.028154, 6400278.716783999465406 ], [ 319139.34210999996867, 6400278.82079799938947 ], [ 319139.817831999971531, 6400276.634915999136865 ], [ 319138.449147999985144, 6400276.391157999634743 ], [ 319137.002830000012182, 6400269.088739999569952 ], [ 319135.892013999982737, 6400268.820367999374866 ], [ 319136.43989799998235, 6400266.647189998999238 ], [ 319124.175094, 6400263.514065999537706 ], [ 319124.223999999987427, 6400263.332239999435842 ], [ 319124.168937999987975, 6400263.271895999088883 ], [ 319124.091987999971025, 6400263.194877998903394 ], [ 319124.009908, 6400263.12024199962616 ], [ 319123.924065999977756, 6400263.05116399936378 ], [ 319123.835145999968518, 6400262.985261999070644 ], [ 319123.743147999979556, 6400262.924123999662697 ], [ 319123.649097999965306, 6400262.867749999277294 ], [ 319123.55094399995869, 6400262.816139998845756 ], [ 319123.449028, 6400262.770087999291718 ], [ 319123.348138, 6400262.728799999691546 ], [ 319123.244169999961741, 6400262.693069999106228 ], [ 319123.137124, 6400262.66289799939841 ], [ 319123.029051999968942, 6400262.638283999636769 ], [ 319122.92098, 6400262.619227998889983 ], [ 319122.810856, 6400262.604935999028385 ], [ 319122.7021, 6400262.596201999112964 ], [ 319122.591976, 6400262.593819999136031 ], [ 319122.48116799996933, 6400262.594613999128342 ], [ 319122.371043999970425, 6400262.604141999036074 ], [ 319122.261945999984164, 6400262.617639998905361 ], [ 319122.152163999970071, 6400262.638283999636769 ], [ 319122.044092, 6400262.66289799939841 ], [ 319121.939098, 6400262.693069999106228 ], [ 319121.835129999963101, 6400262.728005999699235 ], [ 319121.731846, 6400262.769293999299407 ], [ 319121.713035999971908, 6400262.878865999169648 ], [ 319121.42883399996208, 6400262.816139998845756 ], [ 319117.991050000011455, 6400276.701611999422312 ], [ 319123.405936, 6400278.083171999081969 ] ] ] ] } },
{ "type": "Feature", "properties": { "B_ID": 162945.0 }, "geometry": { "type": "MultiPolygon", "coordinates": [ [ [ [ 318858.562161999987438, 6399992.269373998977244 ], [ 318835.759995999978855, 6399999.702007999643683 ], [ 318837.754881999979261, 6400005.792781999334693 ], [ 318839.590053999971133, 6400006.83927399944514 ], [ 318842.81101, 6400005.776901999488473 ], [ 318843.603081999986898, 6400008.177163999527693 ], [ 318848.378085999982432, 6400006.594721999019384 ], [ 318848.50394199998118, 6400006.972665999084711 ], [ 318861.956169999961276, 6400002.519119999371469 ], [ 318858.562161999987438, 6399992.269373998977244 ] ] ] ] } },
{ "type": "Feature", "properties": { "B_ID": 162946.0 }, "geometry": { "type": "MultiPolygon", "coordinates": [ [ [ [ 318905.45788599998923, 6400030.399635999463499 ], [ 318900.964005999965593, 6400017.145393999293447 ], [ 318894.948909999977332, 6400019.102603998966515 ], [ 318893.128101999987848, 6400013.300845999270678 ], [ 318888.411922, 6399998.96199999935925 ], [ 318894.288165999983903, 6399997.007965999655426 ], [ 318889.206046, 6399981.055711999535561 ], [ 318881.147842, 6399983.964927999302745 ], [ 318879.203914000012446, 6399978.07185999955982 ], [ 318876.493905999988783, 6399978.98178399913013 ], [ 318875.017834, 6399974.680685998871922 ], [ 318830.031153999967501, 6399989.710311999544501 ], [ 318833.4730419999687, 6400000.472981999628246 ], [ 318871.693936, 6399987.911107999272645 ], [ 318881.303109999978915, 6400017.089019998908043 ], [ 318881.135872000013478, 6400017.142217999324203 ], [ 318882.21590800001286, 6400020.465107999742031 ], [ 318881.254887999966741, 6400020.862901999615133 ], [ 318882.0709, 6400023.136123999021947 ], [ 318866.281101999979001, 6400028.339999998919666 ], [ 318856.534102, 6400031.373873999342322 ], [ 318848.380138, 6400006.609807998873293 ], [ 318834.30205, 6400011.238827999681234 ], [ 318846.703996, 6400049.284131999127567 ], [ 318870.60706, 6400041.344925999641418 ], [ 318905.45788599998923, 6400030.399635999463499 ] ] ] ] } },
{ "type": "Feature", "properties": { "B_ID": 162380.0 }, "geometry": { "type": "MultiPolygon", "coordinates": [ [ [ [ 319520.816092, 6400236.980967999435961 ], [ 319535.955063999979757, 6400240.704827999696136 ], [ 319538.852829999988899, 6400229.446701999753714 ], [ 319539.718089999980293, 6400228.936159999109805 ], [ 319540.524868, 6400226.200035999529064 ], [ 319545.968140000011772, 6400205.68228199891746 ], [ 319548.392920000012964, 6400194.599629999138415 ], [ 319550.552992000011727, 6400185.293949998915195 ], [ 319533.665031999989878, 6400180.94679999910295 ], [ 319520.816092, 6400236.980967999435961 ] ], [ [ 319532.88493, 6400209.205259999260306 ], [ 319532.521041999978479, 6400209.098069999366999 ], [ 319535.542954, 6400196.043121999129653 ], [ 319541.773852000012994, 6400197.654941999353468 ], [ 319539.89285199996084, 6400204.187973999418318 ], [ 319534.811073999968357, 6400224.46435199957341 ], [ 319532.733082, 6400223.911727999337018 ], [ 319532.260095999983605, 6400225.795095999725163 ], [ 319533.284043999970891, 6400226.215121999382973 ], [ 319532.832945999980439, 6400227.475993999280035 ], [ 319528.629082, 6400226.419179999269545 ], [ 319531.84012, 6400212.768731999211013 ], [ 319532.88493, 6400209.205259999260306 ] ] ] ] } },
{ "type": "Feature", "properties": { "B_ID": 163030.0 }, "geometry": { "type": "MultiPolygon", "coordinates": [ [ [ [ 318801.882844, 6399653.852281999774277 ], [ 318799.103068, 6399666.68093999940902 ], [ 318802.530933999980334, 6399667.447149999439716 ], [ 318802.683123999973759, 6399667.678203999064863 ], [ 318803.21596, 6399668.140311999246478 ], [ 318804.303862, 6399668.384069999679923 ], [ 318804.985126000014134, 6399668.400743999518454 ], [ 318805.53985, 6399668.261793999001384 ], [ 318809.624014, 6399669.156631999649107 ], [ 318809.974905999959446, 6399670.373833999037743 ], [ 318809.256021999986842, 6399671.12495799921453 ], [ 318808.971136, 6399672.046791999600828 ], [ 318809.001915999979246, 6399672.616089999675751 ], [ 318807.973864, 6399672.956715999171138 ], [ 318806.144847999967169, 6399680.775233998894691 ], [ 318798.642051999981049, 6399679.13482999894768 ], [ 318799.349991999974009, 6399675.697603999637067 ], [ 318797.069878, 6399675.256933999247849 ], [ 318795.369111999985762, 6399682.838839999400079 ], [ 318802.016908, 6399684.283919999375939 ], [ 318811.237911999982316, 6399686.153789998963475 ], [ 318817.766008, 6399657.336353999562562 ], [ 318801.882844, 6399653.852281999774277 ] ] ] ] } },
{ "type": "Feature", "properties": { "B_ID": 163257.0 }, "geometry": { "type": "MultiPolygon", "coordinates": [ [ [ [ 319255.395022000011522, 6400038.134783999063075 ], [ 319255.850907999963965, 6400038.265793999657035 ], [ 319255.948036000016145, 6400037.964073998853564 ], [ 319264.178949999972247, 6400039.836325999349356 ], [ 319278.066885999985971, 6400042.766979998908937 ], [ 319280.033043999981601, 6400033.528789998963475 ], [ 319279.536117999989074, 6400033.396191999316216 ], [ 319292.25886, 6399987.826149999164045 ], [ 319292.298873999970965, 6399987.727693999186158 ], [ 319270.467987999960314, 6399982.38327999971807 ], [ 319270.436866, 6399982.480941999703646 ], [ 319255.59304, 6400037.477351998910308 ], [ 319255.395022000011522, 6400038.134783999063075 ] ] ] ] } },
{ "type": "Feature", "properties": { "B_ID": 164568.0 }, "geometry": { "type": "MultiPolygon", "coordinates": [ [ [ [ 319177.46895399998175, 6399756.341801999136806 ], [ 319181.866048, 6399757.374795999377966 ], [ 319188.328137999982573, 6399729.850785999558866 ], [ 319190.742999999958556, 6399730.417701999656856 ], [ 319183.841098, 6399759.807611999101937 ], [ 319176.886869999987539, 6399758.571353998966515 ], [ 319174.425154, 6399768.216071999631822 ], [ 319186.437904, 6399771.045887999236584 ], [ 319197.768021999974735, 6399721.305757999420166 ], [ 319187.588049999962095, 6399716.435361999087036 ], [ 319187.35891, 6399716.914937999099493 ], [ 319177.46895399998175, 6399756.341801999136806 ] ] ] ] } },
{ "type": "Feature", "properties": { "B_ID": 163362.0 }, "geometry": { "type": "MultiPolygon", "coordinates": [ [ [ [ 319349.336949999968056, 6399941.457343999296427 ], [ 319344.608115999959409, 6399961.643205999396741 ], [ 319371.404841999989003, 6399968.200851999223232 ], [ 319376.303992, 6399947.863335999660194 ], [ 319349.336949999968056, 6399941.457343999296427 ] ] ] ] } },
{ "type": "Feature", "properties": { "B_ID": 163346.0 }, "geometry": { "type": "MultiPolygon", "coordinates": [ [ [ [ 319584.085066, 6399837.57197199948132 ], [ 319583.025892, 6399837.197203999385238 ], [ 319580.983125999977347, 6399837.264693999662995 ], [ 319580.340166, 6399837.594203999266028 ], [ 319579.681132, 6399838.207965998910367 ], [ 319578.934887999959756, 6399839.228255999274552 ], [ 319567.045942, 6399849.92422999907285 ], [ 319579.255, 6399861.395147999748588 ], [ 319604.901922, 6399863.49607199896127 ], [ 319606.73709399998188, 6399837.683925999328494 ], [ 319584.747861999960151, 6399835.672723999246955 ], [ 319584.071043999982066, 6399836.353181999176741 ], [ 319584.085066, 6399837.57197199948132 ] ], [ [ 319581.373006, 6399851.019949999637902 ], [ 319580.647965999960434, 6399850.057621999643743 ], [ 319584.575152, 6399846.033629999496043 ], [ 319593.527001999958884, 6399846.926879999227822 ], [ 319592.993139999976847, 6399857.240939998999238 ], [ 319581.615141999965999, 6399856.385007998906076 ], [ 319578.561081999971066, 6399853.647295999340713 ], [ 319581.373006, 6399851.019949999637902 ] ] ] ] } },
{ "type": "Feature", "properties": { "B_ID": 165085.0 }, "geometry": { "type": "MultiPolygon", "coordinates": [ [ [ [ 318580.082848, 6399629.73373799957335 ], [ 318569.979141999967396, 6399633.856185999698937 ], [ 318580.813017999986187, 6399662.267093999311328 ], [ 318609.295119999966118, 6399669.328929998911917 ], [ 318611.7000639999751, 6399658.624221999198198 ], [ 318593.506005999981426, 6399654.00314199924469 ], [ 318593.580903999973089, 6399653.618051999248564 ], [ 318591.168093999964185, 6399653.083689999766648 ], [ 318590.99401600001147, 6399653.379057999700308 ], [ 318590.318908000015654, 6399653.22581599932164 ], [ 318588.311026000010315, 6399651.286867999471724 ], [ 318580.082848, 6399629.73373799957335 ] ] ] ] } },
{ "type": "Feature", "properties": { "B_ID": 165015.0 }, "geometry": { "type": "MultiPolygon", "coordinates": [ [ [ [ 319033.641880000010133, 6399838.639107999391854 ], [ 319031.509167999960482, 6399849.276325999759138 ], [ 319022.629137999960221, 6399847.142053999006748 ], [ 319020.873993999965023, 6399855.914959999732673 ], [ 319035.021166, 6399859.29978199955076 ], [ 319041.451108, 6399832.815117998979986 ], [ 319056.286042, 6399836.542153999209404 ], [ 319054.91086, 6399841.814313999377191 ], [ 319066.303905999986455, 6399844.678271999582648 ], [ 319074.043024000013247, 6399813.716241999529302 ], [ 319031.433927999984007, 6399803.333103999495506 ], [ 319025.601118, 6399829.76377599965781 ], [ 319024.745092, 6399835.359887999482453 ], [ 319032.907948, 6399837.3933219993487 ], [ 319033.641880000010133, 6399838.639107999391854 ] ] ] ] } },
{ "type": "Feature", "properties": { "B_ID": 166643.0 }, "geometry": { "type": "MultiPolygon", "coordinates": [ [ [ [ 319604.85506799997529, 6400008.627361998893321 ], [ 319634.697988, 6399995.42790599912405 ], [ 319624.796061999979429, 6399973.029959999024868 ], [ 319612.939948000013828, 6399978.278299999423325 ], [ 319618.501893999986351, 6399990.421735999174416 ], [ 319607.143048, 6399995.255607998929918 ], [ 319607.676909999980126, 6399996.440255999565125 ], [ 319604.505886, 6399997.875013999640942 ], [ 319602.630016000010073, 6399993.515953999012709 ], [ 319603.638915999967139, 6399993.110219999216497 ], [ 319599.826983999984805, 6399984.454825999215245 ], [ 319594.957929999975022, 6399986.293729999102652 ], [ 319604.85506799997529, 6400008.627361998893321 ] ] ] ] } },
{ "type": "Feature", "properties": { "B_ID": 166533.0 }, "geometry": { "type": "MultiPolygon", "coordinates": [ [ [ [ 319294.15012, 6400298.843889999203384 ], [ 319298.672044, 6400278.93830999918282 ], [ 319273.474167999986093, 6400272.197249999269843 ], [ 319269.206008, 6400292.491889999248087 ], [ 319294.15012, 6400298.843889999203384 ] ], [ [ 319278.025161999976262, 6400278.458733999170363 ], [ 319286.195883999986108, 6400280.261113999411464 ], [ 319285.94896, 6400282.351715999655426 ], [ 319285.545057999959681, 6400282.369977999478579 ], [ 319285.278981999959797, 6400283.820615999400616 ], [ 319283.981091999972705, 6400283.545891999267042 ], [ 319283.273836, 6400283.897633999586105 ], [ 319282.664049999963026, 6400287.203055999241769 ], [ 319283.085052, 6400287.670721999369562 ], [ 319284.141147999966051, 6400288.03437399957329 ], [ 319284.076851999969222, 6400288.598907999694347 ], [ 319276.219059999973979, 6400286.468605998903513 ], [ 319278.025161999976262, 6400278.458733999170363 ] ] ] ] } },
{ "type": "Feature", "properties": { "B_ID": 167612.0 }, "geometry": { "type": "MultiPolygon", "coordinates": [ [ [ [ 318902.400063999986742, 6399653.390967999584973 ], [ 318897.261856, 6399641.734253998845816 ], [ 318894.848019999975804, 6399642.737075999379158 ], [ 318894.31210599996848, 6399641.623887998983264 ], [ 318893.234122, 6399641.06729399971664 ], [ 318891.911949999979697, 6399641.330107999034226 ], [ 318891.049084, 6399642.043119999580085 ], [ 318890.631843999959528, 6399643.207917999476194 ], [ 318890.939986000012141, 6399644.426707998849452 ], [ 318890.101060000015423, 6399644.841175999492407 ], [ 318887.856855999969412, 6399645.810649999417365 ], [ 318882.786022000014782, 6399644.821325999684632 ], [ 318882.292857999971602, 6399643.902667999267578 ], [ 318881.92589199997019, 6399641.58895199932158 ], [ 318880.44298, 6399641.480967999435961 ], [ 318880.210077999974601, 6399638.964781999588013 ], [ 318869.163135999988299, 6399639.233947998844087 ], [ 318868.927156, 6399653.409229999408126 ], [ 318869.142958000011276, 6399654.241341999731958 ], [ 318869.459991999960039, 6399654.839223999530077 ], [ 318869.91109, 6399655.290215998888016 ], [ 318870.652888000011444, 6399655.77534999884665 ], [ 318888.538119999982882, 6399659.796165999025106 ], [ 318902.400063999986742, 6399653.390967999584973 ] ] ] ] } },
{ "type": "Feature", "properties": { "B_ID": 167693.0 }, "geometry": { "type": "MultiPolygon", "coordinates": [ [ [ [ 319148.720091999974102, 6399669.163777999579906 ], [ 319139.862976, 6399685.695651999674737 ], [ 319165.490062, 6399697.511165998876095 ], [ 319181.039092, 6399663.936875998973846 ], [ 319159.522162, 6399654.142885999754071 ], [ 319148.720091999974102, 6399669.163777999579906 ] ], [ [ 319169.725048, 6399672.728837999515235 ], [ 319170.261988000012934, 6399673.845995998941362 ], [ 319165.665165999962483, 6399683.532001999206841 ], [ 319164.213034000014886, 6399684.056835999712348 ], [ 319157.974953999975696, 6399680.75061999913305 ], [ 319158.772155999962706, 6399679.303157999180257 ], [ 319162.703104000014719, 6399672.998797999694943 ], [ 319162.682925999979489, 6399672.423941999673843 ], [ 319162.382991999969818, 6399671.763333999551833 ], [ 319161.316977999988012, 6399671.200387999415398 ], [ 319162.518081999965943, 6399668.935899998992682 ], [ 319169.725048, 6399672.728837999515235 ] ] ] ] } },
{ "type": "Feature", "properties": { "B_ID": 156011.0 }, "geometry": { "type": "MultiPolygon", "coordinates": [ [ [ [ 319497.024861999962013, 6399970.628109999001026 ], [ 319500.222903999965638, 6399957.202363999560475 ], [ 319506.588891999970656, 6399958.783217999152839 ], [ 319507.994853999989573, 6399952.993369999341667 ], [ 319501.59193, 6399951.46571399923414 ], [ 319501.267029999988154, 6399951.298179998993874 ], [ 319504.173003999982029, 6399939.045171999372542 ], [ 319504.564935999980662, 6399938.979269999079406 ], [ 319509.150129999965429, 6399919.726357999257743 ], [ 319485.76998400001321, 6399913.950801999308169 ], [ 319479.905026, 6399939.80502999946475 ], [ 319473.73500399995828, 6399965.065345998853445 ], [ 319497.024861999962013, 6399970.628109999001026 ] ] ] ] } },
{ "type": "Feature", "properties": { "B_ID": 157390.0 }, "geometry": { "type": "MultiPolygon", "coordinates": [ [ [ [ 319291.135047999967355, 6399660.582225998863578 ], [ 319288.934962, 6399657.792903998866677 ], [ 319290.358024000015575, 6399656.613019999116659 ], [ 319286.19691, 6399652.214259998872876 ], [ 319284.718102000013459, 6399653.36714799888432 ], [ 319282.271092, 6399650.735831999219954 ], [ 319238.838118000014219, 6399655.604639999568462 ], [ 319224.254895999969449, 6399657.429251999594271 ], [ 319224.171105999965221, 6399658.004107999615371 ], [ 319223.175885999982711, 6399657.827839999459684 ], [ 319222.355086, 6399657.827839999459684 ], [ 319221.50897799996892, 6399658.028721999377012 ], [ 319220.144056, 6399658.890211999416351 ], [ 319219.223049999971408, 6399660.101855998858809 ], [ 319218.904990000010002, 6399661.135643999092281 ], [ 319218.980914000014309, 6399661.712087999098003 ], [ 319218.308884, 6399661.613631999120116 ], [ 319195.958842, 6399711.634837999008596 ], [ 319212.646047999965958, 6399719.276293999515474 ], [ 319212.836883999989368, 6399718.939637999050319 ], [ 319217.677893999963999, 6399721.28511399962008 ], [ 319270.978935999970417, 6399746.124609999358654 ], [ 319291.135047999967355, 6399660.582225998863578 ] ], [ [ 319247.477038000011817, 6399669.124077999033034 ], [ 319250.660031999985222, 6399668.735017999075353 ], [ 319251.692871999985073, 6399669.48534799925983 ], [ 319259.751075999985915, 6399668.510315999388695 ], [ 319260.447045999986585, 6399667.755221999250352 ], [ 319263.716908, 6399667.13113799970597 ], [ 319264.604056000011042, 6399667.794127998873591 ], [ 319270.532967999984976, 6399667.058883999474347 ], [ 319270.321953999984544, 6399666.209303999319673 ], [ 319273.097967999987304, 6399665.706701999530196 ], [ 319275.47008, 6399668.43726799916476 ], [ 319273.541884, 6399677.245109999552369 ], [ 319271.399937999958638, 6399676.775855999439955 ], [ 319267.821934, 6399688.383341999724507 ], [ 319242.875086000014562, 6399682.505359998904169 ], [ 319241.086084, 6399670.565187999047339 ], [ 319246.73216199997114, 6399669.960953999310732 ], [ 319247.477038000011817, 6399669.124077999033034 ] ], [ [ 319211.297884, 6399705.043843999505043 ], [ 319218.122151999967173, 6399689.26388799957931 ], [ 319224.588003999961074, 6399691.394189999438822 ], [ 319225.028157999971882, 6399692.477205999195576 ], [ 319217.872150000010151, 6399708.982083999551833 ], [ 319211.78797, 6399706.138769999146461 ], [ 319211.297884, 6399705.043843999505043 ] ] ] ] } },
{ "type": "Feature", "properties": { "B_ID": 169279.0 }, "geometry": { "type": "MultiPolygon", "coordinates": [ [ [ [ 318947.780044000013731, 6400099.325187999755144 ], [ 318947.451040000014473, 6400098.706661999225616 ], [ 318947.678128, 6400098.643935998901725 ], [ 318943.445878, 6400085.786693999543786 ], [ 318916.974051999975927, 6400093.340809999033809 ], [ 318931.93108, 6400143.767749999649823 ], [ 318958.81912, 6400134.304063999094069 ], [ 318956.935041999968234, 6400128.783381999470294 ], [ 318954.306088000012096, 6400120.348719999194145 ], [ 318947.976009999983944, 6400122.171743999235332 ], [ 318948.711994000012055, 6400124.275843999348581 ], [ 318940.981083999969997, 6400126.554623999632895 ], [ 318938.573061999981292, 6400118.281143999658525 ], [ 318940.231077999982517, 6400117.739635999314487 ], [ 318938.12983, 6400110.629365999251604 ], [ 318936.471129999961704, 6400111.088297999463975 ], [ 318933.746073999966029, 6400102.189145999029279 ], [ 318940.019037999969441, 6400100.230347999371588 ], [ 318941.829928, 6400101.1259799990803 ], [ 318947.780044000013731, 6400099.325187999755144 ] ] ] ] } },
{ "type": "Feature", "properties": { "B_ID": 168605.0 }, "geometry": { "type": "MultiPolygon", "coordinates": [ [ [ [ 318903.91102, 6399767.60230999905616 ], [ 318896.817939999978989, 6399784.104805999435484 ], [ 318910.219893999979831, 6399789.673921999521554 ], [ 318907.972954, 6399828.064615999348462 ], [ 318910.099852000013925, 6399828.59262599889189 ], [ 318925.823985999973956, 6399833.139863999560475 ], [ 318929.123944, 6399777.914781999774277 ], [ 318903.91102, 6399767.60230999905616 ] ] ] ] } },
{ "type": "Feature", "properties": { "B_ID": 169890.0 }, "geometry": { "type": "MultiPolygon", "coordinates": [ [ [ [ 319602.96791199996369, 6400055.598019999451935 ], [ 319605.702885999984574, 6400055.235161999240518 ], [ 319616.541892, 6400057.680681999772787 ], [ 319620.892132, 6400038.221329999156296 ], [ 319611.62017, 6400014.257615999318659 ], [ 319588.097068, 6400024.889275999739766 ], [ 319600.793133999977726, 6400053.810725999064744 ], [ 319602.96791199996369, 6400055.598019999451935 ] ], [ [ 319600.834857999987435, 6400027.002903999760747 ], [ 319608.344836, 6400023.213141999207437 ], [ 319612.848975999979302, 6400033.346963998861611 ], [ 319614.482025999983307, 6400046.636935999616981 ], [ 319611.657106, 6400046.362211999483407 ], [ 319611.687885999970604, 6400043.873815999366343 ], [ 319609.132119999965653, 6400042.226265999488533 ], [ 319607.933068000013009, 6400042.277875998988748 ], [ 319600.834857999987435, 6400027.002903999760747 ] ] ] ] } },
{ "type": "Feature", "properties": { "B_ID": 170802.0 }, "geometry": { "type": "MultiPolygon", "coordinates": [ [ [ [ 318764.029942, 6399574.237107999622822 ], [ 318763.730007999984082, 6399573.831373998895288 ], [ 318763.597995999967679, 6399573.47486799955368 ], [ 318763.433835999981966, 6399572.870633998885751 ], [ 318758.758012, 6399573.435961998999119 ], [ 318758.80691799998749, 6399573.713861999101937 ], [ 318758.739886, 6399574.153737999498844 ], [ 318758.6458359999815, 6399574.558677999302745 ], [ 318758.558968, 6399574.887393998913467 ], [ 318752.410150000010617, 6399575.617873999290168 ], [ 318753.922131999977864, 6399587.99395199958235 ], [ 318760.566165999975055, 6399586.983189999125898 ], [ 318761.434845999989193, 6399587.824035999365151 ], [ 318762.399969999969471, 6399587.992363999597728 ], [ 318763.709145999979228, 6399587.669205999001861 ], [ 318764.607922, 6399587.038769999518991 ], [ 318764.739934000011999, 6399586.194747999310493 ], [ 318764.673927999974694, 6399585.396777999587357 ], [ 318767.309038, 6399587.669205999001861 ], [ 318767.62915, 6399591.297785999253392 ], [ 318766.788856, 6399592.48560999892652 ], [ 318766.419837999972515, 6399592.218031999655068 ], [ 318765.736863999976777, 6399592.121163999661803 ], [ 318765.18795399996452, 6399592.165627999231219 ], [ 318764.801836, 6399592.282345999032259 ], [ 318764.392119999974966, 6399592.565009999088943 ], [ 318763.931103999959305, 6399593.139865999110043 ], [ 318763.740951999963727, 6399593.753627999685705 ], [ 318763.735137999989092, 6399594.469815999269485 ], [ 318763.928025999979582, 6399595.219351999461651 ], [ 318764.175975999969523, 6399595.587767999619246 ], [ 318764.667087999987416, 6399596.034789999015629 ], [ 318764.759085999976378, 6399596.099897999316454 ], [ 318765.551157999958377, 6399596.369063999503851 ], [ 318766.15615599998273, 6399596.306337999179959 ], [ 318766.948912, 6399601.626137998886406 ], [ 318773.306007999985013, 6399602.03901799954474 ], [ 318769.946883999975398, 6399573.552679999731481 ], [ 318764.029942, 6399574.237107999622822 ] ] ] ] } },
{ "type": "Feature", "properties": { "B_ID": 170583.0 }, "geometry": { "type": "MultiPolygon", "coordinates": [ [ [ [ 319216.452165999973658, 6399962.448321999050677 ], [ 319219.467921999981627, 6399960.895257999189198 ], [ 319225.310991999984253, 6399937.491313999518752 ], [ 319193.301159999973606, 6399929.80698199942708 ], [ 319187.057949999987613, 6399955.172105999663472 ], [ 319216.452165999973658, 6399962.448321999050677 ] ], [ [ 319198.834036000014748, 6399936.871199999004602 ], [ 319198.171923999965657, 6399940.082135999575257 ], [ 319197.633958, 6399939.970975999720395 ], [ 319196.239965999964625, 6399946.735855999402702 ], [ 319193.93215, 6399946.260249999351799 ], [ 319196.123001999978442, 6399936.312223999761045 ], [ 319198.834036000014748, 6399936.871199999004602 ] ], [ [ 319210.777017999964301, 6399950.322353999130428 ], [ 319201.617915999959223, 6399948.018959999084473 ], [ 319204.070055999967735, 6399938.267051999457181 ], [ 319211.600895999989007, 6399940.159947999753058 ], [ 319211.13817, 6399940.551389999687672 ], [ 319210.825924, 6399941.030965999700129 ], [ 319210.708959999959916, 6399941.473223999142647 ], [ 319210.67304999998305, 6399942.032993999309838 ], [ 319210.801983999961521, 6399942.600703999400139 ], [ 319210.990084, 6399943.150945999659598 ], [ 319211.336872000014409, 6399943.528095999732614 ], [ 319211.929899999988265, 6399943.971147999167442 ], [ 319212.307126, 6399944.234755999408662 ], [ 319210.777017999964301, 6399950.322353999130428 ] ] ] ] } },
{ "type": "Feature", "properties": { "B_ID": 170494.0 }, "geometry": { "type": "MultiPolygon", "coordinates": [ [ [ [ 319386.094083999982104, 6400050.786379999481142 ], [ 319382.094051999971271, 6400067.582655998878181 ], [ 319467.794122, 6400088.565693999640644 ], [ 319481.318854000011925, 6400033.839243999682367 ], [ 319394.893059999973048, 6400012.560837998986244 ], [ 319392.467937999987043, 6400023.093247999437153 ], [ 319391.018883999960963, 6400022.785969999618828 ], [ 319390.367031999980099, 6400025.857161999680102 ], [ 319391.71417, 6400026.143795999698341 ], [ 319389.634125999989919, 6400035.36610599886626 ], [ 319388.178916, 6400035.054063999094069 ], [ 319387.520908, 6400038.125255999155343 ], [ 319388.899167999974452, 6400038.419829999096692 ], [ 319386.88, 6400047.743771999143064 ], [ 319385.421028000011574, 6400047.433317999355495 ], [ 319384.767124, 6400050.502921999432147 ], [ 319386.094083999982104, 6400050.786379999481142 ] ] ] ] } },
{ "type": "Feature", "properties": { "B_ID": 170816.0 }, "geometry": { "type": "MultiPolygon", "coordinates": [ [ [ [ 319088.887875999964308, 6400255.027793999761343 ], [ 319084.633053999976255, 6400272.398925999179482 ], [ 319090.215862000011839, 6400273.782073999755085 ], [ 319089.712095999973826, 6400275.817889999598265 ], [ 319094.878006000013556, 6400277.09702399931848 ], [ 319094.701875999977347, 6400277.818769998848438 ], [ 319098.129058, 6400278.668349999003112 ], [ 319098.304845999984536, 6400277.948191999457777 ], [ 319116.559095999982674, 6400282.473197999410331 ], [ 319121.363169999967795, 6400263.078159999102354 ], [ 319088.887875999964308, 6400255.027793999761343 ] ] ] ] } },
{ "type": "Feature", "properties": { "B_ID": 170870.0 }, "geometry": { "type": "MultiPolygon", "coordinates": [ [ [ [ 319048.985026, 6399798.488909998908639 ], [ 319076.281071999983396, 6399805.237115999683738 ], [ 319083.587902, 6399775.689993998967111 ], [ 319056.843843999959063, 6399769.002925999462605 ], [ 319048.985026, 6399798.488909998908639 ] ] ] ] } },
{ "type": "Feature", "properties": { "B_ID": 171797.0 }, "geometry": { "type": "MultiPolygon", "coordinates": [ [ [ [ 319328.96401, 6399838.557325999252498 ], [ 319322.813139999983832, 6399864.540181999094784 ], [ 319332.48489999998128, 6399866.822137999348342 ], [ 319336.231852, 6399849.867855999618769 ], [ 319340.84714199998416, 6399850.880999999120831 ], [ 319341.242836, 6399848.903939999639988 ], [ 319342.41316, 6399843.502357998862863 ], [ 319352.539095999964047, 6399846.082857999019325 ], [ 319354.159834, 6399839.264779998920858 ], [ 319359.003922, 6399840.501831999048591 ], [ 319363.355871999985538, 6399822.45421199966222 ], [ 319342.313979999977164, 6399817.263039999641478 ], [ 319336.545124, 6399840.386701999232173 ], [ 319328.96401, 6399838.557325999252498 ] ] ] ] } },
{ "type": "Feature", "properties": { "B_ID": 172067.0 }, "geometry": { "type": "MultiPolygon", "coordinates": [ [ [ [ 319352.016861999989487, 6400192.193809999153018 ], [ 319376.203102, 6400198.078937998972833 ], [ 319380.938091999967583, 6400178.356771999038756 ], [ 319388.368041999987327, 6400180.194881998933852 ], [ 319396.310991999984253, 6400146.973127999342978 ], [ 319396.301073999959044, 6400146.733339998871088 ], [ 319370.242042, 6400140.02165799960494 ], [ 319369.313169999979436, 6400143.177807999774814 ], [ 319363.861005999962799, 6400141.812127999030054 ], [ 319352.016861999989487, 6400192.193809999153018 ] ] ] ] } },
{ "type": "Feature", "properties": { "B_ID": 173249.0 }, "geometry": { "type": "MultiPolygon", "coordinates": [ [ [ [ 319240.279990000010002, 6400233.050667999312282 ], [ 319236.902055999962613, 6400246.304115999490023 ], [ 319250.798883999988902, 6400249.63573999889195 ], [ 319248.121024, 6400260.739035999402404 ], [ 319261.064014, 6400264.031753999181092 ], [ 319263.885856, 6400252.972921999171376 ], [ 319272.386950000014622, 6400255.172301999293268 ], [ 319273.834977999969851, 6400248.574161998927593 ], [ 319276.028907999978401, 6400249.049767998978496 ], [ 319277.579877999960445, 6400242.234865998849273 ], [ 319240.279990000010002, 6400233.050667999312282 ] ] ] ] } },
{ "type": "Feature", "properties": { "B_ID": 173062.0 }, "geometry": { "type": "MultiPolygon", "coordinates": [ [ [ [ 319505.665150000015274, 6399819.791929999366403 ], [ 319482.618112, 6399852.125197999179363 ], [ 319507.600869999965653, 6399870.896945999003947 ], [ 319513.658032, 6399861.570621998980641 ], [ 319528.925937999971211, 6399837.644225999712944 ], [ 319528.795977999980096, 6399837.282161999493837 ], [ 319505.665150000015274, 6399819.791929999366403 ] ] ] ] } },
{ "type": "Feature", "properties": { "B_ID": 172318.0 }, "geometry": { "type": "MultiPolygon", "coordinates": [ [ [ [ 318849.765922, 6399946.184819999150932 ], [ 318852.801855999976397, 6399946.118123998865485 ], [ 318852.27586, 6399939.623203999362886 ], [ 318847.704004, 6399939.671637998893857 ], [ 318847.718025999958627, 6399941.046845999546349 ], [ 318846.820959999982733, 6399941.057167999446392 ], [ 318846.776841999962926, 6399936.960921999067068 ], [ 318827.73394, 6399937.164185998961329 ], [ 318828.309867999982089, 6399944.125183999538422 ], [ 318831.321861999982502, 6399944.10771599970758 ], [ 318831.390946, 6399945.247899998910725 ], [ 318849.711886, 6399944.880277999676764 ], [ 318830.040045999980066, 6399945.294745999388397 ], [ 318830.225067999970634, 6399970.552679999731481 ], [ 318850.248142, 6399970.455017999745905 ], [ 318849.765922, 6399946.184819999150932 ] ], [ [ 318843.384886000014376, 6399951.283093999139965 ], [ 318843.44986599998083, 6399959.107169999741018 ], [ 318836.415952000010293, 6399959.16433799918741 ], [ 318836.350971999985632, 6399951.341849999502301 ], [ 318843.384886000014376, 6399951.283093999139965 ] ] ] ] } },
{ "type": "Feature", "properties": { "B_ID": 203996.0 }, "geometry": { "type": "MultiPolygon", "coordinates": [ [ [ [ 318999.77293599996483, 6400259.502777999266982 ], [ 319013.787069999962114, 6400263.052751999348402 ], [ 319016.74195, 6400251.723165999166667 ], [ 319025.711925999959931, 6400254.132955999113619 ], [ 319030.076872, 6400252.472701999358833 ], [ 319046.988087999983691, 6400256.63484999909997 ], [ 319049.893035999964923, 6400245.11470399890095 ], [ 319006.238103999989107, 6400234.036021999083459 ], [ 318999.77293599996483, 6400259.502777999266982 ] ] ] ] } },
{ "type": "Feature", "properties": { "B_ID": 206430.0 }, "geometry": { "type": "MultiPolygon", "coordinates": [ [ [ [ 318730.480083999980707, 6399866.118653999641538 ], [ 318721.447863999987021, 6399875.105145999230444 ], [ 318752.08012, 6399905.913933998905122 ], [ 318752.847910000011325, 6399905.178689999505877 ], [ 318758.002876000013202, 6399903.736785999499261 ], [ 318774.655882, 6399920.417931999079883 ], [ 318777.575878, 6399917.761207999661565 ], [ 318780.9521020000102, 6399921.152381999418139 ], [ 318781.630972000013571, 6399920.459219999611378 ], [ 318744.697024, 6399883.315899998880923 ], [ 318746.144026, 6399881.877171999774873 ], [ 318730.480083999980707, 6399866.118653999641538 ] ] ] ] } },
{ "type": "Feature", "properties": { "B_ID": 206465.0 }, "geometry": { "type": "MultiPolygon", "coordinates": [ [ [ [ 319013.971066, 6399736.186905999667943 ], [ 319000.336894, 6399732.790967999026179 ], [ 318999.725056, 6399733.777115999720991 ], [ 318984.431842, 6399730.180295999161899 ], [ 318984.378831999958493, 6399730.948887999169528 ], [ 318983.957146, 6399730.82502399943769 ], [ 318982.593934, 6399736.344911999069154 ], [ 318986.9188659999636, 6399737.434279999695718 ], [ 318986.466058, 6399739.228719999082386 ], [ 318986.602857999969274, 6399740.233129999600351 ], [ 318986.974953999975696, 6399740.770667999051511 ], [ 318987.682893999968655, 6399741.097001999616623 ], [ 318988.759851999988314, 6399741.405073999427259 ], [ 318989.482840000011493, 6399741.263741998933256 ], [ 318989.985921999963466, 6399740.958051999099553 ], [ 318990.626829999964684, 6399740.039393999613822 ], [ 318990.916846, 6399738.881741999648511 ], [ 318993.009886000014376, 6399739.40975199919194 ], [ 318991.346055999980308, 6399746.039651999250054 ], [ 318980.721142, 6399743.929993999190629 ], [ 318979.390077999967616, 6399749.322047999128699 ], [ 319011.106131999986246, 6399756.954769999720156 ], [ 319015.567863999982364, 6399739.026249999180436 ], [ 319014.220042, 6399736.62916399911046 ], [ 319013.971066, 6399736.186905999667943 ] ], [ [ 318998.989071999967564, 6399749.098139999434352 ], [ 319000.37006799998926, 6399743.836301999166608 ], [ 319005.923122, 6399745.295673999004066 ], [ 319004.546914, 6399750.558305999264121 ], [ 318998.989071999967564, 6399749.098139999434352 ] ] ] ] } },
{ "type": "Feature", "properties": { "B_ID": 207007.0 }, "geometry": { "type": "MultiPolygon", "coordinates": [ [ [ [ 319206.292030000011437, 6400395.576909999363124 ], [ 319212.468891999975313, 6400370.426959998905659 ], [ 319189.98888999997871, 6400365.1913239993155 ], [ 319184.775099999969825, 6400388.227645999751985 ], [ 319186.638999999966472, 6400391.194823998957872 ], [ 319206.292030000011437, 6400395.576909999363124 ] ] ] ] } },
{ "type": "Feature", "properties": { "B_ID": 207009.0 }, "geometry": { "type": "MultiPolygon", "coordinates": [ [ [ [ 319236.132898000010755, 6400401.180167999118567 ], [ 319239.571024, 6400385.87105399928987 ], [ 319225.212837999977637, 6400382.799067999236286 ], [ 319227.058954, 6400374.255627999082208 ], [ 319232.181088000012096, 6400350.754021999426186 ], [ 319231.333953999972437, 6400349.273211998865008 ], [ 319196.96705799998017, 6400341.624609999358654 ], [ 319196.355904, 6400343.565939999185503 ], [ 319195.20404799998505, 6400344.294831999577582 ], [ 319190.391081999987364, 6400365.255637999624014 ], [ 319206.820077999960631, 6400368.880247998982668 ], [ 319208.5441, 6400360.991857999004424 ], [ 319220.125929999980144, 6400363.744655999355018 ], [ 319218.20389, 6400372.276185999624431 ], [ 319216.295871999987867, 6400380.807715998962522 ], [ 319210.243840000010096, 6400379.376133998855948 ], [ 319206.363166, 6400395.334739998914301 ], [ 319218.381046, 6400398.07483399938792 ], [ 319218.158062, 6400399.234073999337852 ], [ 319221.05104, 6400399.835925999097526 ], [ 319221.278127999976277, 6400398.771965999156237 ], [ 319234.883914, 6400401.944789999164641 ], [ 319236.132898000010755, 6400401.180167999118567 ] ] ] ] } },
{ "type": "Feature", "properties": { "B_ID": 209063.0 }, "geometry": { "type": "MultiPolygon", "coordinates": [ [ [ [ 319010.699835999985225, 6399498.749145999550819 ], [ 318997.844056, 6399551.080891999416053 ], [ 319037.366944, 6399560.789923999458551 ], [ 319050.224091999989469, 6399508.458177999593318 ], [ 319010.699835999985225, 6399498.749145999550819 ] ] ] ] } },
{ "type": "Feature", "properties": { "B_ID": 210050.0 }, "geometry": { "type": "MultiPolygon", "coordinates": [ [ [ [ 318715.079139999987092, 6399850.245799999684095 ], [ 318705.859845999977551, 6399859.410941999405622 ], [ 318721.447863999987021, 6399875.105145999230444 ], [ 318730.664079999958631, 6399865.936033999547362 ], [ 318715.079139999987092, 6399850.245799999684095 ] ] ] ] } },
{ "type": "Feature", "properties": { "B_ID": 216239.0 }, "geometry": { "type": "MultiPolygon", "coordinates": [ [ [ [ 319564.145098, 6400209.719771998934448 ], [ 319562.871831999975257, 6400209.344209998846054 ], [ 319551.938091999967583, 6400206.515981999225914 ], [ 319546.095021999964956, 6400205.097897998988628 ], [ 319545.968140000011772, 6400205.68228199891746 ], [ 319540.742037999967579, 6400226.091257999651134 ], [ 319540.50503200001549, 6400226.179391999728978 ], [ 319539.718089999980293, 6400228.936159999109805 ], [ 319538.852829999988899, 6400229.446701999753714 ], [ 319535.95609, 6400240.705621999688447 ], [ 319535.810055999958422, 6400241.236013999208808 ], [ 319553.260948000010103, 6400246.455769998952746 ], [ 319564.145098, 6400209.719771998934448 ] ] ] ] } },
{ "type": "Feature", "properties": { "B_ID": 216808.0 }, "geometry": { "type": "MultiPolygon", "coordinates": [ [ [ [ 319338.997947999974713, 6399808.417879999615252 ], [ 319373.153146, 6399817.152673998847604 ], [ 319372.956154000014067, 6399812.722947998903692 ], [ 319377.03484599996591, 6399805.511045998893678 ], [ 319369.168162000016309, 6399801.649823999032378 ], [ 319368.89593, 6399802.354895999655128 ], [ 319344.202845999971032, 6399790.694211998954415 ], [ 319339.833111999963876, 6399805.684137999080122 ], [ 319338.997947999974713, 6399808.417879999615252 ] ] ] ] } },
{ "type": "Feature", "properties": { "B_ID": 230842.0 }, "geometry": { "type": "MultiPolygon", "coordinates": [ [ [ [ 318979.664019999967422, 6399532.070149999111891 ], [ 318977.005995999963488, 6399542.939215999096632 ], [ 318983.702013999980409, 6399544.57723799906671 ], [ 318986.360037999984343, 6399533.70896599907428 ], [ 318979.664019999967422, 6399532.070149999111891 ] ] ] ] } },
{ "type": "Feature", "properties": { "B_ID": 239276.0 }, "geometry": { "type": "MultiPolygon", "coordinates": [ [ [ [ 318576.941920000012033, 6399731.222817999310791 ], [ 318572.698042, 6399725.667199999094009 ], [ 318564.243117999983951, 6399732.121625998988748 ], [ 318568.486996, 6399737.678831999190152 ], [ 318576.941920000012033, 6399731.222817999310791 ] ] ] ] } },
{ "type": "Feature", "properties": { "B_ID": 246014.0 }, "geometry": { "type": "MultiPolygon", "coordinates": [ [ [ [ 319247.943868, 6399756.52362799923867 ], [ 319254.66793, 6399758.164031999185681 ], [ 319251.045124, 6399773.959073998965323 ], [ 319257.487036, 6399775.531193999573588 ], [ 319258.392994, 6399771.815273999236524 ], [ 319254.403905999963172, 6399770.841829999350011 ], [ 319257.812961999967229, 6399756.673693999648094 ], [ 319248.675064000010025, 6399753.530247999355197 ], [ 319247.943868, 6399756.52362799923867 ] ] ] ] } },
{ "type": "Feature", "properties": { "B_ID": 249863.0 }, "geometry": { "type": "MultiPolygon", "coordinates": [ [ [ [ 319000.507893999980297, 6400260.335683999583125 ], [ 318998.602954, 6400268.455921999178827 ], [ 319005.790083999978378, 6400270.142377999611199 ], [ 319007.69502400001511, 6400262.022933999076486 ], [ 319000.507893999980297, 6400260.335683999583125 ] ] ] ] } },
{ "type": "Feature", "properties": { "B_ID": 252598.0 }, "geometry": { "type": "MultiPolygon", "coordinates": [ [ [ [ 318812.375062, 6399523.177349999547005 ], [ 318811.062123999989126, 6399518.511011999100447 ], [ 318795.00214599998435, 6399523.206727999262512 ], [ 318796.388955999980681, 6399527.873859999701381 ], [ 318812.375062, 6399523.177349999547005 ] ] ] ] } },
{ "type": "Feature", "properties": { "B_ID": 253990.0 }, "geometry": { "type": "MultiPolygon", "coordinates": [ [ [ [ 319013.926947999978438, 6399913.261609999462962 ], [ 319047.756904, 6399921.854277999140322 ], [ 319052.571921999973711, 6399901.947109999135137 ], [ 319040.408008, 6399898.986283998936415 ], [ 319039.037956000014674, 6399904.210009999573231 ], [ 319037.940136, 6399904.899995999410748 ], [ 319037.455863999959547, 6399905.539959999732673 ], [ 319037.170977999980096, 6399906.623769999481738 ], [ 319022.156152000010479, 6399902.686323999427259 ], [ 319024.239957999961916, 6399894.744735999032855 ], [ 319026.81214, 6399895.383111999370158 ], [ 319027.935951999970712, 6399890.476191999390721 ], [ 319020.176998, 6399888.506277998909354 ], [ 319019.8969, 6399888.47928199917078 ], [ 319014.035020000010263, 6399912.774093999527395 ], [ 319013.926947999978438, 6399913.261609999462962 ] ] ] ] } },
{ "type": "Feature", "properties": { "B_ID": 256790.0 }, "geometry": { "type": "MultiPolygon", "coordinates": [ [ [ [ 318565.386081999982707, 6399725.644967999309301 ], [ 318565.832049999968149, 6399725.656083999201655 ], [ 318566.574873999983538, 6399725.684667998924851 ], [ 318567.954159999964759, 6399725.359921999275684 ], [ 318569.611833999981172, 6399724.685815999284387 ], [ 318570.99796, 6399723.732221999205649 ], [ 318571.915887999988627, 6399722.804829998873174 ], [ 318572.600914, 6399721.855999999679625 ], [ 318573.058851999987382, 6399720.995303999632597 ], [ 318573.422055999981239, 6399720.048855999484658 ], [ 318573.649143999966327, 6399719.15004799887538 ], [ 318573.766108000010718, 6399718.267913999035954 ], [ 318573.774999999965075, 6399717.226185998879373 ], [ 318573.723016, 6399716.637037998996675 ], [ 318573.561934, 6399715.772371998988092 ], [ 318573.388882, 6399715.167343999259174 ], [ 318573.234981999965385, 6399714.737789999693632 ], [ 318573.022942000010516, 6399714.248685999773443 ], [ 318572.948043999960646, 6399714.096237999387085 ], [ 318572.71411599998828, 6399713.6579499989748 ], [ 318572.478136, 6399713.276035998947918 ], [ 318572.268148, 6399712.971139999106526 ], [ 318571.844067999976687, 6399712.434395999647677 ], [ 318571.440850000013597, 6399712.003253999166191 ], [ 318571.279083999979775, 6399711.84604199975729 ], [ 318570.928876, 6399711.533999999053776 ], [ 318570.448023999982979, 6399711.163201998919249 ], [ 318570.038991999987047, 6399710.886095999740064 ], [ 318569.5, 6399710.578817998990417 ], [ 318569.177151999960188, 6399710.416047999635339 ], [ 318568.767094, 6399710.238191999495029 ], [ 318568.218867999967188, 6399710.042867999523878 ], [ 318567.746907999971882, 6399709.908681998960674 ], [ 318567.193893999967258, 6399709.787993999198079 ], [ 318566.065978, 6399709.669687999412417 ], [ 318565.316997999965679, 6399709.680803999304771 ], [ 318564.312885999970604, 6399709.803873999044299 ], [ 318563.345026, 6399710.053189999423921 ], [ 318561.908967999974266, 6399710.671715999022126 ], [ 318560.846031999972183, 6399711.382345999591053 ], [ 318560.220855999970809, 6399711.927029998973012 ], [ 318559.619962, 6399712.574933999218047 ], [ 318558.786166, 6399713.807221999391913 ], [ 318558.249910000013188, 6399715.003779998980463 ], [ 318558.0259, 6399715.757285999134183 ], [ 318557.892861999978777, 6399716.421069999225438 ], [ 318557.799154, 6399717.551725999452174 ], [ 318557.829933999979403, 6399718.395747999660671 ], [ 318557.976993999967817, 6399719.350135999731719 ], [ 318558.27385, 6399720.380747999064624 ], [ 318558.692116, 6399721.339105999097228 ], [ 318559.154841999989003, 6399722.119607998989522 ], [ 318559.785831999965012, 6399722.935839999467134 ], [ 318560.310117999964859, 6399723.478935998864472 ], [ 318560.820039999962319, 6399723.921193999238312 ], [ 318561.643917999987025, 6399724.496049999259412 ], [ 318562.271829999983311, 6399724.839057999663055 ], [ 318563.253028, 6399725.243203999474645 ], [ 318564.130941999959759, 6399725.482991999015212 ], [ 318565.110088000015821, 6399725.629881999455392 ], [ 318565.386081999982707, 6399725.644967999309301 ] ] ] ] } },
{ "type": "Feature", "properties": { "B_ID": 259820.0 }, "geometry": { "type": "MultiPolygon", "coordinates": [ [ [ [ 319155.855921999958809, 6400289.906625999137759 ], [ 319146.330879999964964, 6400291.443015999160707 ], [ 319148.470089999958873, 6400304.664703999646008 ], [ 319157.996157999965362, 6400303.129107999615371 ], [ 319155.855921999958809, 6400289.906625999137759 ] ] ] ] } },
{ "type": "Feature", "properties": { "B_ID": 260883.0 }, "geometry": { "type": "MultiPolygon", "coordinates": [ [ [ [ 319073.247874, 6400080.566143998876214 ], [ 319072.89698199997656, 6400081.965965999290347 ], [ 319072.194855999958236, 6400081.788903999142349 ], [ 319070.466046000015922, 6400088.668913999572396 ], [ 319080.2021020000102, 6400091.115227999165654 ], [ 319081.906971999967936, 6400084.327321999706328 ], [ 319081.256146, 6400084.163757999427617 ], [ 319081.629951999988407, 6400082.671831998974085 ], [ 319073.247874, 6400080.566143998876214 ] ] ] ] } },
{ "type": "Feature", "properties": { "B_ID": 263685.0 }, "geometry": { "type": "MultiPolygon", "coordinates": [ [ [ [ 318879.24085, 6399777.217649999074638 ], [ 318879.950158, 6399774.104375999420881 ], [ 318873.973024, 6399771.604863999411464 ], [ 318871.137844000011683, 6399778.564273999072611 ], [ 318867.713056, 6399777.092991999350488 ], [ 318866.666877999959979, 6399779.49484199937433 ], [ 318869.544124, 6399782.693867999128997 ], [ 318867.439114, 6399788.043045999482274 ], [ 318871.977112, 6399789.808901999145746 ], [ 318874.556134000013117, 6399783.506129999645054 ], [ 318874.790061999985483, 6399783.599821999669075 ], [ 318879.24085, 6399777.217649999074638 ] ] ] ] } },
{ "type": "Feature", "properties": { "B_ID": 274776.0 }, "geometry": { "type": "MultiPolygon", "coordinates": [ [ [ [ 318883.999095999985002, 6399642.907785999588668 ], [ 318895.824088, 6399637.441889999434352 ], [ 318893.911965999985114, 6399633.305149999447167 ], [ 318882.08697399997618, 6399638.771045999601483 ], [ 318883.999095999985002, 6399642.907785999588668 ] ] ] ] } },
{ "type": "Feature", "properties": { "B_ID": 278704.0 }, "geometry": { "type": "MultiPolygon", "coordinates": [ [ [ [ 319121.673022, 6400292.224311999045312 ], [ 319123.533843999961391, 6400285.498337998986244 ], [ 319115.616885999974329, 6400283.306103999726474 ], [ 319113.757089999970049, 6400290.036841999739408 ], [ 319121.673022, 6400292.224311999045312 ] ] ] ] } },
{ "type": "Feature", "properties": { "B_ID": 207010.0 }, "geometry": { "type": "MultiPolygon", "coordinates": [ [ [ [ 319268.820916, 6400407.680645999498665 ], [ 319278.823048, 6400363.18726799916476 ], [ 319232.385946, 6400351.709203999489546 ], [ 319229.061021999979857, 6400365.570061999373138 ], [ 319259.259963999968022, 6400373.021751998923719 ], [ 319259.495943999965675, 6400372.851835999637842 ], [ 319262.408073999977205, 6400373.47274399921298 ], [ 319261.437135999964084, 6400377.841331999748945 ], [ 319258.768852, 6400377.291883999481797 ], [ 319255.33996000001207, 6400392.228611999191344 ], [ 319255.637842, 6400390.873253999277949 ], [ 319239.621982000011485, 6400387.069993998855352 ], [ 319236.338097999978345, 6400400.293269999325275 ], [ 319252.661757999972906, 6400403.894059998914599 ], [ 319252.638844, 6400403.993309998884797 ], [ 319268.820916, 6400407.680645999498665 ] ] ] ] } },
{ "type": "Feature", "properties": { "B_ID": 215897.0 }, "geometry": { "type": "MultiPolygon", "coordinates": [ [ [ [ 319241.985885999980383, 6400410.38818599935621 ], [ 319224.353049999976065, 6400406.570633999072015 ], [ 319223.994975999987219, 6400407.699701999314129 ], [ 319224.343132, 6400406.330051999539137 ], [ 319197.287854, 6400400.463979999534786 ], [ 319197.514941999979783, 6400400.136851998977363 ], [ 319194.211905999982264, 6400399.380169998854399 ], [ 319194.088102, 6400400.344085999764502 ], [ 319182.97105, 6400397.800903999246657 ], [ 319173.874875999987125, 6400438.95233599934727 ], [ 319174.808878000010736, 6400440.434733998961747 ], [ 319218.013395999965724, 6400444.493661999702454 ], [ 319218.012027999968268, 6400444.502395999617875 ], [ 319235.734125999966636, 6400446.401643998920918 ], [ 319241.985885999980383, 6400410.38818599935621 ] ], [ [ 319200.343966000014916, 6400418.240051999688148 ], [ 319210.55403399997158, 6400420.018611999228597 ], [ 319209.11695, 6400428.265095999464393 ], [ 319198.84498, 6400427.391695999540389 ], [ 319200.343966000014916, 6400418.240051999688148 ] ] ] ] } },
{ "type": "Feature", "properties": { "B_ID": 216360.0 }, "geometry": { "type": "MultiPolygon", "coordinates": [ [ [ [ 319394.264464, 6400365.762209999375045 ], [ 319419.60598, 6400371.710063999518752 ], [ 319438.892043999978341, 6400287.647695999592543 ], [ 319513.925133999960963, 6400304.594831999391317 ], [ 319514.67514, 6400300.879705999046564 ], [ 319533.996088000014424, 6400305.177627999335527 ], [ 319536.07202799996594, 6400295.720293999649584 ], [ 319521.186135999974795, 6400292.068687999621034 ], [ 319526.149923999968451, 6400270.792663998901844 ], [ 319498.857981999986805, 6400264.616931999102235 ], [ 319494.013893999974243, 6400285.800057998858392 ], [ 319477.673133999982383, 6400281.880079999566078 ], [ 319482.645129999960773, 6400260.691395998932421 ], [ 319457.554983999987599, 6400254.750687999650836 ], [ 319452.604875999968499, 6400276.099759999662638 ], [ 319434.570873999968171, 6400271.917761999182403 ], [ 319445.422191999969073, 6400225.507667999714613 ], [ 319486.424913999973796, 6400235.743915999308228 ], [ 319486.97587600001134, 6400234.51797999907285 ], [ 319494.498849999974482, 6400228.858347998932004 ], [ 319494.911985999962781, 6400227.352129999548197 ], [ 319494.9349, 6400227.260819999501109 ], [ 319457.472903999965638, 6400218.166343999095261 ], [ 319457.821059999987483, 6400216.629953999072313 ], [ 319450.300138, 6400214.967317999340594 ], [ 319450.035088, 6400216.259949998930097 ], [ 319447.923921999987215, 6400215.747819999232888 ], [ 319437.959067999967374, 6400213.311033999547362 ], [ 319437.953595999977551, 6400213.330089999362826 ], [ 319435.659118000010494, 6400212.772701999172568 ], [ 319435.892019999970216, 6400211.442751999013126 ], [ 319423.977082, 6400208.507333999499679 ], [ 319423.694932000013068, 6400209.635607999749482 ], [ 319379.192866, 6400198.808623999357224 ], [ 319379.149089999962598, 6400199.007123999297619 ], [ 319378.862152000016067, 6400200.071083999238908 ], [ 319370.830965999979526, 6400205.910953999496996 ], [ 319370.551893999974709, 6400207.190881999209523 ], [ 319435.265133999986574, 6400223.437709999270737 ], [ 319424.834134, 6400269.470653999596834 ], [ 319409.543997999979183, 6400265.993727999739349 ], [ 319413.777957999962382, 6400247.064767999574542 ], [ 319394.029167999979109, 6400242.376991999335587 ], [ 319389.713127999973949, 6400261.228933999314904 ], [ 319374.341938, 6400257.832995999604464 ], [ 319378.731849999981932, 6400238.739677999168634 ], [ 319358.802142, 6400234.298041999340057 ], [ 319354.433091999962926, 6400253.072171999141574 ], [ 319339.640908, 6400249.66591199953109 ], [ 319337.46784, 6400259.205027999356389 ], [ 319351.462138, 6400262.551737999543548 ], [ 319350.475126, 6400266.435985999181867 ], [ 319413.967084, 6400281.460847998969257 ], [ 319394.264464, 6400365.762209999375045 ] ] ] ] } },
{ "type": "Feature", "properties": { "B_ID": 216361.0 }, "geometry": { "type": "MultiPolygon", "coordinates": [ [ [ [ 319394.264464, 6400365.762209999375045 ], [ 319391.991874, 6400375.476005999371409 ], [ 319391.850969999970403, 6400376.085797999054193 ], [ 319390.220998, 6400383.754249999299645 ], [ 319398.795963999989908, 6400385.782919999212027 ], [ 319398.304851999972016, 6400387.80523799918592 ], [ 319406.392125999962445, 6400389.687811999581754 ], [ 319406.802868, 6400387.671051999554038 ], [ 319415.291992000013124, 6400389.61476399935782 ], [ 319417.314922, 6400381.69064399972558 ], [ 319417.381953999982215, 6400381.389717998914421 ], [ 319419.596061999967787, 6400371.710063999518752 ], [ 319394.264464, 6400365.762209999375045 ] ] ] ] } },
{ "type": "Feature", "properties": { "B_ID": 293927.0 }, "geometry": { "type": "MultiPolygon", "coordinates": [ [ [ [ 319506.016041999973822, 6399932.882143999449909 ], [ 319504.564935999980662, 6399938.979269999079406 ], [ 319511.003085999982432, 6399940.584737999364734 ], [ 319512.478131999960169, 6399934.510637999512255 ], [ 319506.016041999973822, 6399932.882143999449909 ] ] ] ] } },
{ "type": "Feature", "properties": { "B_ID": 299407.00000000006 }, "geometry": { "type": "MultiPolygon", "coordinates": [ [ [ [ 318908.892934, 6399812.371205999515951 ], [ 318903.843988, 6399813.216021999716759 ], [ 318905.723961999989115, 6399825.637357999570668 ], [ 318908.130957999965176, 6399825.360251999460161 ], [ 318908.892934, 6399812.371205999515951 ] ] ] ] } },
{ "type": "Feature", "properties": { "B_ID": 427736.0 }, "geometry": { "type": "MultiPolygon", "coordinates": [ [ [ [ 319022.630163999972865, 6399847.146817998960614 ], [ 319024.956106, 6399847.708969999104738 ], [ 319025.304945999989286, 6399845.739849999547005 ], [ 319025.832994, 6399845.473859999328852 ], [ 319026.082996000011917, 6399845.316647998988628 ], [ 319026.32308, 6399845.14514399971813 ], [ 319026.550852000014856, 6399844.95934799965471 ], [ 319026.768021999974735, 6399844.759259999729693 ], [ 319026.971854, 6399844.544879999011755 ], [ 319027.162006, 6399844.320177999325097 ], [ 319027.338135999976657, 6399844.082771999761462 ], [ 319027.498876, 6399843.835837999358773 ], [ 319027.644909999973606, 6399843.580169999040663 ], [ 319027.887045999988914, 6399843.041837999597192 ], [ 319027.983147999970242, 6399842.763143999502063 ], [ 319028.061124, 6399842.478097999468446 ], [ 319028.120973999961279, 6399842.189875999465585 ], [ 319028.164065999968443, 6399841.897683999501169 ], [ 319028.188006000011228, 6399841.603903999552131 ], [ 319028.194846, 6399841.309329999610782 ], [ 319028.182876, 6399841.013961999677122 ], [ 319028.152095999976154, 6399840.720975999720395 ], [ 319028.10387399996398, 6399840.430371999740601 ], [ 319028.037867999984883, 6399840.14214999973774 ], [ 319027.954077999980655, 6399839.860279999673367 ], [ 319027.734856, 6399839.31162599939853 ], [ 319027.600107999984175, 6399839.049605999141932 ], [ 319027.448944, 6399838.796319999732077 ], [ 319027.283073999977205, 6399838.551767999306321 ], [ 319027.10284, 6399838.319125999696553 ], [ 319026.9079, 6399838.098393999040127 ], [ 319026.698938000015914, 6399837.887189999222755 ], [ 319027.049146, 6399835.918069999665022 ], [ 319024.764927999989595, 6399835.38132599927485 ], [ 319022.630163999972865, 6399847.146817998960614 ] ] ] ] } },
{ "type": "Feature", "properties": { "B_ID": 435980.0 }, "geometry": { "type": "MultiPolygon", "coordinates": [ [ [ [ 319428.923085999966133, 6400398.840249999426305 ], [ 319432.343086, 6400385.195359999313951 ], [ 319417.314922, 6400381.69064399972558 ], [ 319415.294043999980204, 6400389.617145999334753 ], [ 319414.132953999971505, 6400395.433195998892188 ], [ 319428.923085999966133, 6400398.840249999426305 ] ] ] ] } },
{ "type": "Feature", "properties": { "B_ID": 435931.00000000006 }, "geometry": { "type": "MultiPolygon", "coordinates": [ [ [ [ 319599.826983999984805, 6399984.454825999215245 ], [ 319603.551021999970544, 6399992.91013199929148 ], [ 319610.717973999970127, 6399989.753187999129295 ], [ 319606.993935999984387, 6399981.297881999053061 ], [ 319599.826983999984805, 6399984.454825999215245 ] ] ] ] } },
{ "type": "Feature", "properties": { "B_ID": 435948.99999999994 }, "geometry": { "type": "MultiPolygon", "coordinates": [ [ [ [ 319194.100072, 6400079.822165999561548 ], [ 319195.815886, 6400072.511807999573648 ], [ 319191.176998, 6400071.423233998939395 ], [ 319189.460158, 6400078.732797998934984 ], [ 319194.100072, 6400079.822165999561548 ] ] ] ] } },
{ "type": "Feature", "properties": { "B_ID": 444175.00000000006 }, "geometry": { "type": "MultiPolygon", "coordinates": [ [ [ [ 318530.42205399996601, 6399663.821745999157429 ], [ 318544.870869999984279, 6399682.683215999044478 ], [ 318546.452961999981198, 6399681.546207998879254 ], [ 318549.291903999983333, 6399685.392343998886645 ], [ 318550.349026000010781, 6399684.841307999566197 ], [ 318563.846055999980308, 6399702.380767999216914 ], [ 318568.106007999973372, 6399698.787123999558389 ], [ 318568.51914399996167, 6399697.50719599891454 ], [ 318569.051979999989271, 6399697.346013999544084 ], [ 318568.249989999982063, 6399694.955279999412596 ], [ 318559.293009999964852, 6399672.920985999517143 ], [ 318554.789896, 6399662.158315999433398 ], [ 318554.38701999996556, 6399661.469123999588192 ], [ 318553.942078, 6399660.80772199947387 ], [ 318553.458148, 6399660.174109999090433 ], [ 318552.935913999972399, 6399659.570669999346137 ], [ 318552.378112, 6399659.001371999271214 ], [ 318551.787136, 6399658.467009998857975 ], [ 318551.164011999964714, 6399657.969171999022365 ], [ 318550.512159999983851, 6399657.511033999733627 ], [ 318549.831921999983024, 6399657.093389999121428 ], [ 318549.129112, 6399656.717033999040723 ], [ 318548.404072, 6399656.385141999460757 ], [ 318547.660906, 6399656.097713999450207 ], [ 318546.900982, 6399655.856337998993695 ], [ 318546.127035999961663, 6399655.661807999014854 ], [ 318545.343856, 6399655.514917999505997 ], [ 318544.553152, 6399655.415667999535799 ], [ 318543.756975999975111, 6399655.365645999088883 ], [ 318542.95908999996027, 6399655.364851999096572 ], [ 318542.158125999965705, 6399655.411697999574244 ], [ 318541.388968000013847, 6399655.506183999590576 ], [ 318540.620835999958217, 6399655.645927999168634 ], [ 318539.861937999958172, 6399655.830929999239743 ], [ 318539.11603599996306, 6399656.061983998864889 ], [ 318538.384840000013355, 6399656.335913999006152 ], [ 318537.671085999987554, 6399656.651925999671221 ], [ 318536.977168000012171, 6399657.010813998989761 ], [ 318536.306164, 6399657.410195998847485 ], [ 318535.659099999989849, 6399657.849277999252081 ], [ 318535.04008, 6399658.324089999310672 ], [ 318534.450130000011995, 6399658.836219999007881 ], [ 318533.890959999989718, 6399659.381697999313474 ], [ 318533.372145999979693, 6399659.951789999380708 ], [ 318530.42205399996601, 6399663.821745999157429 ] ] ] ] } },
{ "type": "Feature", "properties": { "B_ID": 452658.0 }, "geometry": { "type": "MultiPolygon", "coordinates": [ [ [ [ 319517.444998, 6399855.652145999483764 ], [ 319513.650849999976344, 6399861.553153999149799 ], [ 319519.738107999961358, 6399866.067837999202311 ], [ 319520.763081999961287, 6399866.040841999463737 ], [ 319525.555869999981951, 6399861.668283998966217 ], [ 319524.864003999973647, 6399860.910013998858631 ], [ 319525.148890000011306, 6399860.65196399949491 ], [ 319522.484025999961887, 6399858.269169999286532 ], [ 319520.84995, 6399857.056731998920441 ], [ 319520.358837999985553, 6399857.812619999051094 ], [ 319517.444998, 6399855.652145999483764 ] ] ] ] } },
{ "type": "Feature", "properties": { "B_ID": 453746.0 }, "geometry": { "type": "MultiPolygon", "coordinates": [ [ [ [ 318703.478842000011355, 6400081.938969999551773 ], [ 318742.794135999982245, 6400068.868935999460518 ], [ 318723.127083999977913, 6400049.392909999005497 ], [ 318700.310896, 6400072.406205999664962 ], [ 318703.478842000011355, 6400081.938969999551773 ] ] ] ] } },
{ "type": "Feature", "properties": { "B_ID": 454628.0 }, "geometry": { "type": "MultiPolygon", "coordinates": [ [ [ [ 318808.15102, 6399639.344313999637961 ], [ 318807.694107999966945, 6399641.423799999058247 ], [ 318811.459869999962393, 6399642.255911999382079 ], [ 318820.40317, 6399644.310783999040723 ], [ 318825.548902, 6399645.470817998982966 ], [ 318825.928864000015892, 6399643.566011999733746 ], [ 318820.820068, 6399642.414711999706924 ], [ 318821.152149999979883, 6399640.682997999712825 ], [ 318817.456155999971088, 6399639.896937998943031 ], [ 318817.142883999971673, 6399641.321373999118805 ], [ 318808.15102, 6399639.344313999637961 ] ] ] ] } },
{ "type": "Feature", "properties": { "B_ID": 454710.0 }, "geometry": { "type": "MultiPolygon", "coordinates": [ [ [ [ 319166.863875999988522, 6399652.932829999364913 ], [ 319174.194987999973819, 6399643.804211999289691 ], [ 319170.387844000011683, 6399640.749693999066949 ], [ 319163.057074000011198, 6399649.872753999195993 ], [ 319166.863875999988522, 6399652.932829999364913 ] ] ] ] } },
{ "type": "Feature", "properties": { "B_ID": 457480.99999999994 }, "geometry": { "type": "MultiPolygon", "coordinates": [ [ [ [ 318902.155876, 6399540.992327999323606 ], [ 318903.619978, 6399545.957209999673069 ], [ 318911.414157999970485, 6399543.657785999588668 ], [ 318909.951081999985036, 6399538.692903999239206 ], [ 318902.155876, 6399540.992327999323606 ] ] ] ] } },
{ "type": "Feature", "properties": { "B_ID": 457480.0 }, "geometry": { "type": "MultiPolygon", "coordinates": [ [ [ [ 318905.64496, 6399552.34493999928236 ], [ 318913.057126, 6399550.128091999329627 ], [ 318911.610124, 6399545.291043999604881 ], [ 318904.198983999958728, 6399547.507891999557614 ], [ 318905.64496, 6399552.34493999928236 ] ] ] ] } },
{ "type": "Feature", "properties": { "B_ID": 457590.0 }, "geometry": { "type": "MultiPolygon", "coordinates": [ [ [ [ 319241.773845999967307, 6400387.582123999483883 ], [ 319249.18601199996192, 6400389.340833999216557 ], [ 319249.530064, 6400388.859669999219477 ], [ 319250.731852, 6400386.937395999208093 ], [ 319251.741094, 6400384.906343999318779 ], [ 319252.545135999971535, 6400382.784775999374688 ], [ 319253.138164, 6400380.595717999152839 ], [ 319253.5171, 6400378.331229999661446 ], [ 319253.667922, 6400376.068329999223351 ], [ 319253.597128, 6400373.800665999762714 ], [ 319253.30403399997158, 6400371.552057999186218 ], [ 319245.621004000015091, 6400369.655985998921096 ], [ 319244.962995999958366, 6400370.715975998900831 ], [ 319243.80601, 6400372.92964799888432 ], [ 319242.870981999963988, 6400375.247333999723196 ], [ 319242.165094, 6400377.656329999677837 ], [ 319241.701, 6400380.111377999186516 ], [ 319241.48006799997529, 6400382.599773999303579 ], [ 319241.504007999959867, 6400385.097697999328375 ], [ 319241.773845999967307, 6400387.582123999483883 ] ] ] ] } },
{ "type": "Feature", "properties": { "B_ID": 454680.0 }, "geometry": { "type": "MultiPolygon", "coordinates": [ [ [ [ 318823.640884, 6399630.468981998972595 ], [ 318824.321805999963544, 6399627.169911999255419 ], [ 318831.070149999985006, 6399627.197701998986304 ], [ 318831.139917999971658, 6399617.943631999194622 ], [ 318828.610143999976572, 6399617.868995998986065 ], [ 318828.650841999973636, 6399614.989157998934388 ], [ 318825.633034, 6399614.943899999372661 ], [ 318825.477082, 6399621.573005999438465 ], [ 318825.682966, 6399611.794101999141276 ], [ 318816.465039999980945, 6399611.355813999660313 ], [ 318816.651087999984156, 6399619.903223998844624 ], [ 318816.596025999984704, 6399620.664669998921454 ], [ 318816.496845999965444, 6399621.307809999212623 ], [ 318816.009838, 6399622.283635999076068 ], [ 318810.063142, 6399626.240931998938322 ], [ 318811.536136, 6399628.471277999691665 ], [ 318812.535118, 6399628.437929999083281 ], [ 318813.149007999978494, 6399628.548295998945832 ], [ 318813.50708199996734, 6399628.806345999240875 ], [ 318813.919875999970827, 6399629.192229999229312 ], [ 318817.330984, 6399627.158795999363065 ], [ 318817.859032, 6399627.120683999732137 ], [ 318818.149048, 6399626.930917999707162 ], [ 318818.433933999971487, 6399626.783233999274671 ], [ 318818.734894, 6399626.704627999104559 ], [ 318819.111094, 6399626.687953999266028 ], [ 318819.553984, 6399626.764177999459207 ], [ 318819.862126, 6399626.857075999490917 ], [ 318820.100841999985278, 6399626.973793999291956 ], [ 318820.332033999962732, 6399627.13100599963218 ], [ 318820.721914, 6399627.50418599974364 ], [ 318820.835115999972913, 6399627.736827999353409 ], [ 318820.884022000012919, 6399628.260073998942971 ], [ 318820.850164, 6399628.694391999393702 ], [ 318820.782106, 6399629.247809999622405 ], [ 318823.640884, 6399630.468981998972595 ] ] ] ] } }
]
}
